id,dur,proto,service,state,spkts,dpkts,sbytes,dbytes,rate,sttl,dttl,sload,dload,sloss,dloss,sinpkt,dinpkt,sjit,djit,swin,stcpb,dtcpb,dwin,tcprtt,synack,ackdat,smean,dmean,trans_depth,response_body_len,ct_srv_src,ct_state_ttl,ct_dst_ltm,ct_src_dport_ltm,ct_dst_sport_ltm,ct_dst_src_ltm,is_ftp_login,ct_ftp_cmd,ct_flw_http_mthd,ct_src_ltm,ct_srv_dst,is_sm_ips_ports,attack_cat,label,predicted_idx,predicted_attack_cat
38667,1.292678,tcp,ftp,FIN,52,54,2934,3740,81.226725,31,29,17811.08594,22718.72852,11,15,25.340315,24.37966,2032.399964,67.804586,255,1861926481,1972779139,255,0.000703,0.000548,0.000155,56,69,0,0,1,0,5,1,1,4,1,1,0,7,1,0,Normal,0,3,Exploits
56461,7e-06,udp,dns,INT,2,0,114,0,142857.1409,254,0,65142856.0,0.0,0,0,0.007,0.0,0.0,0.0,0,0,0,0,0.0,0.0,0.0,57,0,0,0,10,2,4,5,4,4,0,0,0,5,4,0,Generic,1,3,Exploits
16267,1e-05,udp,dns,INT,2,0,114,0,100000.0025,254,0,45600000.0,0.0,0,0,0.01,0.0,0.0,0.0,0,0,0,0,0.0,0.0,0.0,57,0,0,0,51,2,23,23,13,51,0,0,0,23,51,0,Generic,1,3,Exploits
75604,0.0,arp,-,INT,1,0,46,0,0.0,0,0,0.0,0.0,0,0,60000.752,0.0,0.0,0.0,0,0,0,0,0.0,0.0,0.0,46,0,0,0,1,2,1,1,1,1,0,0,0,1,1,1,Normal,0,3,Exploits
11201,0.189998,tcp,-,FIN,10,6,1460,268,78.948199,254,252,55326.89844,9431.677734,2,1,19.378444,36.389602,1025.97562,60.734199,255,190656160,3729297770,255,0.057777,0.008046,0.049731,146,45,0,0,1,1,1,1,1,1,0,0,0,1,1,0,Exploits,1,3,Exploits
21825,8e-06,udp,dns,INT,2,0,114,0,125000.0003,254,0,57000000.0,0.0,0,0,0.008,0.0,0.0,0.0,0,0,0,0,0.0,0.0,0.0,57,0,0,0,24,2,18,18,18,24,0,0,0,19,24,0,Generic,1,3,Exploits
28686,0.018855,tcp,-,FIN,16,18,1540,1644,1750.198894,31,29,612675.6875,658923.375,4,4,1.2362,1.077,74.172985,2.182503,255,1379963200,1384679756,255,0.000676,0.000543,0.000133,96,91,0,0,7,0,7,6,1,6,0,0,0,9,11,0,Normal,0,3,Exploits
65458,0.558848,tcp,-,FIN,10,14,794,6798,41.156091,62,252,10235.34082,90371.61719,2,4,62.094222,38.441385,3779.376221,3149.359056,255,321857326,1523280552,255,0.121613,0.058328,0.063285,79,486,0,0,1,1,1,1,1,1,0,0,0,1,1,0,Exploits,1,3,Exploits
78820,2.020807,tcp,-,FIN,10,8,842,354,8.412481,254,252,3000.78125,1227.232422,2,1,224.534111,277.363156,14143.3215,402.60625,255,1316255462,3362912266,255,0.156175,0.077776,0.078399,84,44,0,0,1,1,1,1,1,1,0,0,0,1,2,0,Normal,0,3,Exploits
8318,9e-06,unas,-,INT,2,0,200,0,111111.1072,254,0,88888888.0,0.0,0,0,0.009,0.0,0.0,0.0,0,0,0,0,0.0,0.0,0.0,100,0,0,0,7,2,3,3,3,7,0,0,0,3,7,0,Exploits,1,3,Exploits
20353,9e-06,udp,dns,INT,2,0,114,0,111111.1072,254,0,50666664.0,0.0,0,0,0.009,0.0,0.0,0.0,0,0,0,0,0.0,0.0,0.0,57,0,0,0,16,2,13,13,13,16,0,0,0,14,16,0,Generic,1,3,Exploits
42909,1.116946,tcp,-,FIN,16,12,880,678,24.173058,254,252,5908.969727,4455.004883,4,4,74.463064,95.465727,4190.256929,159.577438,255,3756337194,540536891,255,0.115492,0.059452,0.05604,55,57,0,0,4,1,1,1,1,3,0,0,0,1,3,0,Normal,0,3,Exploits
66448,4.674321,tcp,-,REQ,4,0,180,0,0.641804,254,0,231.049591,0.0,3,0,1558.107,0.0,2203.48675,0.0,255,0,0,0,0.0,0.0,0.0,45,0,0,0,20,6,19,1,1,19,0,0,0,20,19,0,Normal,0,3,Exploits
29643,0.018385,tcp,-,FIN,16,18,1540,1644,1794.941477,31,29,628338.3125,675768.25,4,4,1.2016,1.053882,73.814082,2.019408,255,113397431,119287162,255,0.000585,0.000463,0.000122,96,91,0,0,9,0,7,6,1,7,0,0,0,11,8,0,Normal,0,3,Exploits
26388,0.338244,tcp,-,FIN,16,18,1540,1644,97.562709,31,29,34152.85938,36730.88281,4,4,22.524667,19.823705,1372.88293,35.270801,255,262419480,301409797,255,0.001421,0.001231,0.00019,96,91,0,0,14,0,5,5,1,5,0,0,0,7,13,0,Normal,0,3,Exploits
11271,2.223076,tcp,pop3,FIN,54,248,2424,304406,135.397974,62,252,8564.708984,1091025.125,7,122,41.944829,8.857675,2164.253007,956.616838,255,2549301961,3192208524,255,0.030255,0.015043,0.015212,45,1227,0,0,1,1,1,1,1,1,0,0,0,1,1,0,Exploits,1,3,Exploits
74303,1.462141,tcp,http,FIN,10,10,816,1156,12.994642,62,252,4021.499756,5695.756836,2,2,162.452333,146.060672,9914.8826,241.808078,255,1906168842,3857350311,255,0.208035,0.147593,0.060442,82,116,1,132,2,1,1,1,1,2,0,0,1,2,2,0,Normal,0,3,Exploits
27543,0.042971,tcp,-,FIN,72,74,4238,63878,3374.368754,31,29,778199.25,11731633.0,7,30,0.600746,0.579836,38.273006,40.298832,255,2241489195,96416416,255,0.000806,0.000631,0.000175,59,863,0,0,4,0,3,1,1,1,0,0,0,6,6,0,Normal,0,3,Exploits
17643,9e-06,udp,dns,INT,2,0,114,0,111111.1072,254,0,50666664.0,0.0,0,0,0.009,0.0,0.0,0.0,0,0,0,0,0.0,0.0,0.0,57,0,0,0,41,2,20,20,9,41,0,0,0,20,41,0,Generic,1,3,Exploits
39364,0.037927,tcp,-,FIN,84,86,4862,77276,4455.928293,31,29,1013525.938,16110527.0,7,36,0.452771,0.439918,23.706645,23.484981,255,1101794890,1120118547,255,0.000683,0.000527,0.000156,58,899,0,0,2,0,2,1,1,1,0,0,0,4,3,0,Normal,0,3,Exploits
61880,0.908077,tcp,-,FIN,12,8,1058,756,20.923336,254,252,8545.53125,5832.104492,3,2,82.50427,119.510289,4478.830994,185.914891,255,2802974842,3162288839,255,0.117208,0.071501,0.045707,88,95,0,0,4,1,1,1,1,1,0,0,0,1,4,0,Fuzzers,1,3,Exploits
45052,0.276434,tcp,-,FIN,10,6,484,268,54.262499,254,252,12617.83984,6482.560059,2,1,28.352667,46.543,1439.358078,68.410664,255,1519031522,2207059150,255,0.063804,0.043708,0.020096,48,45,0,0,13,1,2,2,1,2,0,0,0,2,13,0,Fuzzers,1,3,Exploits
5053,4e-06,unas,-,INT,2,0,200,0,250000.0006,254,0,200000000.0,0.0,0,0,0.004,0.0,0.0,0.0,0,0,0,0,0.0,0.0,0.0,100,0,0,0,4,2,3,3,3,4,0,0,0,3,4,0,Fuzzers,1,3,Exploits
51952,3e-06,pnni,-,INT,2,0,200,0,200000.0051,254,0,160000000.0,0.0,0,0,0.005,0.0,0.0,0.0,0,0,0,0,0.0,0.0,0.0,100,0,0,0,14,2,6,6,6,6,0,0,0,8,14,0,Exploits,1,3,Exploits
28570,30.983368,arp,-,CON,4,4,184,112,0.225928,0,0,35.632019,21.689056,0,0,15491.436,15491.436,15491.396,15491.406,0,0,0,0,0.0,0.0,0.0,46,28,0,0,2,0,2,2,2,2,0,0,0,2,2,0,Normal,0,3,Exploits
57120,1e-05,udp,-,INT,2,0,168,0,100000.0025,254,0,67200000.0,0.0,0,0,0.01,0.0,0.0,0.0,0,0,0,0,0.0,0.0,0.0,84,0,0,0,2,2,1,1,1,1,0,0,0,1,1,0,Reconnaissance,1,3,Exploits
53168,1.1e-05,unas,-,INT,2,0,200,0,90909.0902,254,0,72727272.0,0.0,0,0,0.011,0.0,0.0,0.0,0,0,0,0,0.0,0.0,0.0,100,0,0,0,11,2,2,2,2,2,0,0,0,5,11,0,Exploits,1,3,Exploits
18710,4e-06,udp,dns,INT,2,0,114,0,250000.0006,254,0,114000000.0,0.0,0,0,0.004,0.0,0.0,0.0,0,0,0,0,0.0,0.0,0.0,57,0,0,0,45,2,41,41,17,45,0,0,0,41,45,0,Generic,1,3,Exploits
69665,3e-06,udp,-,INT,2,0,196,0,333333.3215,254,0,261333328.0,0.0,0,0,0.003,0.0,0.0,0.0,0,0,0,0,0.0,0.0,0.0,98,0,0,0,6,2,5,5,1,6,0,0,0,22,6,0,Normal,0,3,Exploits
66658,0.0,arp,-,INT,1,0,46,0,0.0,0,0,0.0,0.0,0,0,60000.712,0.0,0.0,0.0,0,0,0,0,0.0,0.0,0.0,46,0,0,0,1,2,1,1,1,1,0,0,0,1,1,1,Normal,0,3,Exploits
48883,8e-06,unas,-,INT,2,0,200,0,125000.0003,254,0,100000000.0,0.0,0,0,0.008,0.0,0.0,0.0,0,0,0,0,0.0,0.0,0.0,100,0,0,0,10,2,5,4,4,4,0,0,0,4,10,0,Exploits,1,3,Exploits
46345,0.735916,tcp,-,FIN,36,18,28032,1342,72.019087,62,252,296272.9375,13784.18164,15,5,21.026171,30.407706,1447.178639,1435.957439,255,2095547142,158429705,255,0.0,0.0,0.0,779,75,0,0,1,1,1,1,1,1,0,0,0,1,1,0,Exploits,1,3,Exploits
52886,5e-06,udp,dns,INT,2,0,114,0,200000.0051,254,0,91200000.0,0.0,0,0,0.005,0.0,0.0,0.0,0,0,0,0,0.0,0.0,0.0,57,0,0,0,13,2,7,7,3,7,0,0,0,7,13,0,Generic,1,3,Exploits
31283,0.001785,udp,-,CON,4,4,512,304,3921.568691,31,29,1721008.375,1021848.75,0,0,0.470333,0.216667,0.659499,0.297932,0,0,0,0,0.0,0.0,0.0,128,76,0,0,9,0,5,1,1,3,0,0,0,4,7,0,Normal,0,3,Exploits
34924,0.005572,tcp,-,FIN,18,18,4232,2456,6281.406976,31,29,5738693.5,3330940.5,7,7,0.307706,0.298,16.498583,0.376021,255,1601661538,1604974605,255,0.000624,0.000501,0.000123,235,136,0,0,5,0,10,1,1,3,0,0,0,3,14,0,Normal,0,3,Exploits
41230,0.561027,tcp,-,CON,6,2,998,86,12.477118,62,252,11863.95703,613.161255,2,1,112.2054,0.003,5651.447927,0.0,255,2401018720,967212869,255,0.245893,0.16383,0.082063,166,43,0,0,5,3,1,1,1,4,0,0,0,1,4,0,Normal,0,3,Exploits
14284,6e-06,udp,dns,INT,2,0,114,0,166666.6608,254,0,76000000.0,0.0,0,0,0.006,0.0,0.0,0.0,0,0,0,0,0.0,0.0,0.0,57,0,0,0,24,2,24,24,9,24,0,0,0,24,24,0,Generic,1,3,Exploits
40366,1.524594,tcp,-,FIN,10,10,608,646,12.462335,254,252,2875.519775,3053.927979,2,3,169.399333,152.887328,12504.34583,356.935625,255,3036981343,3191410569,255,0.142358,0.087858,0.0545,61,65,0,0,2,1,1,1,1,1,0,0,0,1,1,0,Normal,0,3,Exploits
69106,0.419858,tcp,-,FIN,10,6,2516,268,35.726364,254,252,43157.44922,4268.109375,2,1,43.966222,67.311,2321.293945,103.529813,255,3878033356,2832797526,255,0.168871,0.083294,0.085577,252,45,0,0,2,1,1,1,1,2,0,0,0,19,2,0,Normal,0,3,Exploits
65789,0.713755,tcp,-,FIN,20,20,2754,1694,54.640597,62,252,29332.19336,18045.4082,7,8,37.566051,35.041844,1795.599993,40.692301,255,277653718,3448687727,255,0.102371,0.04322,0.059151,138,85,0,0,4,1,1,1,1,1,0,0,0,1,1,0,Exploits,1,3,Exploits
57764,1.272488,tcp,-,FIN,116,34,132544,2288,117.093442,62,252,826110.75,13963.19629,55,8,11.065113,37.500333,1107.237326,1871.05821,255,3436305101,2674627809,255,0.062555,0.03427,0.028285,1143,67,0,0,1,1,1,1,1,1,0,0,0,1,1,0,Exploits,1,3,Exploits
43388,0.177298,tcp,-,FIN,10,6,756,268,84.603326,254,252,30727.92773,10107.27734,2,1,18.906889,33.905398,1002.926716,59.469437,255,1941571190,3801254046,255,0.053903,0.007764,0.046139,76,45,0,0,7,1,2,2,1,7,0,0,0,2,7,0,Normal,0,3,Exploits
42553,0.606499,tcp,-,FIN,10,6,534,268,24.732109,254,252,6344.610352,2954.662598,2,1,62.705444,102.856,3114.803907,149.447266,255,4292577288,2429090242,255,0.162343,0.092216,0.070127,53,45,0,0,3,1,2,1,1,3,0,0,0,2,3,0,Normal,0,3,Exploits
64060,4e-06,unas,-,INT,2,0,200,0,90909.0902,254,0,72727272.0,0.0,0,0,0.011,0.0,0.0,0.0,0,0,0,0,0.0,0.0,0.0,100,0,0,0,11,2,4,4,4,4,0,0,0,8,11,0,Exploits,1,3,Exploits
73942,0.227228,tcp,http,FIN,10,6,1526,268,66.012991,254,252,48374.32031,7886.352051,2,1,23.740444,39.148,1216.262525,57.458773,255,58818458,1164368772,255,0.085653,0.031487,0.054166,153,45,1,0,9,1,3,3,1,10,0,0,1,3,10,0,Normal,0,9,Worms
18829,3e-06,udp,dns,INT,2,0,114,0,333333.3215,254,0,152000000.0,0.0,0,0,0.003,0.0,0.0,0.0,0,0,0,0,0.0,0.0,0.0,57,0,0,0,29,2,19,19,10,29,0,0,0,19,29,0,Generic,1,3,Exploits
9406,0.413035,tcp,http,FIN,10,6,1206,268,36.316534,254,252,21034.53711,4338.615234,2,1,45.892778,80.256797,3118.07918,137.445266,255,597073499,2013623196,255,0.051774,0.011084,0.04069,121,45,1,0,1,1,1,1,1,1,0,0,1,1,1,0,Exploits,1,9,Worms
71638,1.016747,tcp,-,FIN,16,12,904,678,26.555279,254,252,6672.259766,4894.039551,4,4,67.783132,86.462547,3634.809524,128.345891,255,656324138,1873663455,255,0.116716,0.052776,0.06394,57,57,0,0,4,1,1,1,1,4,0,0,0,2,4,0,Normal,0,3,Exploits
38965,0.005349,tcp,ftp-data,FIN,14,6,8928,320,3552.065817,31,29,12400075.0,399326.9688,4,1,0.411462,0.9342,23.261432,1.561326,255,3538860733,3544845976,255,0.000709,0.000543,0.000166,638,53,0,0,2,0,2,1,1,2,0,0,0,2,8,0,Normal,0,3,Exploits
36629,2.877068,tcp,http,FIN,14,18,1684,10168,10.774858,31,29,4348.871582,26704.96484,3,5,221.286308,169.207235,18323.75368,16029.65052,255,3120608724,3165441357,255,0.000697,0.000541,0.000156,120,565,1,3924,3,0,1,1,1,1,0,0,1,1,4,0,Normal,0,3,Exploits
6010,1.903207,tcp,-,FIN,38,160,1880,193931,103.5095,62,252,7696.48291,810081.125,6,78,51.438025,11.615019,2483.590265,1165.271744,255,668543562,3858214406,255,0.076059,0.04404,0.032019,49,1212,0,0,1,1,1,1,1,1,0,0,0,1,1,0,Exploits,1,3,Exploits
78265,5e-06,udp,-,INT,2,0,78,0,200000.0051,254,0,62400000.0,0.0,0,0,0.005,0.0,0.0,0.0,0,0,0,0,0.0,0.0,0.0,39,0,0,0,8,2,2,2,1,5,0,0,0,2,5,0,Normal,0,3,Exploits
9273,0.362272,tcp,http,FIN,10,10,744,6174,52.446781,62,252,14795.5127,122714.4297,2,3,40.181,33.731444,2048.575346,1971.291475,255,3388174400,3688155861,255,0.075817,0.058684,0.017133,74,617,1,2649,1,1,1,1,1,1,0,0,1,1,1,0,Exploits,1,3,Exploits
23169,9e-06,udp,dns,INT,2,0,114,0,111111.1072,254,0,50666664.0,0.0,0,0,0.009,0.0,0.0,0.0,0,0,0,0,0.0,0.0,0.0,57,0,0,0,23,2,18,18,18,23,0,0,0,18,23,0,Generic,1,3,Exploits
17553,8e-06,udp,dns,INT,2,0,114,0,125000.0003,254,0,57000000.0,0.0,0,0,0.008,0.0,0.0,0.0,0,0,0,0,0.0,0.0,0.0,57,0,0,0,30,2,8,8,8,30,0,0,0,8,30,0,Generic,1,3,Exploits
78815,2.118946,tcp,-,FIN,10,8,844,354,8.022856,254,252,2869.351074,1170.393188,2,1,235.374444,285.473156,14634.73569,601.727938,255,623251860,2560514605,255,0.311191,0.120624,0.190567,84,44,0,0,3,1,1,1,1,1,0,0,0,1,4,0,Normal,0,3,Exploits
22307,4e-06,udp,dns,INT,2,0,114,0,250000.0006,254,0,114000000.0,0.0,0,0,0.004,0.0,0.0,0.0,0,0,0,0,0.0,0.0,0.0,57,0,0,0,22,2,22,22,22,22,0,0,0,22,22,0,Generic,1,3,Exploits
57851,0.198007,tcp,-,FIN,10,6,1008,268,75.754897,254,252,36685.57031,9050.18457,2,1,20.912444,34.816398,1230.215581,53.261293,255,719080926,1975254363,255,0.030915,0.023921,0.006994,101,45,0,0,1,1,1,1,1,1,0,0,0,1,1,0,Exploits,1,3,Exploits
64220,1e-06,udp,dns,INT,2,0,114,0,1000000.003,254,0,456000000.0,0.0,0,0,0.001,0.0,0.0,0.0,0,0,0,0,0.0,0.0,0.0,57,0,0,0,7,2,3,3,3,3,0,0,0,3,7,0,Generic,1,3,Exploits
26894,0.001036,udp,dns,CON,2,2,132,164,2895.752973,31,29,509652.5313,633204.625,0,0,0.01,0.008,0.0,0.0,0,0,0,0,0.0,0.0,0.0,66,82,0,0,3,0,3,1,1,1,0,0,0,3,1,0,Normal,0,3,Exploits
51208,4e-06,unas,-,INT,2,0,200,0,125000.0003,254,0,100000000.0,0.0,0,0,0.008,0.0,0.0,0.0,0,0,0,0,0.0,0.0,0.0,100,0,0,0,14,2,6,6,6,6,0,0,0,9,14,0,Exploits,1,3,Exploits
38210,1.432604,tcp,-,FIN,24,20,2158,1918,30.015274,31,29,11553.78613,10180.06445,6,5,62.287127,75.364213,0.0,5158.644569,255,1145284658,1145546677,255,0.000709,0.000546,0.000163,90,96,0,0,10,0,3,1,1,1,0,0,0,3,6,0,Normal,0,3,Exploits
35241,0.001036,udp,dns,CON,2,2,146,178,2895.752973,31,29,563706.5625,687258.6875,0,0,0.011,0.008,0.0,0.0,0,0,0,0,0.0,0.0,0.0,73,89,0,0,4,0,1,2,1,1,0,0,0,2,2,0,Normal,0,3,Exploits
18545,9e-06,udp,dns,INT,2,0,114,0,111111.1072,254,0,50666664.0,0.0,0,0,0.009,0.0,0.0,0.0,0,0,0,0,0.0,0.0,0.0,57,0,0,0,37,2,37,37,22,37,0,0,0,37,37,0,Generic,1,3,Exploits
30074,1.174854,tcp,ssh,FIN,100,102,14512,17238,171.085082,31,29,97830.02344,116228.9063,22,32,11.867212,11.62504,815.232838,809.905743,255,3000832807,855741971,255,0.000748,0.000587,0.000161,145,169,0,0,1,0,7,1,1,2,0,0,0,4,1,0,Normal,0,3,Exploits
48031,1.1e-05,udp,dns,INT,2,0,114,0,90909.0902,254,0,41454544.0,0.0,0,0,0.011,0.0,0.0,0.0,0,0,0,0,0.0,0.0,0.0,57,0,0,0,11,2,7,7,4,7,0,0,0,7,11,0,Generic,1,3,Exploits
15023,8e-06,udp,dns,INT,2,0,114,0,125000.0003,254,0,57000000.0,0.0,0,0,0.008,0.0,0.0,0.0,0,0,0,0,0.0,0.0,0.0,57,0,0,0,36,2,32,32,20,36,0,0,0,33,36,0,Generic,1,3,Exploits
68727,0.550979,tcp,-,FIN,10,6,2516,268,27.224267,254,252,32886.91406,3252.392334,2,1,56.278222,96.671797,2916.98977,150.286453,255,2459480164,3265042661,255,0.13802,0.067615,0.070405,252,45,0,0,2,1,1,1,1,2,0,0,0,19,2,0,Normal,0,3,Exploits
66729,4e-06,udp,-,INT,2,0,104,0,250000.0006,254,0,104000000.0,0.0,0,0,0.004,0.0,0.0,0.0,0,0,0,0,0.0,0.0,0.0,52,0,0,0,5,2,2,2,1,4,0,0,0,4,4,0,Normal,0,3,Exploits
77375,1.015938,tcp,-,FIN,16,12,906,642,26.576424,254,252,6693.321777,4638.078125,5,3,65.122199,87.476367,3896.602074,122.217203,255,3947632852,1112680071,255,0.120631,0.053688,0.066943,57,54,0,0,5,1,1,1,1,5,0,0,0,1,5,0,Normal,0,3,Exploits
11584,1.886487,tcp,-,FIN,16,26,734,22436,21.733518,62,252,2921.833008,91488.57031,3,11,125.765796,69.191279,6673.458468,5726.674265,255,417435309,3647343038,255,0.263977,0.125487,0.13849,46,863,0,0,1,1,1,1,1,1,0,0,0,1,1,0,Exploits,1,3,Exploits
68830,7e-06,tcp,-,REQ,2,0,90,0,142857.1409,254,0,51428572.0,0.0,1,0,0.007,0.0,0.0,0.0,255,0,0,0,0.0,0.0,0.0,45,0,0,0,11,6,6,1,1,10,0,0,0,6,11,0,Normal,0,3,Exploits
70324,1.165798,tcp,-,FIN,10,8,534,354,14.582287,254,252,3300.743408,2127.29834,2,1,129.533111,155.410719,9677.079939,238.094188,255,320744078,3781038542,255,0.096195,0.062963,0.033232,53,44,0,0,3,1,1,1,1,2,0,0,0,1,3,0,Normal,0,3,Exploits
2311,3e-06,udp,-,INT,2,0,168,0,333333.3215,254,0,224000000.0,0.0,0,0,0.003,0.0,0.0,0.0,0,0,0,0,0.0,0.0,0.0,84,0,0,0,1,2,2,1,1,1,0,0,0,1,1,0,Reconnaissance,1,3,Exploits
30317,0.897033,tcp,ssh,FIN,70,62,12472,12820,146.036995,31,29,109641.4531,112495.3047,17,17,13.000479,14.693246,752.449243,801.359663,255,3287739710,1138455499,255,0.000755,0.000596,0.000159,178,207,0,0,1,0,2,1,1,1,0,0,0,2,2,0,Normal,0,3,Exploits
63656,2.102171,tcp,-,FIN,18,18,1016,2952,16.649455,62,252,3653.365967,10609.98438,6,7,123.657118,119.438414,7089.707195,180.013234,255,3647009496,837711540,255,0.158704,0.070758,0.087946,56,164,0,0,2,1,1,1,1,1,0,0,0,6,1,0,Exploits,1,3,Exploits
82240,0.670568,tcp,-,FIN,10,6,756,268,22.369096,254,252,8124.456055,2672.361328,2,1,69.314111,109.290203,3794.25515,171.802344,255,2874321609,134985815,255,0.174738,0.124115,0.050623,76,45,0,0,2,1,2,1,1,2,0,0,0,1,2,0,Normal,0,3,Exploits
76150,8e-06,udp,-,INT,2,0,104,0,125000.0003,254,0,52000000.0,0.0,0,0,0.008,0.0,0.0,0.0,0,0,0,0,0.0,0.0,0.0,52,0,0,0,3,2,2,2,1,3,0,0,0,7,3,0,Normal,0,3,Exploits
77188,0.793967,tcp,-,FIN,14,12,3336,678,31.487454,254,252,31215.40234,6267.262695,4,4,60.98531,68.150727,3001.028977,78.722156,255,821899923,1309826331,255,0.088281,0.044302,0.043979,238,57,0,0,4,1,1,1,1,4,0,0,0,2,4,0,Normal,0,3,Exploits
24899,0.001029,udp,dns,CON,2,2,146,178,2915.451794,31,29,567541.3125,691933.875,0,0,0.006,0.006,0.0,0.0,0,0,0,0,0.0,0.0,0.0,73,89,0,0,3,0,1,1,1,1,0,0,0,5,2,0,Normal,0,3,Exploits
13568,1e-06,udp,dns,INT,2,0,114,0,1000000.003,254,0,456000000.0,0.0,0,0,0.001,0.0,0.0,0.0,0,0,0,0,0.0,0.0,0.0,57,0,0,0,34,2,26,26,12,34,0,0,0,26,34,0,Generic,1,3,Exploits
67270,5e-06,udp,-,INT,2,0,104,0,200000.0051,254,0,83200000.0,0.0,0,0,0.005,0.0,0.0,0.0,0,0,0,0,0.0,0.0,0.0,52,0,0,0,4,2,1,1,1,3,0,0,0,2,3,0,Normal,0,3,Exploits
38803,0.004458,udp,-,CON,4,4,568,312,1570.210874,31,29,764468.375,419919.25,0,0,1.194,1.022333,1.682207,1.435899,0,0,0,0,0.0,0.0,0.0,142,78,0,0,7,0,5,1,1,3,0,0,0,3,11,0,Normal,0,3,Exploits
72266,0.499282,tcp,-,FIN,10,6,594,268,30.043142,254,252,8572.30957,3589.154053,2,1,53.041778,86.920797,2844.49302,147.695188,255,1446770687,4026699441,255,0.108413,0.06467,0.043743,59,45,0,0,8,1,3,2,1,8,0,0,0,2,8,0,Normal,0,3,Exploits
21996,3e-06,udp,dns,INT,2,0,114,0,333333.3215,254,0,152000000.0,0.0,0,0,0.003,0.0,0.0,0.0,0,0,0,0,0.0,0.0,0.0,57,0,0,0,29,2,25,25,25,29,0,0,0,25,29,0,Generic,1,3,Exploits
69438,0.804247,tcp,http,FIN,10,8,846,1104,21.137784,62,252,7579.760742,9608.988281,2,2,89.360778,99.85743,4447.185687,154.745875,255,2571656743,2598115105,255,0.236189,0.1046,0.131589,85,138,1,131,4,1,1,1,1,3,0,0,1,1,3,0,Normal,0,3,Exploits
21185,6e-06,udp,dns,INT,2,0,114,0,166666.6608,254,0,76000000.0,0.0,0,0,0.006,0.0,0.0,0.0,0,0,0,0,0.0,0.0,0.0,57,0,0,0,36,2,14,13,13,36,0,0,0,13,36,0,Generic,1,3,Exploits
16124,2e-06,udp,dns,INT,2,0,114,0,500000.0013,254,0,228000000.0,0.0,0,0,0.002,0.0,0.0,0.0,0,0,0,0,0.0,0.0,0.0,57,0,0,0,25,2,15,15,15,25,0,0,0,15,25,0,Generic,1,3,Exploits
14944,5e-06,udp,dns,INT,2,0,114,0,200000.0051,254,0,91200000.0,0.0,0,0,0.005,0.0,0.0,0.0,0,0,0,0,0.0,0.0,0.0,57,0,0,0,33,2,33,33,18,33,0,0,0,33,33,0,Generic,1,3,Exploits
47933,4e-06,prm,-,INT,2,0,200,0,250000.0006,254,0,200000000.0,0.0,0,0,0.004,0.0,0.0,0.0,0,0,0,0,0.0,0.0,0.0,100,0,0,0,21,2,6,6,6,6,0,0,0,6,16,0,Exploits,1,3,Exploits
58962,1.1e-05,ttp,-,INT,2,0,200,0,100000.0025,254,0,80000000.0,0.0,0,0,0.01,0.0,0.0,0.0,0,0,0,0,0.0,0.0,0.0,100,0,0,0,10,2,4,4,4,4,0,0,0,4,10,0,DoS,1,3,Exploits
63533,1e-05,udp,dns,INT,2,0,114,0,100000.0025,254,0,45600000.0,0.0,0,0,0.01,0.0,0.0,0.0,0,0,0,0,0.0,0.0,0.0,57,0,0,0,14,2,7,7,3,7,0,0,0,7,14,0,Generic,1,3,Exploits
6265,9e-06,unas,-,INT,2,0,200,0,111111.1072,254,0,88888888.0,0.0,0,0,0.009,0.0,0.0,0.0,0,0,0,0,0.0,0.0,0.0,100,0,0,0,8,2,4,4,4,8,0,0,0,13,8,0,Exploits,1,3,Exploits
79313,1.11215,tcp,-,FIN,10,8,2530,354,15.285708,254,252,16379.08594,2229.915039,2,1,123.572222,138.532,7403.405411,209.674359,255,4011304712,2391208240,255,0.176271,0.08224,0.094031,253,44,0,0,3,1,1,1,1,3,0,0,0,1,3,0,Normal,0,3,Exploits
25908,0.220151,tcp,-,FIN,76,72,85672,3788,667.723495,29,31,3072254.75,135761.3594,33,1,2.935347,3.075268,156.298979,4.016229,255,178193820,51821024,255,0.0,0.0,0.0,1127,53,0,0,1,0,1,1,1,1,0,0,0,1,1,0,Normal,0,3,Exploits
75532,1.082826,tcp,-,FIN,14,12,774,642,23.087735,254,252,5312.025879,4351.576172,4,3,83.29431,92.182727,5359.052184,132.797672,255,340182413,3636718186,255,0.142574,0.04443,0.098144,55,54,0,0,3,1,1,1,1,3,0,0,0,23,3,0,Normal,0,3,Exploits
66052,8.613407,tcp,-,REQ,4,0,180,0,0.348294,254,0,125.385925,0.0,3,0,2871.13575,0.0,4060.39125,0.0,255,0,0,0,0.0,0.0,0.0,45,0,0,0,28,6,10,2,2,26,0,0,0,11,26,0,Normal,0,3,Exploits
69825,1.270973,tcp,-,FIN,60,16,68183,698,59.00991,254,252,422020.0,4122.825684,27,1,21.541915,83.034203,2443.251488,109.287711,255,2231456488,3685411007,255,0.083778,0.024746,0.059032,1136,44,1,0,5,1,1,1,1,1,0,0,1,4,1,0,Normal,0,3,Exploits
74562,1.141015,tcp,http,FIN,10,8,804,1152,14.899015,62,252,5076.182129,7067.391602,2,2,126.779444,151.854422,7497.868715,306.559281,255,1389319246,3299279585,255,0.118878,0.077355,0.041523,80,144,1,173,3,1,1,2,1,2,0,0,1,2,2,0,Normal,0,3,Exploits
36996,0.145831,tcp,-,FIN,84,86,4862,79882,1158.875655,31,29,263592.7813,4331260.0,7,36,1.751482,1.729464,98.850567,97.854354,255,2365640363,238647950,255,0.000753,0.000553,0.0002,58,929,0,0,7,0,5,1,1,3,0,0,0,7,3,0,Normal,0,3,Exploits
3435,0.160533,tcp,http,FIN,10,6,774,268,93.438735,254,252,34734.29297,11162.81445,2,1,17.317556,26.8454,985.967055,46.61173,255,4218615077,3869980222,255,0.044853,0.026297,0.018556,77,45,1,0,1,1,1,1,1,1,0,0,1,1,1,0,Exploits,1,9,Worms
24424,40.02314,tcp,-,FIN,317,652,16966,946900,24.186008,31,29,3380.644287,188980.2813,2,301,126.654462,61.47866,7319.560772,4883.728533,255,3955738642,1888750278,255,0.00067,0.000518,0.000152,54,1452,0,0,8,0,1,1,1,1,0,0,0,1,7,0,Normal,0,3,Exploits
22362,6e-06,udp,dns,INT,2,0,114,0,166666.6608,254,0,76000000.0,0.0,0,0,0.006,0.0,0.0,0.0,0,0,0,0,0.0,0.0,0.0,57,0,0,0,29,2,4,4,4,29,0,0,0,4,29,0,Generic,1,3,Exploits
48645,0.913548,tcp,http,FIN,10,10,1356,1960,20.798032,62,252,10692.37793,15447.46387,2,2,101.505333,88.981109,7228.940528,130.5735,255,3948437465,1044194216,255,0.148071,0.08248,0.065591,136,196,1,383,1,1,2,1,1,1,0,0,1,1,1,0,Generic,1,3,Exploits
8783,0.820677,tcp,-,FIN,10,10,608,646,23.151618,254,252,5341.931152,5673.364746,2,3,91.186333,75.722891,4848.635871,109.122148,255,3395144805,932193467,255,0.191786,0.119993,0.071793,61,65,0,0,3,1,1,1,1,2,0,0,0,2,2,0,Exploits,1,3,Exploits
21660,3e-06,udp,dns,INT,2,0,114,0,333333.3215,254,0,152000000.0,0.0,0,0,0.003,0.0,0.0,0.0,0,0,0,0,0.0,0.0,0.0,57,0,0,0,35,2,35,35,22,35,0,0,0,35,35,0,Generic,1,3,Exploits
60988,5e-06,udp,dns,INT,2,0,114,0,200000.0051,254,0,91200000.0,0.0,0,0,0.005,0.0,0.0,0.0,0,0,0,0,0.0,0.0,0.0,57,0,0,0,15,2,7,6,2,6,0,0,0,6,15,0,Generic,1,3,Exploits
4337,8e-06,sat-mon,-,INT,2,0,200,0,125000.0003,254,0,100000000.0,0.0,0,0,0.008,0.0,0.0,0.0,0,0,0,0,0.0,0.0,0.0,100,0,0,0,6,2,2,2,2,7,0,0,0,2,6,0,Analysis,1,3,Exploits
38707,0.006447,tcp,-,FIN,18,18,4232,2456,5428.881681,31,29,4959826.5,2878858.5,7,7,0.358412,0.347294,19.023554,0.500023,255,849281095,852457729,255,0.000671,0.000538,0.000133,235,136,0,0,13,0,5,1,1,3,0,0,0,4,7,0,Normal,0,3,Exploits
63498,1.1e-05,udp,dns,INT,2,0,114,0,90909.0902,254,0,41454544.0,0.0,0,0,0.011,0.0,0.0,0.0,0,0,0,0,0.0,0.0,0.0,57,0,0,0,15,2,7,7,3,7,0,0,0,7,15,0,Generic,1,3,Exploits
82102,1.207251,tcp,-,FIN,34,12,34230,526,37.274769,254,252,220163.0,3200.660156,14,1,36.583363,102.064367,3701.652711,121.706312,255,525221611,4022120471,255,0.100521,0.035202,0.065319,1007,44,0,0,1,1,1,1,1,1,0,0,0,1,1,0,Normal,0,3,Exploits
1286,1.1e-05,udp,-,INT,2,0,1064,0,90909.0902,254,0,386909088.0,0.0,0,0,0.011,0.0,0.0,0.0,0,0,0,0,0.0,0.0,0.0,532,0,0,0,28,2,14,14,1,28,0,0,0,14,28,0,Fuzzers,1,3,Exploits
34341,0.846593,tcp,ftp,FIN,52,54,2934,3742,124.026536,31,29,27196.06641,34708.53125,11,15,16.59347,15.962925,1415.215514,52.575586,255,509142008,510200158,255,0.001785,0.000554,0.001231,56,69,0,0,1,0,4,1,1,3,1,1,0,6,1,0,Normal,0,3,Exploits
52032,1.423972,tcp,ftp,FIN,64,20,68216,1026,58.287663,254,252,377260.2188,5477.635742,29,4,22.602731,71.457945,2231.315039,100.705313,255,3474406556,1274885800,255,0.114859,0.055025,0.059834,1066,51,0,0,2,1,1,1,1,1,0,0,0,1,2,0,Fuzzers,1,3,Exploits
45161,1.734,tcp,-,FIN,18,18,1030,3330,20.184545,62,252,4489.042969,14509.80371,6,7,102.0,96.984,5027.554746,112.370375,255,921696525,2877131101,255,0.132464,0.084653,0.047811,57,185,0,0,2,1,2,1,1,2,0,0,0,2,3,0,Exploits,1,3,Exploits
1901,8e-06,vmtp,-,INT,2,0,200,0,125000.0003,254,0,100000000.0,0.0,0,0,0.008,0.0,0.0,0.0,0,0,0,0,0.0,0.0,0.0,100,0,0,0,3,2,2,1,1,4,0,0,0,2,3,0,DoS,1,3,Exploits
69064,0.606126,tcp,-,FIN,10,6,2516,268,24.747329,254,252,29894.77344,2956.480957,2,1,65.790556,105.428797,3388.309096,165.608266,255,1751714665,3419918058,255,0.146819,0.078979,0.06784,252,45,0,0,3,1,2,2,1,3,0,0,0,2,3,0,Normal,0,3,Exploits
2450,9e-06,any,-,INT,2,0,200,0,111111.1072,254,0,88888888.0,0.0,0,0,0.009,0.0,0.0,0.0,0,0,0,0,0.0,0.0,0.0,100,0,0,0,6,2,2,2,2,6,0,0,0,2,6,0,DoS,1,3,Exploits
79132,2.480418,tcp,-,FIN,36,14,34706,1018,19.754735,254,252,108826.8203,3051.098633,15,2,72.950149,179.997078,7186.528438,241.414297,255,3234559397,3805667439,255,0.212959,0.140455,0.072504,964,73,0,0,7,1,5,1,1,5,0,0,0,5,5,0,Normal,0,3,Exploits
60915,4e-06,udp,-,INT,2,0,168,0,250000.0006,254,0,168000000.0,0.0,0,0,0.004,0.0,0.0,0.0,0,0,0,0,0.0,0.0,0.0,84,0,0,0,1,2,1,1,1,1,0,0,0,1,2,0,Reconnaissance,1,3,Exploits
13444,9e-06,udp,dns,INT,2,0,114,0,111111.1072,254,0,50666664.0,0.0,0,0,0.009,0.0,0.0,0.0,0,0,0,0,0.0,0.0,0.0,57,0,0,0,45,2,33,33,20,45,0,0,0,33,45,0,Generic,1,3,Exploits
16138,3e-06,udp,dns,INT,2,0,114,0,333333.3215,254,0,152000000.0,0.0,0,0,0.003,0.0,0.0,0.0,0,0,0,0,0.0,0.0,0.0,57,0,0,0,29,2,6,6,3,29,0,0,0,6,29,0,Generic,1,3,Exploits
34265,1.009856,tcp,http,FIN,14,18,1684,10168,30.697446,31,29,12389.88574,76082.13281,3,5,77.653538,59.373588,8766.155995,7674.523761,255,2417505205,2422739572,255,0.000633,0.000497,0.000136,120,565,1,3924,3,0,1,1,1,1,0,0,1,1,3,0,Normal,0,3,Exploits
80640,9e-06,udp,-,INT,2,0,104,0,111111.1072,254,0,46222220.0,0.0,0,0,0.009,0.0,0.0,0.0,0,0,0,0,0.0,0.0,0.0,52,0,0,0,5,2,1,1,1,2,0,0,0,2,2,0,Normal,0,3,Exploits
41960,0.0,arp,-,INT,1,0,46,0,0.0,0,0,0.0,0.0,0,0,60000.688,0.0,10.954514,0.0,0,0,0,0,0.0,0.0,0.0,46,0,0,0,2,2,2,2,2,2,0,0,0,2,2,1,Normal,0,3,Exploits
3290,9e-06,unas,-,INT,2,0,200,0,111111.1072,254,0,88888888.0,0.0,0,0,0.009,0.0,0.0,0.0,0,0,0,0,0.0,0.0,0.0,100,0,0,0,7,2,3,3,3,7,0,0,0,3,7,0,Exploits,1,3,Exploits
16535,9e-06,udp,dns,INT,2,0,114,0,111111.1072,254,0,50666664.0,0.0,0,0,0.009,0.0,0.0,0.0,0,0,0,0,0.0,0.0,0.0,57,0,0,0,34,2,4,4,4,34,0,0,0,4,34,0,Generic,1,3,Exploits
47662,1.1e-05,udp,dns,INT,2,0,114,0,90909.0902,254,0,41454544.0,0.0,0,0,0.011,0.0,0.0,0.0,0,0,0,0,0.0,0.0,0.0,57,0,0,0,14,2,7,7,4,7,0,0,0,8,14,0,Generic,1,3,Exploits
62300,7e-06,unas,-,INT,2,0,200,0,142857.1409,254,0,114285712.0,0.0,0,0,0.007,0.0,0.0,0.0,0,0,0,0,0.0,0.0,0.0,100,0,0,0,12,2,2,2,2,2,0,0,0,2,12,0,Analysis,1,3,Exploits
30364,0.50205,tcp,-,FIN,16,18,1540,1644,65.730507,31,29,23009.66211,24746.54102,4,4,33.444134,29.504646,2177.409033,53.648574,255,1889764550,1934422575,255,0.00062,0.00047,0.00015,96,91,0,0,8,0,7,4,1,7,0,0,0,10,5,0,Normal,0,3,Exploits
33240,0.001111,udp,dns,CON,2,2,146,178,2700.270121,31,29,525652.5625,640864.125,0,0,0.004,0.008,0.0,0.0,0,0,0,0,0.0,0.0,0.0,73,89,0,0,4,0,2,3,1,1,0,0,0,12,3,0,Normal,0,3,Exploits
80322,0.815378,tcp,http,FIN,10,8,836,1094,20.849225,62,252,7387.984375,9399.321289,2,2,90.580667,103.773141,4779.991936,174.672156,255,2700001451,3242877272,255,0.164392,0.088963,0.075429,84,137,1,140,6,1,2,2,2,6,0,0,4,2,6,0,Normal,0,3,Exploits
66793,9e-06,udp,-,INT,2,0,104,0,111111.1072,254,0,46222220.0,0.0,0,0,0.009,0.0,0.0,0.0,0,0,0,0,0.0,0.0,0.0,52,0,0,0,4,2,1,1,1,2,0,0,0,1,4,0,Normal,0,3,Exploits
73101,1.543623,tcp,-,FIN,10,8,888,354,11.013052,254,252,4146.090332,1606.609985,2,1,171.410889,204.875,9830.282165,390.369875,255,1905506113,2197543784,255,0.194157,0.109495,0.084662,89,44,0,0,2,1,2,2,2,2,0,0,0,3,3,0,Normal,0,3,Exploits
26970,0.0136,tcp,-,FIN,44,46,2766,24004,6544.11756,31,29,1590588.25,13813529.0,7,16,0.308093,0.296818,0.0,17.184573,255,3645737624,3656247946,255,0.000671,0.000537,0.000134,63,522,0,0,5,0,1,1,1,1,0,0,0,4,2,0,Normal,0,3,Exploits
79237,0.756688,tcp,-,FIN,14,6,8834,268,25.109424,254,252,86725.30469,2368.215088,4,1,58.206769,116.819602,3574.555263,196.504453,255,4073405784,2718794225,255,0.296001,0.171861,0.12414,631,45,0,0,4,1,2,1,1,5,0,0,0,2,4,0,Normal,0,3,Exploits
73022,1.479107,tcp,-,FIN,14,8,8834,354,14.197756,254,252,44367.30859,1676.687378,4,1,113.777464,189.702859,8564.326162,281.317563,255,3489647442,4078377817,255,0.136964,0.079941,0.057023,631,44,0,0,2,1,2,1,1,2,0,0,0,2,1,0,Normal,0,3,Exploits
30318,0.036016,tcp,-,FIN,48,50,2958,32368,2693.247552,31,29,643491.8125,7045980.0,7,18,0.759298,0.738812,47.939706,45.781642,255,3135746810,3136021387,255,0.000814,0.000543,0.000271,62,647,0,0,7,0,1,1,1,1,0,0,0,2,4,0,Normal,0,3,Exploits
55499,1.1e-05,udp,dns,INT,2,0,114,0,90909.0902,254,0,41454544.0,0.0,0,0,0.011,0.0,0.0,0.0,0,0,0,0,0.0,0.0,0.0,57,0,0,0,13,2,4,4,4,4,0,0,0,4,13,0,Generic,1,3,Exploits
74342,0.640993,tcp,-,FIN,10,6,534,268,23.401192,254,252,6003.185547,2795.662354,2,1,66.744778,108.288797,3321.718468,147.693781,255,407372163,2528589682,255,0.170356,0.099546,0.07081,53,45,0,0,3,1,2,2,1,3,0,0,0,2,3,0,Normal,0,3,Exploits
32368,0.018675,tcp,-,FIN,16,18,1540,1644,1767.068323,31,29,618581.0,665274.4375,4,4,1.223733,1.071177,75.331139,2.065748,255,55978742,2208088822,255,0.000584,0.000461,0.000123,96,91,0,0,10,0,7,5,1,5,0,0,0,7,8,0,Normal,0,3,Exploits
24707,0.17499,tcp,-,FIN,38,40,2438,20718,440.025148,31,29,108531.9141,923527.0625,7,13,4.720838,4.470872,276.709555,272.87702,255,1619170829,3769079959,255,0.000752,0.000615,0.000137,64,518,0,0,6,0,2,1,1,1,0,0,0,2,11,0,Normal,0,3,Exploits
20209,1e-06,udp,dns,INT,2,0,114,0,1000000.003,254,0,456000000.0,0.0,0,0,0.001,0.0,0.0,0.0,0,0,0,0,0.0,0.0,0.0,57,0,0,0,34,2,20,20,12,34,0,0,0,20,34,0,Generic,1,3,Exploits
4423,8e-06,unas,-,INT,2,0,200,0,125000.0003,254,0,100000000.0,0.0,0,0,0.008,0.0,0.0,0.0,0,0,0,0,0.0,0.0,0.0,100,0,0,0,7,2,2,2,2,7,0,0,0,11,7,0,DoS,1,3,Exploits
75259,8e-06,tcp,-,REQ,2,0,90,0,125000.0003,254,0,45000000.0,0.0,1,0,0.008,0.0,0.0,0.0,255,0,0,0,0.0,0.0,0.0,45,0,0,0,10,6,3,1,1,8,0,0,0,4,7,0,Normal,0,3,Exploits
56545,1e-06,udp,dns,INT,2,0,114,0,1000000.003,254,0,456000000.0,0.0,0,0,0.001,0.0,0.0,0.0,0,0,0,0,0.0,0.0,0.0,57,0,0,0,7,2,3,3,3,3,0,0,0,3,7,0,Generic,1,3,Exploits
43054,2.014737,tcp,-,FIN,10,8,2516,354,8.437826,254,252,8993.730469,1230.929932,2,1,223.859667,263.039719,13022.86299,503.072844,255,1668250783,2440771206,255,0.279803,0.172727,0.107076,252,44,0,0,2,1,1,1,1,2,0,0,0,1,2,0,Normal,0,3,Exploits
43634,1.502748,tcp,-,FIN,10,8,2516,354,11.312609,254,252,12057.91016,1650.309937,2,1,166.972,195.457,9100.399269,325.310437,255,43815271,967462988,255,0.236549,0.133934,0.102615,252,44,0,0,4,1,1,1,1,1,0,0,0,1,1,0,Normal,0,3,Exploits
13934,5e-06,udp,dns,INT,2,0,114,0,200000.0051,254,0,91200000.0,0.0,0,0,0.005,0.0,0.0,0.0,0,0,0,0,0.0,0.0,0.0,57,0,0,0,15,2,15,15,15,15,0,0,0,15,15,0,Generic,1,3,Exploits
38481,1.009933,tcp,-,FIN,122,126,7818,15828,244.570681,31,29,61421.89844,124388.4531,30,32,8.34376,8.075352,554.589155,547.759065,255,1538071759,3684328297,255,0.000604,0.000511,9.3e-05,64,126,0,0,4,0,1,1,1,1,0,0,0,2,5,0,Normal,0,3,Exploits
52333,1e-05,sun-nd,-,INT,2,0,200,0,100000.0025,254,0,80000000.0,0.0,0,0,0.01,0.0,0.0,0.0,0,0,0,0,0.0,0.0,0.0,100,0,0,0,12,2,2,2,2,2,0,0,0,2,12,0,Analysis,1,3,Exploits
69034,0.0,arp,-,INT,1,0,46,0,0.0,0,0,0.0,0.0,0,0,0.0,0.0,0.0,0.0,0,0,0,0,0.0,0.0,0.0,46,0,0,0,1,2,1,1,1,1,0,0,0,1,1,1,Normal,0,3,Exploits
21790,9e-06,udp,dns,INT,2,0,114,0,111111.1072,254,0,50666664.0,0.0,0,0,0.009,0.0,0.0,0.0,0,0,0,0,0.0,0.0,0.0,57,0,0,0,38,2,18,18,18,38,0,0,0,18,38,0,Generic,1,3,Exploits
59084,7e-06,udp,dns,INT,2,0,114,0,142857.1409,254,0,65142856.0,0.0,0,0,0.007,0.0,0.0,0.0,0,0,0,0,0.0,0.0,0.0,57,0,0,0,11,2,7,7,4,7,0,0,0,7,11,0,Generic,1,3,Exploits
26494,0.051905,tcp,-,FIN,16,18,1540,1644,635.776916,31,29,222560.4531,239360.375,4,4,3.439533,2.990471,262.782025,7.749396,255,1239703877,3407007026,255,0.001181,0.001057,0.000124,96,91,0,0,7,0,2,1,1,1,0,0,0,2,3,0,Normal,0,3,Exploits
59369,1e-05,unas,-,INT,2,0,200,0,142857.1409,254,0,114285712.0,0.0,0,0,0.007,0.0,0.0,0.0,0,0,0,0,0.0,0.0,0.0,100,0,0,0,12,2,4,4,4,4,0,0,0,11,12,0,Exploits,1,3,Exploits
27505,0.010966,tcp,-,FIN,36,38,2334,16290,6656.939542,31,29,1656027.75,11571767.0,7,12,0.303886,0.280432,18.263581,17.083324,255,724726737,2870416712,255,0.000724,0.000579,0.000145,65,429,0,0,8,0,4,1,1,1,0,0,0,9,2,0,Normal,0,3,Exploits
67636,1.595303,tcp,-,FIN,10,8,526,354,10.656282,254,252,2376.977783,1554.563599,2,1,167.970333,212.922422,9625.250882,405.210625,255,2893059853,2693807739,255,0.202673,0.104837,0.097836,53,44,0,0,1,1,1,1,1,1,0,0,0,1,5,0,Normal,0,3,Exploits
74082,1.5e-05,udp,-,INT,2,0,1278,0,66666.66835,254,0,340800000.0,0.0,0,0,0.015,0.0,0.0,0.0,0,0,0,0,0.0,0.0,0.0,639,0,0,0,15,2,30,8,1,14,0,0,0,9,14,0,Normal,0,3,Exploits
70700,0.69311,tcp,-,FIN,10,8,588,354,24.527132,254,252,6117.35498,3578.075684,2,1,72.645333,87.773289,4059.099955,154.774516,255,3479693749,1025456105,255,0.164448,0.078692,0.085756,59,44,0,0,8,1,1,1,1,5,0,0,0,1,5,0,Normal,0,3,Exploits
65580,0.433083,tcp,-,FIN,12,8,994,736,43.871498,254,252,16846.65625,11896.10352,3,2,36.571362,56.302715,1797.582046,67.00175,255,2124138746,155914430,255,0.068928,0.038953,0.029975,83,92,0,0,4,1,3,2,1,2,0,0,0,2,4,0,Fuzzers,1,3,Exploits
65388,1.3e-05,udp,-,INT,2,0,1358,0,76923.07779,254,0,417846144.0,0.0,0,0,0.013,0.0,0.0,0.0,0,0,0,0,0.0,0.0,0.0,679,0,0,0,34,2,16,15,1,16,0,0,0,16,34,0,Fuzzers,1,3,Exploits
2475,2.631878,tcp,-,FIN,10,8,748,354,6.459266,254,252,2048.727295,942.292969,2,1,292.342222,372.824844,18639.73593,581.016938,255,1341694613,980511234,255,0.061247,0.022095,0.039152,75,44,0,0,1,1,1,1,1,1,0,0,0,1,1,0,Shellcode,1,3,Exploits
41043,2.161558,tcp,-,CON,6,2,998,86,3.238405,62,252,3079.260498,159.14447,2,1,432.3116,0.008,23066.79139,0.0,255,3466658923,2036185353,255,0.677525,0.607518,0.070007,166,43,0,0,5,3,1,1,1,2,0,0,0,2,2,0,Normal,0,3,Exploits
16843,0.308396,tcp,http,FIN,10,8,1098,1964,55.123929,254,252,25655.32617,44592.01563,2,2,34.266222,33.731855,1785.639496,58.974562,255,2041953229,464298172,255,0.103062,0.056309,0.046753,110,246,1,566,3,1,3,3,1,3,0,0,1,3,3,0,Generic,1,9,Worms
26767,0.869564,tcp,-,FIN,28,30,4192,3080,65.550092,31,29,37195.65234,27397.63867,7,7,32.191703,29.964104,1771.709299,44.876668,255,922411585,3274185094,255,0.000902,0.000601,0.000301,150,103,0,0,11,0,1,1,1,1,0,0,0,5,6,0,Normal,0,3,Exploits
56030,1e-05,udp,dns,INT,2,0,114,0,100000.0025,254,0,45600000.0,0.0,0,0,0.01,0.0,0.0,0.0,0,0,0,0,0.0,0.0,0.0,57,0,0,0,11,2,7,7,4,7,0,0,0,7,11,0,Generic,1,3,Exploits
28514,0.172872,tcp,-,FIN,16,18,1540,1644,190.892676,31,29,66824.00781,71868.20313,4,4,11.503867,10.138529,803.802029,16.666016,255,4285690057,44743974,255,0.000637,0.000507,0.00013,96,91,0,0,11,0,7,6,1,6,0,0,0,7,10,0,Normal,0,3,Exploits
45904,0.202197,tcp,-,FIN,10,6,610,268,74.185077,254,252,21721.39063,8862.643555,2,1,21.608,38.963398,1128.762889,62.249563,255,483892153,3552197575,255,0.051587,0.007376,0.044211,61,45,0,0,8,1,1,1,1,1,0,0,0,1,8,0,Fuzzers,1,3,Exploits
65526,4e-06,udp,dns,INT,2,0,114,0,250000.0006,254,0,114000000.0,0.0,0,0,0.004,0.0,0.0,0.0,0,0,0,0,0.0,0.0,0.0,57,0,0,0,10,2,7,7,3,7,0,0,0,8,10,0,Generic,1,3,Exploits
39708,0.001121,udp,dns,CON,2,2,146,178,2676.181891,31,29,520963.4063,635147.1875,0,0,0.01,0.001,0.0,0.0,0,0,0,0,0.0,0.0,0.0,73,89,0,0,2,0,10,1,1,1,0,0,0,2,2,0,Normal,0,3,Exploits
59870,1e-05,udp,-,INT,2,0,168,0,100000.0025,254,0,67200000.0,0.0,0,0,0.01,0.0,0.0,0.0,0,0,0,0,0.0,0.0,0.0,84,0,0,0,2,2,1,1,1,1,0,0,0,5,1,0,Reconnaissance,1,3,Exploits
37249,0.021133,tcp,smtp,FIN,52,40,37232,3276,4306.061603,31,29,13823309.0,1209482.75,18,8,0.407451,0.527897,22.567546,1.040844,255,3321306536,1172873379,255,0.000704,0.000538,0.000166,716,82,0,0,1,0,2,1,1,1,0,0,0,1,2,0,Normal,0,3,Exploits
6805,4e-06,leaf-2,-,INT,2,0,200,0,250000.0006,254,0,200000000.0,0.0,0,0,0.004,0.0,0.0,0.0,0,0,0,0,0.0,0.0,0.0,100,0,0,0,6,2,2,2,2,6,0,0,0,4,6,0,DoS,1,3,Exploits
23693,0.001699,udp,-,CON,4,4,528,304,4120.070594,31,29,1864626.25,1073572.625,0,0,0.441333,0.212333,0.617068,0.291804,0,0,0,0,0.0,0.0,0.0,132,76,0,0,17,0,4,1,1,4,0,0,0,6,17,0,Normal,0,3,Exploits
63160,0.330065,tcp,-,FIN,10,6,2562,268,45.445592,254,252,55892.01953,5429.233398,2,1,29.907889,62.443199,1473.377151,81.958148,255,823787681,2301486381,255,0.082932,0.017839,0.065093,256,45,0,0,2,1,1,1,1,1,0,0,0,1,1,0,Exploits,1,3,Exploits
21863,6e-06,udp,dns,INT,2,0,114,0,166666.6608,254,0,76000000.0,0.0,0,0,0.006,0.0,0.0,0.0,0,0,0,0,0.0,0.0,0.0,57,0,0,0,31,2,24,24,24,31,0,0,0,24,31,0,Generic,1,3,Exploits
45550,1.592941,tcp,ftp,FIN,14,12,2740,682,15.694241,254,252,12781.38965,3143.870361,6,3,7281.510571,8488.019,848435.1736,27706.286,255,2014635360,685521474,255,0.188668,0.103289,0.085379,196,57,0,0,2,1,2,2,2,2,0,0,0,3,2,0,Fuzzers,1,3,Exploits
23175,9e-06,udp,dns,INT,2,0,114,0,111111.1072,254,0,50666664.0,0.0,0,0,0.009,0.0,0.0,0.0,0,0,0,0,0.0,0.0,0.0,57,0,0,0,18,2,18,18,18,18,0,0,0,20,18,0,Generic,1,3,Exploits
20341,9e-06,udp,dns,INT,2,0,114,0,111111.1072,254,0,50666664.0,0.0,0,0,0.009,0.0,0.0,0.0,0,0,0,0,0.0,0.0,0.0,57,0,0,0,51,2,35,35,19,51,0,0,0,35,51,0,Generic,1,3,Exploits
36554,0.001038,udp,dns,CON,2,2,146,178,2890.173445,31,29,562620.4375,685934.5,0,0,0.011,0.003,0.0,0.0,0,0,0,0,0.0,0.0,0.0,73,89,0,0,4,0,1,1,1,1,0,0,0,1,1,0,Normal,0,3,Exploits
73308,5e-06,udp,-,INT,2,0,1064,0,200000.0051,254,0,851200000.0,0.0,0,0,0.005,0.0,0.0,0.0,0,0,0,0,0.0,0.0,0.0,532,0,0,0,2,2,2,1,1,1,0,0,0,5,2,0,Normal,0,9,Worms
80710,7e-06,tcp,-,REQ,2,0,90,0,142857.1409,254,0,51428572.0,0.0,1,0,0.007,0.0,0.0,0.0,255,0,0,0,0.0,0.0,0.0,45,0,0,0,4,6,1,1,1,4,0,0,0,1,4,0,Normal,0,3,Exploits
30257,0.389812,tcp,smtp,FIN,52,42,37496,3380,238.576549,31,29,754722.8125,67724.95313,18,8,7.636117,9.496049,700.956291,23.308656,255,3739349267,3740349214,255,0.00062,0.000471,0.000149,721,80,0,0,2,0,6,1,1,2,0,0,0,8,1,0,Normal,0,3,Exploits
78539,3.3e-05,udp,-,INT,2,0,1064,0,30303.03007,254,0,128969696.0,0.0,0,0,0.033,0.0,0.0,0.0,0,0,0,0,0.0,0.0,0.0,532,0,0,0,5,2,3,2,1,4,0,0,0,3,9,0,Normal,0,3,Exploits
2624,9e-06,unas,-,INT,2,0,200,0,111111.1072,254,0,88888888.0,0.0,0,0,0.009,0.0,0.0,0.0,0,0,0,0,0.0,0.0,0.0,100,0,0,0,6,2,2,2,2,6,0,0,0,2,6,0,DoS,1,3,Exploits
40898,1.494039,tcp,http,FIN,10,8,816,1060,11.378551,62,252,3935.640137,4969.080078,2,2,166.004333,190.932719,9305.671303,372.815125,255,3113963139,1614863133,255,0.212749,0.110638,0.102111,82,133,1,128,4,1,1,1,1,4,0,0,1,1,4,0,Normal,0,3,Exploits
28102,0.360988,tcp,-,FIN,202,396,11722,495632,1653.794627,31,29,258490.5938,10956176.0,19,178,1.794393,0.9126,106.487841,52.750045,255,1476106320,1479735754,255,0.000658,0.000508,0.00015,58,1252,0,0,8,0,1,1,1,1,0,0,0,5,11,0,Normal,0,3,Exploits
37537,0.082628,tcp,-,FIN,84,86,4862,79882,2045.311596,31,29,465217.625,7644285.5,7,36,0.991843,0.9658,61.501609,60.722881,255,832772319,841451546,255,0.000665,0.000531,0.000134,58,929,0,0,3,0,1,1,1,1,0,0,0,5,5,0,Normal,0,3,Exploits
8019,0.551177,tcp,http,FIN,10,10,808,5534,34.471684,62,252,10566.47852,72296.19531,2,3,61.241889,47.331444,3024.363799,3182.278452,255,2799285553,780046073,255,0.150672,0.076919,0.073753,81,553,1,2325,1,1,1,1,1,1,0,0,1,1,1,0,Exploits,1,3,Exploits
12987,9e-06,udp,dns,INT,2,0,114,0,111111.1072,254,0,50666664.0,0.0,0,0,0.009,0.0,0.0,0.0,0,0,0,0,0.0,0.0,0.0,57,0,0,0,43,2,43,43,18,43,0,0,0,44,43,0,Generic,1,3,Exploits
10673,1.747148,tcp,http,FIN,10,10,808,1094,10.874866,62,252,3333.432373,4510.20752,2,2,194.127556,178.605328,11138.98531,368.366469,255,2127947769,1546779919,255,0.203515,0.112018,0.091497,81,109,1,68,1,1,1,1,1,1,0,0,1,2,1,0,DoS,1,3,Exploits
7487,8e-06,compaq-peer,-,INT,2,0,200,0,125000.0003,254,0,100000000.0,0.0,0,0,0.008,0.0,0.0,0.0,0,0,0,0,0.0,0.0,0.0,100,0,0,0,4,2,1,1,1,4,0,0,0,1,4,0,DoS,1,3,Exploits
67741,1.838415,tcp,-,FIN,10,8,1506,354,9.247096,254,252,5900.734863,1348.988159,2,1,204.268333,251.029,11745.38969,392.150344,255,1580691540,2118569347,255,0.166707,0.080505,0.086202,151,44,0,0,4,1,1,1,1,2,0,0,0,1,2,0,Normal,0,3,Exploits
10591,0.798423,tcp,-,FIN,10,8,564,354,21.291972,254,252,5090.033691,3106.123047,2,1,88.713667,102.51557,6524.417742,154.564844,255,228804291,3961834195,255,0.128299,0.061949,0.06635,56,44,0,0,1,1,1,1,1,1,0,0,0,10,1,0,Reconnaissance,1,3,Exploits
64769,4e-06,udp,dns,INT,2,0,114,0,250000.0006,254,0,114000000.0,0.0,0,0,0.004,0.0,0.0,0.0,0,0,0,0,0.0,0.0,0.0,57,0,0,0,5,2,5,4,4,4,0,0,0,4,5,0,Generic,1,3,Exploits
51766,0.302352,tcp,http,FIN,10,8,1278,1832,56.225854,62,252,30454.56836,42414.13672,2,2,33.594667,41.911,1746.959475,59.553102,255,2283323113,1499614401,255,0.05717,0.008256,0.048914,128,229,0,0,1,1,1,1,1,1,0,0,0,1,1,0,Generic,1,3,Exploits
62233,4e-06,udp,-,INT,2,0,208,0,250000.0006,254,0,208000000.0,0.0,0,0,0.004,0.0,0.0,0.0,0,0,0,0,0.0,0.0,0.0,104,0,0,0,16,2,4,4,1,4,0,0,0,4,16,0,Fuzzers,1,3,Exploits
60866,1e-05,udp,dns,INT,2,0,114,0,100000.0025,254,0,45600000.0,0.0,0,0,0.01,0.0,0.0,0.0,0,0,0,0,0.0,0.0,0.0,57,0,0,0,4,2,5,4,4,4,0,0,0,4,4,0,Generic,1,3,Exploits
18970,5e-06,udp,dns,INT,2,0,114,0,200000.0051,254,0,91200000.0,0.0,0,0,0.005,0.0,0.0,0.0,0,0,0,0,0.0,0.0,0.0,57,0,0,0,35,2,35,35,22,35,0,0,0,35,35,0,Generic,1,3,Exploits
21563,3e-06,udp,dns,INT,2,0,114,0,333333.3215,254,0,152000000.0,0.0,0,0,0.003,0.0,0.0,0.0,0,0,0,0,0.0,0.0,0.0,57,0,0,0,45,2,21,21,7,45,0,0,0,21,45,0,Generic,1,3,Exploits
67404,0.632223,tcp,-,FIN,10,6,722,268,23.725805,254,252,8224.946289,2834.442871,2,1,70.100222,102.872,3541.483884,160.774406,255,1985416012,1919636604,255,0.180239,0.117854,0.062385,72,45,0,0,6,1,1,1,1,5,0,0,0,1,5,0,Normal,0,3,Exploits
35836,0.000921,udp,dns,CON,2,2,146,178,3257.328891,31,29,634093.375,773072.75,0,0,0.007,0.006,0.0,0.0,0,0,0,0,0.0,0.0,0.0,73,89,0,0,1,0,2,1,1,1,0,0,0,1,1,0,Normal,0,3,Exploits
64417,5e-06,udp,dns,INT,2,0,114,0,200000.0051,254,0,91200000.0,0.0,0,0,0.005,0.0,0.0,0.0,0,0,0,0,0.0,0.0,0.0,57,0,0,0,4,2,4,4,4,4,0,0,0,4,4,0,Generic,1,3,Exploits
54826,1.03906,tcp,smtp,FIN,14,12,1754,832,24.060208,254,252,12542.10547,5874.540527,4,4,78.85969,89.751727,4243.083089,114.101352,255,2543231383,3259455225,255,0.113363,0.051789,0.061574,125,69,0,0,1,1,1,1,1,1,0,0,0,2,1,0,Exploits,1,3,Exploits
53475,1.1e-05,qnx,-,INT,2,0,200,0,166666.6608,254,0,133333328.0,0.0,0,0,0.006,0.0,0.0,0.0,0,0,0,0,0.0,0.0,0.0,100,0,0,0,9,2,7,6,6,6,0,0,0,13,9,0,Analysis,1,3,Exploits
44743,0.749361,tcp,-,FIN,12,8,1110,696,25.354936,254,252,10867.92676,6501.539551,3,2,63.563365,87.360141,3343.830766,105.343836,255,2721964706,2004738999,255,0.197319,0.137834,0.059485,93,87,0,0,8,1,1,1,1,1,0,0,0,2,6,0,Fuzzers,1,3,Exploits
72276,0.683291,tcp,-,FIN,10,6,582,268,21.952579,254,252,6135.01416,2622.601318,2,0,7922.7143,13200.136,785416.5269,29274.78,255,2817885728,4014127149,255,0.189052,0.078898,0.110154,58,45,0,0,8,1,3,3,3,8,0,0,0,3,8,0,Normal,0,3,Exploits
75997,0.191234,tcp,-,CON,6,2,978,86,36.604371,62,252,34094.35547,1798.843384,2,1,38.2468,0.008,2395.024712,0.0,255,1613830799,1445096814,255,0.167734,0.067757,0.099977,163,43,0,0,7,3,2,2,1,7,0,0,0,2,7,0,Normal,0,3,Exploits
48270,0.990106,tcp,-,FIN,10,8,564,354,17.169879,254,252,4104.61084,2504.782471,2,1,102.022444,134.705578,6498.425248,192.634594,255,3259392520,1207497231,255,0.069386,0.04716,0.022226,56,44,0,0,5,1,2,1,1,2,0,0,0,2,5,0,Reconnaissance,1,3,Exploits
39577,0.389934,tcp,-,FIN,28,30,5080,3080,146.178583,31,29,100509.3125,61097.51953,7,7,14.430185,13.427552,841.065128,21.721719,255,2077288410,4230123182,255,0.000667,0.00053,0.000137,181,103,0,0,7,0,3,1,1,3,0,0,0,5,4,0,Normal,0,3,Exploits
51958,0.693223,tcp,-,FIN,10,6,534,268,21.638059,254,252,5550.883301,2585.026855,1,0,10236.0122,17072.684,1017392.934,37892.612,255,2071592323,148083691,255,0.194302,0.109031,0.085271,53,45,0,0,4,1,4,2,2,3,0,0,0,3,8,0,Fuzzers,1,3,Exploits
63838,1.2e-05,udp,-,INT,2,0,636,0,83333.33039,254,0,212000000.0,0.0,0,0,0.012,0.0,0.0,0.0,0,0,0,0,0.0,0.0,0.0,318,0,0,0,2,2,1,1,1,1,0,0,0,1,1,0,Exploits,1,3,Exploits
54553,1.1e-05,unas,-,INT,2,0,200,0,1000000.003,254,0,800000000.0,0.0,0,0,0.001,0.0,0.0,0.0,0,0,0,0,0.0,0.0,0.0,100,0,0,0,8,2,2,2,2,2,0,0,0,6,7,0,Analysis,1,3,Exploits
37377,1.092832,tcp,http,FIN,14,18,1684,10168,28.366666,31,29,11449.15234,70305.41406,3,5,84.037151,64.253471,8798.532233,7704.643218,255,3449836030,1301258971,255,0.000647,0.000519,0.000128,120,565,1,3924,2,0,5,1,1,2,0,0,1,9,2,0,Normal,0,3,Exploits
76087,0.127116,tcp,-,CON,6,2,978,86,55.067814,62,252,51291.73438,2706.189697,2,1,25.4232,0.003,1550.721518,0.0,255,3863710495,3094965390,255,0.107987,0.061857,0.04613,163,43,0,0,8,3,4,4,1,7,0,0,0,4,7,0,Normal,0,3,Exploits
4570,0.625181,tcp,-,FIN,10,8,564,354,27.192124,254,252,6500.51709,3966.851074,2,1,68.975222,88.450141,5435.142365,138.494891,255,3645237045,1416187417,255,0.05137,0.006024,0.045346,56,44,0,0,1,1,1,1,1,1,0,0,0,1,2,0,Reconnaissance,1,3,Exploits
80201,0.712646,tcp,http,FIN,10,8,802,1206,23.854761,62,252,8105.005859,11854.41309,2,2,79.182889,92.506141,3994.982691,144.383094,255,3820710012,1810672672,255,0.132889,0.041436,0.091453,80,151,1,196,3,1,1,1,1,5,0,0,1,1,3,0,Normal,0,3,Exploits
59898,8e-06,udp,-,INT,2,0,1268,0,125000.0003,254,0,634000000.0,0.0,0,0,0.008,0.0,0.0,0.0,0,0,0,0,0.0,0.0,0.0,634,0,0,0,1,2,1,1,1,1,0,0,0,1,1,0,Generic,1,9,Worms
57025,1.1e-05,udp,dns,INT,2,0,114,0,90909.0902,254,0,41454544.0,0.0,0,0,0.011,0.0,0.0,0.0,0,0,0,0,0.0,0.0,0.0,57,0,0,0,12,2,7,7,4,7,0,0,0,7,12,0,Generic,1,3,Exploits
18961,9e-06,udp,dns,INT,2,0,114,0,111111.1072,254,0,50666664.0,0.0,0,0,0.009,0.0,0.0,0.0,0,0,0,0,0.0,0.0,0.0,57,0,0,0,26,2,12,12,12,26,0,0,0,12,26,0,Generic,1,3,Exploits
50348,1.2e-05,udp,dns,INT,2,0,114,0,83333.33039,254,0,38000000.0,0.0,0,0,0.012,0.0,0.0,0.0,0,0,0,0,0.0,0.0,0.0,57,0,0,0,11,2,7,7,3,7,0,0,0,7,11,0,Generic,1,3,Exploits
73394,2.317164,tcp,-,FIN,16,16,1372,1398,13.378423,254,252,4443.362793,4526.222656,4,5,154.477606,146.01126,7938.952602,8068.988378,255,2737102462,2926854037,255,0.303198,0.126149,0.177049,86,87,0,0,4,1,1,1,1,1,0,0,0,2,2,0,Normal,0,3,Exploits
48476,1e-06,udp,dns,INT,2,0,114,0,1000000.003,254,0,456000000.0,0.0,0,0,0.001,0.0,0.0,0.0,0,0,0,0,0.0,0.0,0.0,57,0,0,0,14,2,3,3,3,3,0,0,0,3,14,0,Generic,1,3,Exploits
37985,0.017041,tcp,-,FIN,48,50,2958,32368,5692.154348,31,29,1360014.125,14891615.0,7,18,0.355723,0.335265,20.210749,19.411786,255,3349308944,3349590708,255,0.000767,0.000609,0.000158,62,647,0,0,3,0,2,1,1,1,0,0,0,4,3,0,Normal,0,3,Exploits
54938,7e-06,udp,dns,INT,2,0,114,0,142857.1409,254,0,65142856.0,0.0,0,0,0.007,0.0,0.0,0.0,0,0,0,0,0.0,0.0,0.0,57,0,0,0,8,2,2,2,2,2,0,0,0,2,8,0,Generic,1,3,Exploits
72901,3.5e-05,udp,-,INT,2,0,1064,0,28571.42781,254,0,121600000.0,0.0,0,0,0.035,0.0,0.0,0.0,0,0,0,0,0.0,0.0,0.0,532,0,0,0,2,2,1,1,1,2,0,0,0,1,5,0,Normal,0,3,Exploits
1261,4.008169,tcp,http,FIN,10,8,792,354,4.241338,254,252,1423.093628,618.736389,2,1,445.352111,553.061438,31849.69512,922.177875,255,1429585581,464380794,255,0.218671,0.135893,0.082778,79,44,1,0,2,1,1,1,1,2,0,0,1,1,2,0,Reconnaissance,1,3,Exploits
2122,9e-06,merit-inp,-,INT,2,0,200,0,111111.1072,254,0,88888888.0,0.0,0,0,0.009,0.0,0.0,0.0,0,0,0,0,0.0,0.0,0.0,100,0,0,0,3,2,2,1,1,3,0,0,0,3,3,0,Fuzzers,1,3,Exploits
79343,0.985268,tcp,http,FIN,10,10,734,972,19.284093,62,252,5367.067871,7104.666016,2,2,109.461333,96.405445,6065.198152,181.949297,255,1534317593,1057869202,255,0.226396,0.117618,0.108778,73,97,0,0,1,1,2,1,1,1,0,0,0,1,1,0,Normal,0,3,Exploits
36365,0.001134,udp,dns,CON,2,2,146,178,2645.502599,31,29,514991.1875,627865.9375,0,0,0.01,0.01,0.0,0.0,0,0,0,0,0.0,0.0,0.0,73,89,0,0,3,0,1,1,1,1,0,0,0,1,3,0,Normal,0,3,Exploits
75791,0.354063,tcp,-,CON,6,2,978,86,19.770493,62,252,18414.80078,971.578491,2,1,70.8126,0.003,4529.679642,0.0,255,3065420128,2358096629,255,0.318338,0.177212,0.141126,163,43,0,0,4,3,2,2,1,3,0,0,0,3,3,0,Normal,0,3,Exploits
43047,1e-06,udp,-,INT,2,0,1064,0,1000000.003,254,0,4256000000.0,0.0,0,0,0.001,0.0,0.0,0.0,0,0,0,0,0.0,0.0,0.0,532,0,0,0,23,2,2,2,1,23,0,0,0,3,23,0,Normal,0,3,Exploits
15747,9e-06,udp,dns,INT,2,0,114,0,111111.1072,254,0,50666664.0,0.0,0,0,0.009,0.0,0.0,0.0,0,0,0,0,0.0,0.0,0.0,57,0,0,0,26,2,7,7,7,26,0,0,0,7,26,0,Generic,1,3,Exploits
69886,9e-06,udp,-,INT,2,0,292,0,111111.1072,254,0,129777776.0,0.0,0,0,0.009,0.0,0.0,0.0,0,0,0,0,0.0,0.0,0.0,146,0,0,0,15,2,2,2,1,5,0,0,0,5,6,0,Normal,0,3,Exploits
70001,0.549892,tcp,-,CON,6,2,1012,86,12.729772,62,252,12278.77441,625.577393,2,1,109.9784,0.002,5772.068593,0.0,255,8802468,2026348612,255,0.362869,0.308579,0.05429,169,43,0,0,2,3,1,1,1,2,0,0,0,1,2,0,Normal,0,3,Exploits
9736,4e-06,sctp,-,INT,2,0,640,0,250000.0006,254,0,640000000.0,0.0,0,0,0.004,0.0,0.0,0.0,0,0,0,0,0.0,0.0,0.0,320,0,0,0,1,2,2,1,1,1,0,0,0,3,1,0,Exploits,1,3,Exploits
41805,0.420602,tcp,-,FIN,10,6,534,268,35.663169,254,252,9148.791992,4260.560059,2,1,45.051111,74.073602,2228.907476,102.090539,255,66844070,883368062,255,0.102442,0.050229,0.052213,53,45,0,0,3,1,2,1,1,1,0,0,0,2,1,0,Normal,0,3,Exploits
34305,0.021151,tcp,-,FIN,16,18,1540,1644,1560.209872,31,29,546168.0,587395.375,4,4,1.389533,1.215,87.010143,2.602976,255,1881011574,4031620228,255,0.000626,0.000493,0.000133,96,91,0,0,5,0,6,5,1,6,0,0,0,8,5,0,Normal,0,3,Exploits
5634,9e-06,unas,-,INT,2,0,200,0,111111.1072,254,0,88888888.0,0.0,0,0,0.009,0.0,0.0,0.0,0,0,0,0,0.0,0.0,0.0,100,0,0,0,7,2,3,3,3,7,0,0,0,3,7,0,Exploits,1,3,Exploits
74749,9e-06,tcp,-,REQ,2,0,90,0,111111.1072,254,0,40000000.0,0.0,1,0,0.009,0.0,0.0,0.0,255,0,0,0,0.0,0.0,0.0,45,0,0,0,7,6,4,1,1,27,0,0,0,5,6,0,Normal,0,3,Exploits
3936,9e-06,udp,-,INT,2,0,550,0,111111.1072,254,0,244444432.0,0.0,0,0,0.009,0.0,0.0,0.0,0,0,0,0,0.0,0.0,0.0,275,0,0,0,37,2,11,10,1,37,0,0,0,10,37,0,Fuzzers,1,3,Exploits
51621,1.38391,tcp,ftp-data,FIN,8,8,364,996,10.838856,62,252,1844.050659,5040.790527,1,2,197.701433,184.530578,13360.81661,365.07025,255,2105395786,1309948231,255,0.222894,0.057323,0.165571,46,125,0,0,1,1,1,1,1,1,0,0,0,2,1,0,Exploits,1,3,Exploits
52227,9e-06,udp,dns,INT,2,0,114,0,111111.1072,254,0,50666664.0,0.0,0,0,0.009,0.0,0.0,0.0,0,0,0,0,0.0,0.0,0.0,57,0,0,0,7,2,4,4,4,4,0,0,0,4,7,0,Generic,1,3,Exploits
16681,8e-06,udp,dns,INT,2,0,114,0,125000.0003,254,0,57000000.0,0.0,0,0,0.008,0.0,0.0,0.0,0,0,0,0,0.0,0.0,0.0,57,0,0,0,39,2,23,23,23,39,0,0,0,24,39,0,Generic,1,3,Exploits
77349,0.769445,tcp,-,FIN,14,12,810,678,32.490951,254,252,7829.019531,6466.999023,4,4,59.188078,63.398637,3012.043584,72.922484,255,3860345611,15022298,255,0.097564,0.070927,0.026637,58,57,0,0,6,1,2,2,2,5,0,0,0,2,5,0,Normal,0,3,Exploits
33947,0.017167,tcp,-,FIN,44,46,2766,24004,5184.365322,31,29,1260092.0,10943321.0,7,16,0.390419,0.3706,23.113329,21.893428,255,2222841931,2230388231,255,0.000616,0.000483,0.000133,63,522,0,0,3,0,2,1,1,1,0,0,0,3,5,0,Normal,0,3,Exploits
25008,0.042187,tcp,-,FIN,72,74,4238,65118,3437.077646,31,29,792661.1875,12181762.0,7,30,0.597886,0.570644,32.834434,32.368781,255,834629397,841986721,255,0.000682,0.000525,0.000157,59,880,0,0,7,0,6,1,1,1,0,0,0,5,7,0,Normal,0,3,Exploits
5056,2.097541,ospf,-,INT,42,0,2688,0,19.546697,254,0,10007.90918,0.0,0,0,51.159535,0.0,55.640574,0.0,0,0,0,0,0.0,0.0,0.0,64,0,0,0,1,2,1,1,1,1,0,0,0,1,1,0,DoS,1,3,Exploits
39694,0.026897,tcp,ftp,FIN,52,54,2934,3740,3903.781069,31,29,856006.25,1091869.0,11,15,0.511824,0.497981,42.182018,1.071327,255,4067129848,1918499948,255,0.000633,0.0005,0.000133,56,69,0,0,1,0,4,1,1,4,1,1,0,5,1,0,Normal,0,3,Exploits
30835,0.00502,tcp,-,FIN,18,18,3672,2456,6972.111497,31,29,5526693.0,3697211.25,7,7,0.276647,0.262529,13.58039,0.340252,255,2168005198,21653275,255,0.000687,0.000553,0.000134,204,136,0,0,14,0,4,1,1,3,0,0,0,7,12,0,Normal,0,3,Exploits
59129,1.1e-05,udp,dns,INT,2,0,114,0,90909.0902,254,0,41454544.0,0.0,0,0,0.011,0.0,0.0,0.0,0,0,0,0,0.0,0.0,0.0,57,0,0,0,18,2,3,3,3,3,0,0,0,3,18,0,Generic,1,3,Exploits
23196,7e-06,udp,dns,INT,2,0,114,0,142857.1409,254,0,65142856.0,0.0,0,0,0.007,0.0,0.0,0.0,0,0,0,0,0.0,0.0,0.0,57,0,0,0,35,2,14,14,14,35,0,0,0,14,35,0,Generic,1,3,Exploits
77818,0.51712,tcp,-,FIN,10,8,2530,354,32.874381,254,252,35225.86719,4795.791992,2,1,53.595111,65.462145,3635.556042,125.327062,255,2066147224,2701636299,255,0.110651,0.058877,0.051774,253,44,0,0,7,1,1,1,1,6,0,0,0,1,6,0,Normal,0,3,Exploits
75377,0.978884,tcp,http,FIN,10,10,800,1420,19.409859,62,252,5884.251953,10444.54688,2,2,108.764889,99.600555,6082.109291,227.819875,255,1773700824,1725432776,255,0.165505,0.069629,0.095876,80,142,1,265,2,1,2,2,2,2,0,0,4,2,2,0,Normal,0,3,Exploits
65192,1.026361,tcp,-,FIN,8,10,364,3754,16.563373,62,252,2486.45459,26337.71094,1,3,146.622996,108.168333,10193.07237,8864.568499,255,1546621708,115281328,255,0.126499,0.052101,0.074398,46,375,0,0,7,1,3,1,1,3,0,0,0,3,4,0,Exploits,1,3,Exploits
25881,0.078313,tcp,ftp-data,FIN,6,8,320,1930,166.000535,31,29,27275.16406,172538.4063,1,2,15.5996,11.107143,1092.572059,26.855936,255,1652351037,159578540,255,0.000717,0.000559,0.000158,53,241,0,0,3,0,1,1,1,1,0,0,0,3,3,0,Normal,0,3,Exploits
18087,9e-06,udp,dns,INT,2,0,114,0,111111.1072,254,0,50666664.0,0.0,0,0,0.009,0.0,0.0,0.0,0,0,0,0,0.0,0.0,0.0,57,0,0,0,38,2,21,21,9,38,0,0,0,21,38,0,Generic,1,3,Exploits
75301,1.05991,tcp,-,FIN,10,8,2516,354,16.039097,254,252,17095.79102,2339.821289,2,1,117.767778,131.813719,7702.722936,184.118203,255,3833541953,2210179555,255,0.171835,0.101306,0.070529,252,44,0,0,3,1,1,1,1,4,0,0,0,23,3,0,Normal,0,3,Exploits
44418,1.1e-05,udp,-,INT,2,0,256,0,90909.0902,254,0,93090912.0,0.0,0,0,0.011,0.0,0.0,0.0,0,0,0,0,0.0,0.0,0.0,128,0,0,0,1,2,1,1,1,1,0,0,0,1,1,0,Shellcode,1,3,Exploits
3338,1e-06,unas,-,INT,2,0,200,0,1000000.003,254,0,800000000.0,0.0,0,0,0.001,0.0,0.0,0.0,0,0,0,0,0.0,0.0,0.0,100,0,0,0,2,2,2,2,2,2,0,0,0,11,2,0,Exploits,1,3,Exploits
45845,0.821905,tcp,-,FIN,10,8,564,354,20.683655,254,252,4944.610352,3017.380371,2,1,91.297778,111.15457,6358.983478,152.15875,255,2717140364,3316304066,255,0.071868,0.043812,0.028056,56,44,0,0,7,1,2,1,1,1,0,0,0,3,4,0,Reconnaissance,1,3,Exploits
78785,1.1e-05,udp,-,INT,2,0,1064,0,90909.0902,254,0,386909088.0,0.0,0,0,0.011,0.0,0.0,0.0,0,0,0,0,0.0,0.0,0.0,532,0,0,0,2,2,2,1,1,2,0,0,0,1,3,0,Normal,0,9,Worms
14355,5e-06,udp,dns,INT,2,0,114,0,200000.0051,254,0,91200000.0,0.0,0,0,0.005,0.0,0.0,0.0,0,0,0,0,0.0,0.0,0.0,57,0,0,0,28,2,18,18,18,28,0,0,0,18,28,0,Generic,1,3,Exploits
13470,9e-06,udp,dns,INT,2,0,114,0,111111.1072,254,0,50666664.0,0.0,0,0,0.009,0.0,0.0,0.0,0,0,0,0,0.0,0.0,0.0,57,0,0,0,34,2,8,8,3,34,0,0,0,8,34,0,Generic,1,3,Exploits
53247,23.159576,tcp,http,FIN,1940,296,2582793,12738,96.504356,254,252,891713.0,4385.227051,967,1,11.886327,78.490062,1455.79263,95.120281,255,3105323785,3356641421,255,0.161488,0.083502,0.077986,1331,43,0,0,1,1,1,1,1,1,0,0,0,1,1,0,DoS,1,3,Exploits
58497,1e-05,udp,dns,INT,2,0,114,0,100000.0025,254,0,45600000.0,0.0,0,0,0.01,0.0,0.0,0.0,0,0,0,0,0.0,0.0,0.0,57,0,0,0,16,2,4,4,2,4,0,0,0,4,16,0,Generic,1,3,Exploits
74878,0.575649,tcp,http,FIN,10,8,806,1208,29.531884,62,252,10089.48145,14689.50684,2,2,63.961,61.986855,3161.852293,83.050484,255,496038634,633947975,255,0.191594,0.140521,0.051073,81,151,1,202,3,1,1,2,1,2,0,0,1,2,2,0,Normal,0,3,Exploits
29644,0.539684,tcp,-,FIN,16,18,1540,1644,61.146894,31,29,21405.11914,23020.87891,4,4,35.955266,31.719176,2294.768931,71.744586,255,1082937555,3251364034,255,0.000581,0.000452,0.000129,96,91,0,0,14,0,3,3,1,3,0,0,0,5,8,0,Normal,0,3,Exploits
5767,3e-06,udp,-,INT,2,0,168,0,333333.3215,254,0,224000000.0,0.0,0,0,0.003,0.0,0.0,0.0,0,0,0,0,0.0,0.0,0.0,84,0,0,0,1,2,1,1,1,1,0,0,0,1,1,0,Reconnaissance,1,3,Exploits
81080,0.353788,tcp,http,FIN,10,8,820,1206,48.051377,62,252,16687.96094,23878.70703,2,2,39.309778,41.334715,1988.593818,56.267914,255,2734458079,3689335868,255,0.084253,0.05248,0.031773,82,151,1,195,5,1,1,1,1,5,0,0,1,1,5,0,Normal,0,3,Exploits
50396,9e-06,udp,-,INT,2,0,168,0,111111.1072,254,0,74666664.0,0.0,0,0,0.009,0.0,0.0,0.0,0,0,0,0,0.0,0.0,0.0,84,0,0,0,2,2,1,1,1,1,0,0,0,1,1,0,Reconnaissance,1,3,Exploits
33210,0.018702,tcp,-,FIN,16,18,1540,1644,1764.517128,31,29,617687.9375,664313.9375,4,4,1.225133,1.072177,74.167315,2.19279,255,2929501184,2938434805,255,0.00061,0.000471,0.000139,96,91,0,0,8,0,3,2,1,3,0,0,0,3,8,0,Normal,0,3,Exploits
12072,9e-06,udp,dns,INT,2,0,114,0,111111.1072,254,0,50666664.0,0.0,0,0,0.009,0.0,0.0,0.0,0,0,0,0,0.0,0.0,0.0,57,0,0,0,19,2,5,5,5,19,0,0,0,5,19,0,Generic,1,3,Exploits
57876,1e-05,udp,dns,INT,2,0,114,0,100000.0025,254,0,45600000.0,0.0,0,0,0.01,0.0,0.0,0.0,0,0,0,0,0.0,0.0,0.0,57,0,0,0,9,2,3,3,3,3,0,0,0,3,9,0,Generic,1,3,Exploits
78979,0.63332,tcp,-,FIN,10,6,708,268,23.68471,254,252,8059.117188,2829.533447,2,1,67.227667,101.673602,3405.787373,151.273031,255,2894555560,1234602021,255,0.220425,0.124951,0.095474,71,45,0,0,6,1,1,2,1,5,0,0,0,2,6,0,Normal,0,3,Exploits
40418,0.696873,tcp,http,FIN,10,8,822,1102,24.394689,62,252,8495.091797,11078.05859,2,2,77.430333,83.136141,3956.148236,137.485703,255,2272337917,150044563,255,0.176698,0.114285,0.062413,82,138,1,159,3,1,3,3,2,3,0,0,4,3,4,0,Normal,0,3,Exploits
23265,9e-06,udp,dns,INT,2,0,114,0,111111.1072,254,0,50666664.0,0.0,0,0,0.009,0.0,0.0,0.0,0,0,0,0,0.0,0.0,0.0,57,0,0,0,43,2,18,18,18,43,0,0,0,18,43,0,Generic,1,3,Exploits
75706,0.617895,tcp,http,FIN,60,14,68199,612,118.143049,254,252,868276.9375,7366.947266,27,1,10.20783,42.503,1126.524639,63.48334,255,4240602987,3400875863,255,0.121483,0.065348,0.056135,1137,44,1,0,3,1,2,3,1,3,0,0,1,3,2,0,Normal,0,3,Exploits
40036,0.001123,udp,dns,CON,2,1,130,81,1780.943817,31,30,463045.4063,0.0,0,0,0.004,0.0,0.0,0.0,0,0,0,0,0.0,0.0,0.0,65,81,0,0,2,0,2,1,1,1,0,0,0,4,3,0,Normal,0,3,Exploits
19102,8e-06,udp,dns,INT,2,0,114,0,125000.0003,254,0,57000000.0,0.0,0,0,0.008,0.0,0.0,0.0,0,0,0,0,0.0,0.0,0.0,57,0,0,0,28,2,25,25,25,28,0,0,0,26,28,0,Generic,1,3,Exploits
1218,1.246909,mux,-,INT,4,0,400,0,2.405949,254,0,1924.759521,0.0,0,0,415.636344,0.0,587.788625,0.0,0,0,0,0,0.0,0.0,0.0,100,0,0,0,3,2,2,2,2,3,0,0,0,2,3,0,Exploits,1,3,Exploits
60595,0.183876,tcp,-,FIN,10,6,586,268,81.576718,254,252,22972.00391,9745.698242,2,1,19.251333,27.444,1153.268887,41.943949,255,2624562344,406116623,255,0.099669,0.046646,0.053023,59,45,0,0,2,1,1,1,1,1,0,0,0,1,2,0,DoS,1,3,Exploits
37120,0.008323,tcp,-,FIN,34,36,2230,13288,8290.280134,31,29,2080980.5,12417638.0,7,11,0.242121,0.2206,14.720762,13.893699,255,2458416644,313296654,255,0.00075,0.000595,0.000155,66,369,0,0,2,0,2,1,1,2,0,0,0,3,5,0,Normal,0,3,Exploits
52016,0.802397,ospf,-,INT,18,0,2858,0,21.18652,254,0,26919.3418,0.0,0,0,47.199824,0.0,71.170156,0.0,0,0,0,0,0.0,0.0,0.0,159,0,0,0,2,2,2,2,2,2,0,0,0,3,2,0,DoS,1,3,Exploits
28192,0.001049,udp,dns,CON,2,2,130,162,2859.866662,31,29,495710.2188,617731.1875,0,0,0.01,0.009,0.0,0.0,0,0,0,0,0.0,0.0,0.0,65,81,0,0,3,0,3,2,1,1,0,0,0,8,2,0,Normal,0,3,Exploits
65378,1.441146,tcp,-,FIN,22,20,5978,1754,28.449581,62,252,31680.34375,9253.746094,8,8,68.626003,71.627211,3751.68967,103.880758,255,3445295528,1189909901,255,0.106328,0.052244,0.054084,272,88,0,0,1,1,1,1,1,1,0,0,0,2,1,0,Exploits,1,3,Exploits
31192,0.023321,tcp,-,FIN,60,62,3598,46036,5188.456565,31,29,1214013.125,15537584.0,7,24,0.389017,0.372607,21.112574,20.166503,255,3840256155,1690975675,255,0.000739,0.000582,0.000157,60,743,0,0,4,0,2,1,1,1,0,0,0,1,12,0,Normal,0,3,Exploits
44382,1.510987,tcp,http,FIN,50,278,2566,357553,216.414827,62,252,13315.79883,1886274.25,2,137,30.817327,5.391766,1754.636176,767.722157,255,3567311870,1897694234,255,0.032988,0.017461,0.015527,51,1286,1,0,1,1,1,1,1,1,0,0,1,1,1,0,Exploits,1,3,Exploits
50835,1.2e-05,iso-tp4,-,INT,2,0,200,0,83333.33039,254,0,66666664.0,0.0,0,0,0.012,0.0,0.0,0.0,0,0,0,0,0.0,0.0,0.0,100,0,0,0,22,2,4,4,4,4,0,0,0,4,17,0,Fuzzers,1,3,Exploits
68696,1.549281,tcp,http,FIN,10,10,838,1190,12.263753,62,252,3898.58252,5530.307129,2,2,172.142333,163.561891,11421.17663,247.293813,255,769587518,3470089421,255,0.113764,0.076527,0.037237,84,119,1,131,2,1,3,1,1,2,0,0,1,1,3,0,Normal,0,3,Exploits
37921,0.222194,tcp,ftp-data,FIN,10,6,6320,320,67.508573,31,29,204794.0156,9613.220703,3,1,24.688222,44.117398,1884.340419,66.706219,255,1225553517,1985186877,255,0.001643,0.001485,0.000158,632,53,0,0,2,0,6,1,1,3,0,0,0,6,2,0,Normal,0,3,Exploits
43886,0.25836,tcp,-,FIN,10,6,486,268,58.058523,254,252,13562.4707,6936.058105,2,1,28.601556,45.541,1448.177321,72.587289,255,1473526558,2033502767,255,0.06868,0.030643,0.038037,49,45,0,0,12,1,4,4,2,4,0,0,0,5,12,0,Fuzzers,1,3,Exploits
66288,9.394785,tcp,-,REQ,12,0,540,0,1.170862,254,0,421.510437,0.0,11,0,854.071375,0.0,1455.62275,0.0,255,0,0,0,0.0,0.0,0.0,45,0,0,0,27,6,8,2,2,26,0,0,0,8,26,0,Normal,0,3,Exploits
43674,0.256937,tcp,http,FIN,12,26,878,28320,144.004174,62,252,25064.50977,847865.4375,2,11,23.357908,10.02444,1223.608485,1171.92789,255,2682938028,3473579990,255,0.050216,0.005626,0.04459,73,1089,1,13390,2,1,1,1,1,1,0,0,1,1,1,0,Exploits,1,3,Exploits
58798,1.1e-05,udp,dns,INT,2,0,114,0,90909.0902,254,0,41454544.0,0.0,0,0,0.011,0.0,0.0,0.0,0,0,0,0,0.0,0.0,0.0,57,0,0,0,25,2,7,7,4,7,0,0,0,7,25,0,Generic,1,3,Exploits
60641,8e-06,udp,dns,INT,2,0,114,0,125000.0003,254,0,57000000.0,0.0,0,0,0.008,0.0,0.0,0.0,0,0,0,0,0.0,0.0,0.0,57,0,0,0,10,2,3,3,3,3,0,0,0,4,10,0,Generic,1,3,Exploits
16166,5e-06,udp,dns,INT,2,0,114,0,200000.0051,254,0,91200000.0,0.0,0,0,0.005,0.0,0.0,0.0,0,0,0,0,0.0,0.0,0.0,57,0,0,0,29,2,18,18,18,29,0,0,0,18,29,0,Generic,1,3,Exploits
35676,0.103982,tcp,-,FIN,76,80,4446,71834,1490.642589,31,29,337596.875,5457637.0,7,33,1.38004,1.307633,79.873393,78.012838,255,335482397,2485426884,255,0.000808,0.000671,0.000137,59,898,0,0,2,0,2,1,1,1,0,0,0,3,7,0,Normal,0,3,Exploits
12585,8e-06,udp,dns,INT,2,0,114,0,125000.0003,254,0,57000000.0,0.0,0,0,0.008,0.0,0.0,0.0,0,0,0,0,0.0,0.0,0.0,57,0,0,0,18,2,18,18,18,18,0,0,0,18,18,0,Generic,1,3,Exploits
10026,0.304824,tcp,http,FIN,10,6,826,268,49.208725,254,252,19526.02148,5878.802246,2,1,32.008556,49.588602,1810.183288,81.756867,255,95327248,265142225,255,0.120439,0.056876,0.063563,83,45,1,0,1,1,1,1,1,1,0,0,1,1,1,0,Reconnaissance,1,9,Worms
64612,0.176807,tcp,-,FIN,10,6,996,268,84.838269,254,252,40586.62891,10135.3457,2,1,19.440667,27.927801,978.691075,42.115406,255,1584530590,2188263372,255,0.058939,0.037164,0.021775,100,45,0,0,1,1,1,1,1,1,0,0,0,1,1,0,Exploits,1,3,Exploits
33200,0.001052,udp,dns,CON,2,2,146,178,2851.711087,31,29,555133.0625,676806.125,0,0,0.001,0.009,0.0,0.0,0,0,0,0,0.0,0.0,0.0,73,89,0,0,2,0,1,1,1,1,0,0,0,2,3,0,Normal,0,3,Exploits
15324,9e-06,udp,dns,INT,2,0,114,0,111111.1072,254,0,50666664.0,0.0,0,0,0.009,0.0,0.0,0.0,0,0,0,0,0.0,0.0,0.0,57,0,0,0,18,2,18,18,18,19,0,0,0,19,18,0,Generic,1,3,Exploits
45967,3e-06,udp,-,INT,2,0,78,0,333333.3215,254,0,104000000.0,0.0,0,0,0.003,0.0,0.0,0.0,0,0,0,0,0.0,0.0,0.0,39,0,0,0,13,2,1,1,1,1,0,0,0,1,7,0,Fuzzers,1,3,Exploits
78451,0.36721,tcp,-,FIN,10,6,634,268,40.848561,254,252,12439.74805,4880.041504,2,1,37.976333,57.190602,1921.053077,78.655055,255,3096546546,173596657,255,0.125976,0.081254,0.044722,63,45,0,0,9,1,2,3,1,5,0,0,0,3,5,0,Normal,0,3,Exploits
74736,9e-06,tcp,-,REQ,2,0,90,0,111111.1072,254,0,40000000.0,0.0,1,0,0.009,0.0,0.0,0.0,255,0,0,0,0.0,0.0,0.0,45,0,0,0,5,6,19,1,1,22,0,0,0,19,5,0,Normal,0,3,Exploits
73302,2.072825,tcp,-,FIN,10,8,994,354,8.201368,254,252,3454.223145,1196.434814,2,1,223.948,278.112844,13679.25278,500.089531,255,817341772,1827887695,255,0.209599,0.126025,0.083574,99,44,0,0,2,1,1,1,1,1,0,0,0,1,2,0,Normal,0,3,Exploits
48496,1.3e-05,udp,-,INT,2,0,2962,0,76923.07779,254,0,911384640.0,0.0,0,0,0.013,0.0,0.0,0.0,0,0,0,0,0.0,0.0,0.0,1481,0,0,0,3,2,1,1,1,1,0,0,0,1,3,0,Fuzzers,1,9,Worms
65947,0.63193,tcp,-,FIN,10,8,2516,354,26.901714,254,252,28674.0625,3924.485352,2,1,66.609111,78.536859,4427.094597,128.640961,255,749451898,1287687319,255,0.136709,0.082164,0.054545,252,44,0,0,3,1,1,1,1,3,0,0,0,1,3,0,Normal,0,3,Exploits
51080,4e-06,unas,-,INT,2,0,200,0,250000.0006,254,0,200000000.0,0.0,0,0,0.004,0.0,0.0,0.0,0,0,0,0,0.0,0.0,0.0,100,0,0,0,11,2,2,2,2,2,0,0,0,6,11,0,Exploits,1,3,Exploits
52055,7e-06,udp,dns,INT,2,0,114,0,142857.1409,254,0,65142856.0,0.0,0,0,0.007,0.0,0.0,0.0,0,0,0,0,0.0,0.0,0.0,57,0,0,0,4,2,4,4,4,4,0,0,0,5,4,0,Generic,1,3,Exploits
70728,2.037659,tcp,-,FIN,18,14,9140,764,15.213537,254,252,33893.79688,2787.512695,6,4,119.8623,145.136234,8331.162765,338.69825,255,2597499131,1448933701,255,0.206907,0.122623,0.084284,508,55,0,0,1,1,1,1,1,1,0,0,0,1,1,0,Normal,0,3,Exploits
78364,1e-06,udp,-,INT,2,0,78,0,1000000.003,254,0,312000000.0,0.0,0,0,0.001,0.0,0.0,0.0,0,0,0,0,0.0,0.0,0.0,39,0,0,0,10,2,2,2,1,10,0,0,0,2,10,0,Normal,0,3,Exploits
58109,1e-05,udp,dns,INT,2,0,114,0,100000.0025,254,0,45600000.0,0.0,0,0,0.01,0.0,0.0,0.0,0,0,0,0,0.0,0.0,0.0,57,0,0,0,11,2,4,4,4,4,0,0,0,9,11,0,Generic,1,3,Exploits
33509,0.012908,tcp,ssh,FIN,70,60,12472,12716,9993.802628,31,29,7619461.0,7750232.5,17,17,0.187072,0.210052,12.0181,12.79133,255,1818027967,3963720378,255,0.000712,0.00058,0.000132,178,212,0,0,1,0,3,1,1,2,0,0,0,4,1,0,Normal,0,3,Exploits
80450,1.767591,tcp,http,FIN,12,10,918,1248,11.880576,62,252,3810.836426,5087.149902,2,2,160.690094,181.876891,10908.04519,239.492813,255,3793983883,3118225523,255,0.22926,0.129832,0.099428,77,125,1,126,3,1,2,2,2,3,0,0,4,2,3,0,Normal,0,3,Exploits
26730,0.021302,tcp,-,FIN,48,50,2958,32368,4553.563112,31,29,1087973.0,11912872.0,7,18,0.445404,0.431,25.216037,24.56572,255,911066999,3060969102,255,0.00074,0.000604,0.000136,62,647,0,0,5,0,2,1,1,1,0,0,0,4,7,0,Normal,0,3,Exploits
2495,0.360568,tcp,http,FIN,10,8,818,1756,47.147835,62,252,16351.97852,34101.75,2,2,40.063111,38.48943,2000.379464,58.500992,255,3543615022,4058817458,255,0.091574,0.032592,0.058982,82,220,1,473,1,1,1,1,1,1,0,0,1,3,1,0,DoS,1,3,Exploits
57097,4e-06,udp,dns,INT,2,0,114,0,250000.0006,254,0,114000000.0,0.0,0,0,0.004,0.0,0.0,0.0,0,0,0,0,0.0,0.0,0.0,57,0,0,0,14,2,7,7,4,7,0,0,0,7,14,0,Generic,1,3,Exploits
38273,0.001098,udp,dns,CON,2,2,132,164,2732.24049,31,29,480874.3125,597449.9375,0,0,0.001,0.003,0.0,0.0,0,0,0,0,0.0,0.0,0.0,66,82,0,0,2,0,3,1,1,1,0,0,0,7,2,0,Normal,0,3,Exploits
20183,8e-06,udp,dns,INT,2,0,114,0,125000.0003,254,0,57000000.0,0.0,0,0,0.008,0.0,0.0,0.0,0,0,0,0,0.0,0.0,0.0,57,0,0,0,37,2,18,18,18,38,0,0,0,18,37,0,Generic,1,3,Exploits
31862,0.00114,udp,dns,CON,2,2,132,164,2631.579064,31,29,463157.9063,575438.625,0,0,0.012,0.009,0.0,0.0,0,0,0,0,0.0,0.0,0.0,66,82,0,0,4,0,2,3,1,1,0,0,0,13,3,0,Normal,0,3,Exploits
71323,0.561235,tcp,-,FIN,10,8,588,354,30.290341,254,252,7554.767578,4418.826172,2,1,60.171111,72.09843,3759.982165,135.584297,255,274938691,1704757681,255,0.127847,0.056543,0.071304,59,44,0,0,2,1,2,2,1,2,0,0,0,6,2,0,Normal,0,3,Exploits
46249,0.321049,tcp,-,FIN,10,6,558,268,46.721839,254,252,12533.91211,5581.702637,2,1,34.280889,40.753398,1887.308487,59.303938,255,2608769896,2327892013,255,0.147846,0.117279,0.030567,56,45,0,0,20,1,2,2,1,2,0,0,0,5,9,0,Fuzzers,1,3,Exploits
25764,0.017722,tcp,-,FIN,38,40,2438,20718,4344.882206,31,29,1071662.375,9119061.0,7,13,0.470351,0.438641,29.663661,26.000439,255,4180221603,2030964677,255,0.000729,0.000604,0.000125,64,518,0,0,2,0,2,1,1,2,0,0,0,4,3,0,Normal,0,3,Exploits
59283,0.570119,tcp,-,FIN,14,10,774,556,40.342453,254,252,10089.12109,7030.11084,4,3,43.78777,59.299332,2465.79536,85.373891,255,424168047,3117035796,255,0.081013,0.036415,0.044598,55,56,0,0,7,1,2,2,1,2,0,0,0,2,5,0,Fuzzers,1,3,Exploits
41139,0.929273,tcp,-,CON,6,2,998,86,7.53277,62,252,7162.588379,370.181854,2,1,185.8546,0.007,9324.700198,0.0,255,461160819,1755353277,255,0.504388,0.164238,0.34015,166,43,0,0,4,3,1,1,1,3,0,0,0,3,3,0,Normal,0,3,Exploits
5999,9e-06,udp,-,INT,2,0,568,0,111111.1072,254,0,252444432.0,0.0,0,0,0.009,0.0,0.0,0.0,0,0,0,0,0.0,0.0,0.0,284,0,0,0,12,2,12,12,1,12,0,0,0,12,12,0,Fuzzers,1,3,Exploits
59868,0.491682,tcp,-,FIN,10,6,850,268,30.507524,254,252,12447.06934,3644.63208,2,1,52.645111,85.992797,2655.628497,132.565406,255,1724557487,193843089,255,0.152192,0.061707,0.090485,85,45,0,0,3,1,1,1,1,1,0,0,0,1,1,0,Exploits,1,3,Exploits
29508,0.510229,tcp,-,FIN,16,18,1540,1644,64.676842,31,29,22640.81445,24349.85156,4,4,33.993134,29.986941,2203.069763,70.365828,255,1082935956,3253780720,255,0.000569,0.000444,0.000125,96,91,0,0,7,0,2,1,1,2,0,0,0,2,4,0,Normal,0,3,Exploits
64448,0.92889,tcp,-,FIN,10,10,824,3522,20.454521,62,252,6390.422852,27301.40234,2,3,103.21,97.249333,5229.669191,6104.424985,255,4031941409,4094288720,255,0.11328,0.052892,0.060388,82,352,0,0,1,1,1,1,1,1,0,0,0,1,1,0,Exploits,1,3,Exploits
77567,3.6e-05,udp,-,INT,2,0,1064,0,27777.7768,254,0,118222216.0,0.0,0,0,0.036,0.0,0.0,0.0,0,0,0,0,0.0,0.0,0.0,532,0,0,0,35,2,12,11,1,35,0,0,0,11,35,0,Normal,0,3,Exploits
44766,55.350929,tcp,-,FIN,20,14,1270,622,0.596196,254,252,174.450546,83.539696,4,1,2912.077368,4250.645,392871.7013,14430.853,255,451521883,4231087793,255,0.175592,0.092533,0.083059,64,44,0,0,8,1,4,3,3,3,0,0,0,3,7,0,Fuzzers,1,3,Exploits
57247,4e-06,udp,dns,INT,2,0,114,0,250000.0006,254,0,114000000.0,0.0,0,0,0.004,0.0,0.0,0.0,0,0,0,0,0.0,0.0,0.0,57,0,0,0,12,2,5,5,4,5,0,0,0,5,12,0,Generic,1,3,Exploits
62024,1.68481,tcp,-,FIN,10,8,534,354,10.090158,254,252,2283.937012,1471.976074,2,1,187.201111,228.704422,11117.43423,325.903219,255,3322282008,2481701657,255,0.184056,0.08307,0.100986,53,44,0,0,8,1,1,1,1,1,0,0,0,1,3,0,Fuzzers,1,3,Exploits
60592,6e-06,ipcv,-,INT,2,0,200,0,125000.0003,254,0,100000000.0,0.0,0,0,0.008,0.0,0.0,0.0,0,0,0,0,0.0,0.0,0.0,100,0,0,0,12,2,6,6,6,6,0,0,0,6,12,0,Exploits,1,3,Exploits
76971,0.47906,tcp,-,FIN,10,6,534,268,31.311318,254,252,8032.396973,3740.658936,2,1,49.306,78.813398,2619.936551,124.237766,255,1684679429,1152961117,255,0.174968,0.084986,0.089982,53,45,0,0,3,1,1,1,1,3,0,0,0,1,3,0,Normal,0,3,Exploits
3271,9e-06,skip,-,INT,2,0,200,0,111111.1072,254,0,88888888.0,0.0,0,0,0.009,0.0,0.0,0.0,0,0,0,0,0.0,0.0,0.0,100,0,0,0,6,2,2,2,2,6,0,0,0,2,6,0,Exploits,1,3,Exploits
40823,1.074361,tcp,http,FIN,10,8,824,1112,15.82336,62,252,5525.14502,7245.237305,2,2,119.373444,120.563289,6092.184254,240.396859,255,1628004028,1762060464,255,0.241388,0.158639,0.082749,82,139,1,153,3,1,17,2,1,2,0,0,1,2,2,0,Normal,0,3,Exploits
38638,0.223305,tcp,ftp-data,FIN,8,12,424,8824,85.085421,31,29,13291.23828,289792.0,1,4,31.852144,20.253545,2119.587624,1673.126706,255,2957906785,914586341,255,0.000647,0.000512,0.000135,53,735,0,0,2,0,5,1,1,3,0,0,0,8,5,0,Normal,0,3,Exploits
36002,0.001659,udp,-,CON,4,4,528,304,4219.409427,31,29,1909584.125,1099457.5,0,0,0.428667,0.205,0.599862,0.284967,0,0,0,0,0.0,0.0,0.0,132,76,0,0,7,0,4,1,1,3,0,0,0,3,4,0,Normal,0,3,Exploits
46992,0.337117,tcp,http,FIN,54,12,61987,526,192.811406,254,252,1443771.75,11461.89648,24,1,6.360698,29.916818,624.564026,45.177402,255,381023199,2587549685,255,0.053726,0.007305,0.046421,1148,44,1,0,2,1,1,1,1,1,0,0,1,1,1,0,Exploits,1,3,Exploits
57877,1.2e-05,udp,dns,INT,2,0,114,0,83333.33039,254,0,38000000.0,0.0,0,0,0.012,0.0,0.0,0.0,0,0,0,0,0.0,0.0,0.0,57,0,0,0,14,2,4,4,4,4,0,0,0,4,14,0,Generic,1,3,Exploits
50592,1.1e-05,micp,-,INT,2,0,200,0,90909.0902,254,0,72727272.0,0.0,0,0,0.011,0.0,0.0,0.0,0,0,0,0,0.0,0.0,0.0,100,0,0,0,8,2,2,2,2,2,0,0,0,9,9,0,Exploits,1,3,Exploits
32817,0.001087,udp,dns,CON,2,2,146,178,2759.889575,31,29,537258.5,655013.8125,0,0,0.011,0.005,0.0,0.0,0,0,0,0,0.0,0.0,0.0,73,89,0,0,4,0,3,2,1,1,0,0,0,2,3,0,Normal,0,3,Exploits
24883,0.036738,tcp,-,FIN,72,74,4238,65118,3946.866917,31,29,910229.1875,13988567.0,7,30,0.510648,0.495685,28.136236,27.760984,255,965351029,3117829394,255,0.000726,0.000548,0.000178,59,880,0,0,5,0,2,1,1,1,0,0,0,3,5,0,Normal,0,3,Exploits
60881,1.813317,tcp,-,FIN,16,12,886,678,14.88984,254,252,3666.209717,2744.142334,4,4,120.826202,158.020187,6705.527186,260.450312,255,2540617557,1355554207,255,0.179777,0.075091,0.104686,55,57,0,0,9,1,2,1,1,1,0,0,0,3,5,0,Fuzzers,1,3,Exploits
6335,1.051761,tcp,ftp,FIN,20,22,1120,1622,38.982239,62,252,8093.093262,11782.14453,7,9,55.355844,49.669951,2858.042738,2586.137967,255,4089275187,606935959,255,0.054118,0.007851,0.046267,56,74,0,0,1,1,2,1,1,2,1,1,0,2,1,0,Exploits,1,3,Exploits
75446,0.490562,tcp,http,FIN,10,8,808,1112,34.654132,62,252,11872.09766,15867.51563,2,2,54.506889,54.781285,2957.205464,80.540797,255,3922528077,153344301,255,0.165766,0.084503,0.081263,81,139,1,154,4,1,2,2,2,3,0,0,4,3,3,0,Normal,0,3,Exploits
42709,1.596464,tcp,-,FIN,18,12,6134,678,18.165145,254,252,29034.16406,3116.888184,5,4,93.903,134.348734,5306.327277,196.341047,255,3084744228,1044472519,255,0.141282,0.118623,0.022659,341,57,0,0,2,1,2,1,1,2,0,0,0,1,2,0,Normal,0,3,Exploits
38652,0.373898,tcp,-,FIN,22,27,2520,2916,128.377258,31,29,51479.28125,60080.55859,4,6,17.789047,14.34377,30.111291,22.933844,255,710583036,748873518,255,0.0,0.0,0.0,115,108,0,0,6,0,4,1,1,1,0,0,0,2,6,0,Normal,0,3,Exploits
35057,0.005165,tcp,-,FIN,18,18,4232,2456,6776.379503,31,29,6190900.5,3593417.25,7,7,0.285,0.273176,14.263625,0.352471,255,1864898241,1868035954,255,0.000639,0.000517,0.000122,235,136,0,0,13,0,5,1,1,3,0,0,0,12,6,0,Normal,0,3,Exploits
63785,3.522405,tcp,-,FIN,10,8,620,354,4.826248,254,252,1267.315918,704.064453,2,1,391.378333,491.613156,25080.06935,762.204125,255,2169481551,3674442359,255,0.143044,0.056743,0.086301,62,44,0,0,8,1,2,1,1,2,0,0,0,2,4,0,DoS,1,3,Exploits
67012,7e-06,udp,-,INT,2,0,104,0,142857.1409,254,0,59428572.0,0.0,0,0,0.007,0.0,0.0,0.0,0,0,0,0,0.0,0.0,0.0,52,0,0,0,4,2,1,1,1,2,0,0,0,1,4,0,Normal,0,3,Exploits
60894,9.63313,ospf,-,INT,42,0,2688,0,4.256145,254,0,2179.14624,0.0,0,0,234.954391,0.0,267.166625,0.0,0,0,0,0,0.0,0.0,0.0,64,0,0,0,2,2,2,2,2,2,0,0,0,2,2,0,DoS,1,3,Exploits
55760,7e-06,udp,dns,INT,2,0,114,0,142857.1409,254,0,65142856.0,0.0,0,0,0.007,0.0,0.0,0.0,0,0,0,0,0.0,0.0,0.0,57,0,0,0,7,2,3,3,3,3,0,0,0,3,7,0,Generic,1,3,Exploits
690,0.184411,tcp,http,FIN,10,6,1552,268,81.340048,254,252,60603.75781,9717.424805,2,1,19.925556,33.798,1069.392202,60.845617,255,3491240318,3081067890,255,0.069298,0.015412,0.053886,155,45,1,0,1,1,1,1,1,1,0,0,1,1,1,0,Exploits,1,9,Worms
9846,0.98449,tcp,http,FIN,12,14,1312,8978,25.393859,62,252,9775.620117,67746.75,3,5,89.499092,71.666692,5097.614681,4659.255337,255,890175893,2945770534,255,0.092369,0.051809,0.04056,109,641,1,139,3,1,2,2,2,2,0,0,4,2,2,0,Exploits,1,3,Exploits
67512,0.725796,tcp,-,FIN,10,6,594,268,20.666965,254,252,5896.974121,2469.013428,2,1,78.392111,121.611398,4418.899507,177.369469,255,2328839674,3145362352,255,0.162407,0.117729,0.044678,59,45,0,0,4,1,1,1,1,4,0,0,0,1,4,0,Normal,0,3,Exploits
73179,2.903413,tcp,ftp,FIN,14,12,1680,682,8.610556,254,252,4298.389648,1724.866577,3,4,223.259918,255.377266,16720.58713,501.638406,255,2952564121,861789685,255,0.155804,0.094262,0.061542,120,57,0,0,1,1,1,1,1,1,0,0,0,1,1,0,Normal,0,3,Exploits
38387,0.25777,tcp,-,FIN,122,126,7816,16782,958.21856,31,29,240586.5625,516708.6875,30,32,2.127471,2.058368,215.325093,6.440362,255,2587385138,438852969,255,0.000597,0.000469,0.000128,64,133,0,0,7,0,3,1,1,1,0,0,0,9,3,0,Normal,0,3,Exploits
16432,4e-06,udp,dns,INT,2,0,114,0,250000.0006,254,0,114000000.0,0.0,0,0,0.004,0.0,0.0,0.0,0,0,0,0,0.0,0.0,0.0,57,0,0,0,20,2,15,15,15,20,0,0,0,15,20,0,Generic,1,3,Exploits
1155,0.683174,tcp,http,FIN,10,6,896,268,21.956339,254,252,9450.007812,2623.050537,2,1,69.620333,120.238,3542.223074,181.449516,255,820265562,550717864,255,0.167979,0.081974,0.086005,90,45,1,0,1,1,1,1,1,1,0,0,1,2,1,0,Exploits,1,9,Worms
35594,0.199092,tcp,-,FIN,48,50,2958,32368,487.21194,31,29,116408.4922,1274626.75,7,18,4.229043,4.051326,242.696607,240.19884,255,1937409099,4083060773,255,0.000707,0.000573,0.000134,62,647,0,0,5,0,6,1,1,1,0,0,0,3,10,0,Normal,0,3,Exploits
29032,0.001063,udp,dns,CON,2,2,132,164,2822.201463,31,29,496707.4688,617121.375,0,0,0.011,0.008,0.0,0.0,0,0,0,0,0.0,0.0,0.0,66,82,0,0,1,0,1,1,1,1,0,0,0,3,2,0,Normal,0,3,Exploits
24626,1.11299,tcp,http,FIN,12,14,1580,4168,22.462016,31,29,10415.1875,27824.14844,3,2,101.148455,85.573615,9587.534063,8829.284253,255,2916815907,772350513,255,0.000652,0.00053,0.000122,132,298,1,0,2,0,3,1,1,1,0,0,1,1,1,0,Normal,0,3,Exploits
22109,9e-06,udp,dns,INT,2,0,114,0,111111.1072,254,0,50666664.0,0.0,0,0,0.009,0.0,0.0,0.0,0,0,0,0,0.0,0.0,0.0,57,0,0,0,36,2,18,18,18,36,0,0,0,18,36,0,Generic,1,3,Exploits
78319,1e-06,udp,-,INT,2,0,104,0,1000000.003,254,0,416000000.0,0.0,0,0,0.001,0.0,0.0,0.0,0,0,0,0,0.0,0.0,0.0,52,0,0,0,3,2,1,1,1,2,0,0,0,3,2,0,Normal,0,3,Exploits
72785,0.0,udp,-,INT,2,0,104,0,0.0,254,0,0.0,0.0,0,0,0.0,0.0,0.0,0.0,0,0,0,0,0.0,0.0,0.0,52,0,0,0,10,2,1,2,1,3,0,0,0,3,3,0,Normal,0,3,Exploits
63927,4e-06,unas,-,INT,2,0,200,0,250000.0006,254,0,200000000.0,0.0,0,0,0.004,0.0,0.0,0.0,0,0,0,0,0.0,0.0,0.0,100,0,0,0,10,2,3,2,2,2,0,0,0,5,10,0,DoS,1,3,Exploits
62316,1e-05,udp,dns,INT,2,0,114,0,100000.0025,254,0,45600000.0,0.0,0,0,0.01,0.0,0.0,0.0,0,0,0,0,0.0,0.0,0.0,57,0,0,0,14,2,4,4,4,4,0,0,0,4,14,0,Generic,1,3,Exploits
39807,0.000959,udp,dns,CON,2,2,146,178,3128.258517,31,29,608967.6875,742440.0,0,0,0.004,0.007,0.0,0.0,0,0,0,0,0.0,0.0,0.0,73,89,0,0,1,0,4,1,1,1,0,0,0,1,2,0,Normal,0,3,Exploits
61831,0.197234,tcp,-,FIN,10,6,1270,268,76.051795,254,252,46361.17578,9085.654297,2,1,20.735778,35.221602,1054.872619,54.90473,255,2755690861,296443965,255,0.07034,0.021121,0.049219,127,45,0,0,2,1,1,1,1,1,0,0,0,1,1,0,Exploits,1,3,Exploits
40243,0.096003,tcp,ftp-data,FIN,6,8,320,1890,135.41243,31,29,22249.30469,137829.0156,1,2,19.1334,13.644714,1343.763678,32.844434,255,1750060478,1942050691,255,0.000625,0.000483,0.000142,53,236,0,0,4,0,4,1,1,2,0,0,0,6,3,0,Normal,0,3,Exploits
25770,0.350535,tcp,-,FIN,92,164,5696,192828,727.459444,31,29,128603.4219,4373954.0,10,71,3.848451,2.147251,229.658075,147.517142,255,3866703454,1721826678,255,0.00066,0.000529,0.000131,62,1176,0,0,19,0,10,6,1,6,0,0,0,10,20,0,Normal,0,3,Exploits
37898,0.001039,udp,dns,CON,2,2,146,178,2887.391736,31,29,562078.9375,685274.3125,0,0,0.004,0.002,0.0,0.0,0,0,0,0,0.0,0.0,0.0,73,89,0,0,2,0,3,1,1,1,0,0,0,2,6,0,Normal,0,3,Exploits
61471,1.161586,tcp,-,FIN,20,22,1112,1646,35.296567,62,252,7279.70166,10826.57617,7,9,61.136107,53.700143,3154.931083,2855.32746,255,3554562285,1409321668,255,0.064085,0.014831,0.049254,56,75,0,0,5,1,2,1,1,2,0,0,0,3,2,0,Exploits,1,3,Exploits
36772,0.224416,tcp,ftp-data,FIN,8,12,424,8824,84.664194,31,29,13225.43848,288357.3438,1,4,32.013429,20.357455,2100.980564,1662.242265,255,2516853986,2624784155,255,0.000613,0.000481,0.000132,53,735,0,0,3,0,3,1,1,3,0,0,0,5,3,0,Normal,0,3,Exploits
46352,0.472621,tcp,-,FIN,10,8,1526,354,35.969625,254,252,23257.53711,5247.333496,2,1,50.862333,51.907,3379.368048,99.816375,255,1150203896,1742251364,255,0.131017,0.109262,0.021755,153,44,0,0,9,1,3,3,1,3,0,0,0,4,10,0,Fuzzers,1,3,Exploits
62591,4e-06,udp,dns,INT,2,0,114,0,250000.0006,254,0,114000000.0,0.0,0,0,0.004,0.0,0.0,0.0,0,0,0,0,0.0,0.0,0.0,57,0,0,0,4,2,4,4,4,4,0,0,0,5,4,0,Generic,1,3,Exploits
59726,0.958558,tcp,http,FIN,58,14,68115,612,74.06959,254,252,558680.8125,4748.799805,26,1,16.380474,67.465078,1734.714719,87.199789,255,2257035405,417224820,255,0.117003,0.081504,0.035499,1174,44,0,0,3,1,1,1,1,1,0,0,0,1,3,0,Fuzzers,1,3,Exploits
16696,8e-06,udp,dns,INT,2,0,114,0,125000.0003,254,0,57000000.0,0.0,0,0,0.008,0.0,0.0,0.0,0,0,0,0,0.0,0.0,0.0,57,0,0,0,28,2,3,3,3,28,0,0,0,3,28,0,Generic,1,3,Exploits
61968,1.1e-05,udp,dns,INT,2,0,114,0,90909.0902,254,0,41454544.0,0.0,0,0,0.011,0.0,0.0,0.0,0,0,0,0,0.0,0.0,0.0,57,0,0,0,18,2,4,4,4,4,0,0,0,4,18,0,Generic,1,3,Exploits
8075,8e-06,unas,-,INT,2,0,200,0,125000.0003,254,0,100000000.0,0.0,0,0,0.008,0.0,0.0,0.0,0,0,0,0,0.0,0.0,0.0,100,0,0,0,9,2,5,5,5,9,0,0,0,15,9,0,DoS,1,3,Exploits
35544,0.001297,udp,dns,CON,2,2,146,178,2313.030104,31,29,450269.875,548959.125,0,0,0.011,0.005,0.0,0.0,0,0,0,0,0.0,0.0,0.0,73,89,0,0,3,0,1,1,1,1,0,0,0,1,1,0,Normal,0,3,Exploits
38950,0.869653,tcp,ftp,FIN,52,54,2934,3740,120.737813,31,29,26474.92773,33769.79297,11,15,17.045529,16.39817,1719.132341,59.168922,255,2884018920,735472044,255,0.000698,0.000542,0.000156,56,69,0,0,1,0,6,1,1,1,1,1,0,1,1,0,Normal,0,3,Exploits
420,0.376248,tcp,http,FIN,10,6,1062,268,39.867321,254,252,20327.01758,4762.815918,2,1,40.678444,64.537199,2131.378654,101.787672,255,2512637655,419055905,255,0.099115,0.053553,0.045562,106,45,1,0,1,1,1,1,1,1,0,0,1,1,1,0,Exploits,1,9,Worms
69654,0.745248,tcp,-,FIN,10,8,756,354,22.811198,254,252,7310.317871,3327.751221,2,1,82.805333,95.082859,4400.252835,186.406937,255,1137772300,2220200697,255,0.119109,0.059329,0.05978,76,44,0,0,2,1,2,1,1,2,0,0,0,2,3,0,Normal,0,3,Exploits
30834,0.961585,tcp,ftp,FIN,52,54,2934,3742,109.194717,31,29,23943.80078,30557.88086,11,15,18.848333,18.132434,1688.9739,61.370828,255,2880265345,2881353170,255,0.000699,0.000561,0.000138,56,69,0,0,1,0,6,1,1,2,1,1,0,3,1,0,Normal,0,3,Exploits
70000,0.838983,tcp,http,FIN,60,14,68199,612,87.010106,254,252,639469.4375,5425.616699,27,1,14.220051,61.23277,1463.824714,95.985055,255,654369814,525559181,255,0.082511,0.025855,0.056656,1137,44,1,0,2,1,8,1,1,2,0,0,1,2,2,0,Normal,0,3,Exploits
51122,1.1e-05,sctp,-,INT,2,0,552,0,90909.0902,254,0,200727264.0,0.0,0,0,0.011,0.0,0.0,0.0,0,0,0,0,0.0,0.0,0.0,276,0,0,0,2,2,2,2,2,2,0,0,0,2,2,0,Exploits,1,3,Exploits
63949,8.039647,tcp,-,FIN,26,26,6959,2206,6.343562,62,252,6658.998535,2111.5354,9,8,320.431565,317.933156,30680.70132,880.060438,255,182338150,3967163731,255,0.185692,0.091314,0.094378,268,85,0,0,2,1,1,1,1,1,0,0,0,1,1,0,Exploits,1,3,Exploits
6932,9e-06,ipv6-route,-,INT,2,0,200,0,111111.1072,254,0,88888888.0,0.0,0,0,0.009,0.0,0.0,0.0,0,0,0,0,0.0,0.0,0.0,100,0,0,0,7,2,2,2,2,7,0,0,0,2,7,0,DoS,1,3,Exploits
70201,1.37646,tcp,-,FIN,10,8,534,354,12.350523,254,252,2795.577148,1801.723267,2,1,152.836444,176.202281,8814.656998,244.123641,255,2376738250,2909622,255,0.233523,0.143041,0.090482,53,44,0,0,3,1,1,1,1,1,0,0,0,2,2,0,Normal,0,3,Exploits
6763,5e-06,larp,-,INT,2,0,200,0,200000.0051,254,0,160000000.0,0.0,0,0,0.005,0.0,0.0,0.0,0,0,0,0,0.0,0.0,0.0,100,0,0,0,6,2,2,2,2,6,0,0,0,11,6,0,DoS,1,3,Exploits
5013,8e-06,uti,-,INT,2,0,200,0,125000.0003,254,0,100000000.0,0.0,0,0,0.008,0.0,0.0,0.0,0,0,0,0,0.0,0.0,0.0,100,0,0,0,5,2,2,2,2,5,0,0,0,11,5,0,Exploits,1,3,Exploits
71179,0.517804,tcp,-,FIN,10,6,534,268,28.968489,254,252,7431.382812,3460.768799,2,1,56.068889,89.467203,2923.984357,135.870969,255,3626508886,1328118489,255,0.161716,0.070465,0.091251,53,45,0,0,1,1,1,1,1,1,0,0,0,2,2,0,Normal,0,3,Exploits
3309,8e-06,unas,-,INT,2,0,200,0,125000.0003,254,0,100000000.0,0.0,0,0,0.008,0.0,0.0,0.0,0,0,0,0,0.0,0.0,0.0,100,0,0,0,7,2,4,3,3,7,0,0,0,6,7,0,DoS,1,3,Exploits
20779,5e-06,udp,dns,INT,2,0,114,0,200000.0051,254,0,91200000.0,0.0,0,0,0.005,0.0,0.0,0.0,0,0,0,0,0.0,0.0,0.0,57,0,0,0,22,2,22,22,22,22,0,0,0,22,22,0,Generic,1,3,Exploits
46021,1.261898,tcp,-,FIN,12,8,3958,354,15.056684,254,252,23006.61328,1965.293457,3,1,107.441455,162.887578,6800.556482,231.546437,255,1338806899,1282973752,255,0.200378,0.121684,0.078694,330,44,0,0,4,1,1,1,1,1,0,0,0,1,1,0,Exploits,1,3,Exploits
41284,0.0,arp,-,INT,1,0,46,0,0.0,0,0,0.0,0.0,0,0,60000.736,0.0,0.0,0.0,0,0,0,0,0.0,0.0,0.0,46,0,0,0,1,2,1,1,1,1,0,0,0,1,1,1,Normal,0,3,Exploits
60992,7e-06,udp,dns,INT,2,0,114,0,142857.1409,254,0,65142856.0,0.0,0,0,0.007,0.0,0.0,0.0,0,0,0,0,0.0,0.0,0.0,57,0,0,0,19,2,5,5,3,5,0,0,0,5,19,0,Generic,1,3,Exploits
60472,0.552026,tcp,-,FIN,8,8,364,374,27.172634,254,252,4622.970703,4753.399414,1,2,78.750286,69.303859,4668.684806,105.64468,255,3489713151,3645006572,255,0.110711,0.066888,0.043823,46,47,0,0,1,1,1,1,1,1,0,0,0,1,1,0,Backdoor,1,3,Exploits
51862,0.177781,udp,-,CON,2,2,168,112,16.874694,254,60,3779.931396,2519.954346,0,0,0.007,0.008,0.0,0.0,0,0,0,0,0.0,0.0,0.0,84,56,0,0,4,3,1,1,1,1,0,0,0,1,1,0,Exploits,1,3,Exploits
70928,1.036317,tcp,-,FIN,10,10,608,646,18.334159,254,252,4230.365723,4492.833984,2,3,115.146333,100.556664,7114.927632,190.228703,255,313926403,3040896155,255,0.19259,0.130648,0.061942,61,65,0,0,2,1,1,1,1,2,0,0,0,1,2,0,Normal,0,3,Exploits
27037,0.001148,udp,dns,CON,2,2,146,178,2613.240395,31,29,508710.7813,620209.0625,0,0,0.01,0.03,0.0,0.0,0,0,0,0,0.0,0.0,0.0,73,89,0,0,4,0,1,3,1,1,0,0,0,4,2,0,Normal,0,3,Exploits
23436,0.001033,udp,-,CON,2,2,130,162,2904.162775,31,29,503388.2188,627299.1875,0,0,0.004,0.008,0.0,0.0,0,0,0,0,0.0,0.0,0.0,65,81,0,0,10,0,2,2,1,1,0,0,0,5,13,0,Normal,0,3,Exploits
64817,4e-06,udp,dns,INT,2,0,114,0,250000.0006,254,0,114000000.0,0.0,0,0,0.004,0.0,0.0,0.0,0,0,0,0,0.0,0.0,0.0,57,0,0,0,7,2,4,4,4,4,0,0,0,5,7,0,Generic,1,3,Exploits
12929,8e-06,udp,dns,INT,2,0,114,0,125000.0003,254,0,57000000.0,0.0,0,0,0.008,0.0,0.0,0.0,0,0,0,0,0.0,0.0,0.0,57,0,0,0,21,2,12,12,12,21,0,0,0,12,21,0,Generic,1,3,Exploits
4473,8e-06,isis,-,INT,2,0,200,0,125000.0003,254,0,100000000.0,0.0,0,0,0.008,0.0,0.0,0.0,0,0,0,0,0.0,0.0,0.0,100,0,0,0,4,2,2,2,2,4,0,0,0,11,4,0,Analysis,1,3,Exploits
7896,9e-06,unas,-,INT,2,0,200,0,111111.1072,254,0,88888888.0,0.0,0,0,0.009,0.0,0.0,0.0,0,0,0,0,0.0,0.0,0.0,100,0,0,0,8,2,5,4,4,8,0,0,0,13,8,0,DoS,1,3,Exploits
65225,2.406917,tcp,-,FIN,24,22,1268,1630,18.696115,62,252,4041.684814,5171.76123,7,9,104.637003,112.781951,6048.759294,7208.716466,255,1735715532,4101395724,255,0.069803,0.038477,0.031326,53,74,0,0,4,1,2,1,1,2,0,0,0,2,2,0,Exploits,1,3,Exploits
35680,0.001004,udp,dns,CON,2,2,146,178,2988.047923,31,29,581673.3125,709163.375,0,0,0.007,0.008,0.0,0.0,0,0,0,0,0.0,0.0,0.0,73,89,0,0,4,0,3,1,1,1,0,0,0,2,4,0,Normal,0,3,Exploits
58337,1.1e-05,udp,dns,INT,2,0,114,0,90909.0902,254,0,41454544.0,0.0,0,0,0.011,0.0,0.0,0.0,0,0,0,0,0.0,0.0,0.0,57,0,0,0,13,2,4,4,4,4,0,0,0,4,13,0,Generic,1,3,Exploits
37024,0.018683,tcp,-,FIN,48,50,2958,32368,5191.8858,31,29,1240486.0,13582830.0,7,18,0.389149,0.370755,21.744147,20.892964,255,3853951698,3854216329,255,0.000644,0.000509,0.000135,62,647,0,0,6,0,2,1,1,1,0,0,0,3,5,0,Normal,0,3,Exploits
1247,2.477743,tcp,-,FIN,14,10,5158,804,9.282642,254,252,15465.68848,2337.611328,4,2,190.59562,262.137672,15804.11881,378.859656,255,774484865,835207637,255,0.200763,0.117685,0.083078,368,80,0,0,2,1,1,1,1,1,0,0,0,2,1,0,Fuzzers,1,3,Exploits
42149,0.483512,tcp,http,FIN,10,8,802,1070,35.159416,62,252,11945.92871,15503.23438,2,2,53.723556,56.559855,2987.007477,77.149687,255,812741715,963371235,255,0.145251,0.086923,0.058328,80,134,1,132,3,1,13,2,1,4,0,0,1,4,2,0,Normal,0,3,Exploits
66037,7.337898,tcp,-,REQ,4,0,180,0,0.408836,254,0,147.181122,0.0,3,0,2445.966,0.0,3459.112,0.0,255,0,0,0,0.0,0.0,0.0,45,0,0,0,28,6,16,2,2,26,0,0,0,17,26,0,Normal,0,3,Exploits
15898,9e-06,udp,dns,INT,2,0,114,0,111111.1072,254,0,50666664.0,0.0,0,0,0.009,0.0,0.0,0.0,0,0,0,0,0.0,0.0,0.0,57,0,0,0,51,2,43,43,18,51,0,0,0,43,51,0,Generic,1,3,Exploits
37559,0.087298,udp,-,CON,4,4,568,312,80.185115,31,29,39038.69531,21443.79102,0,0,24.012334,23.978334,33.946547,33.898465,0,0,0,0,0.0,0.0,0.0,142,78,0,0,14,0,5,1,1,3,0,0,0,3,9,0,Normal,0,3,Exploits
24203,0.001027,udp,-,CON,2,2,130,162,2921.129446,31,29,506329.0938,630963.9375,0,0,0.006,0.01,0.0,0.0,0,0,0,0,0.0,0.0,0.0,65,81,0,0,16,0,5,1,1,2,0,0,0,6,19,0,Normal,0,3,Exploits
25251,0.078007,tcp,-,FIN,60,62,3614,49342,1551.142892,31,29,364480.125,4978733.0,7,24,1.316458,1.269541,80.588909,78.765857,255,632176052,632497947,255,0.00068,0.000554,0.000126,60,796,0,0,9,0,2,1,1,1,0,0,0,3,4,0,Normal,0,3,Exploits
10830,0.634229,tcp,pop3,FIN,20,22,976,5718,64.645419,62,252,11705.55078,68858.40625,7,9,33.380474,29.545618,1704.665082,1640.374324,255,490013451,3094594305,255,0.026501,0.013123,0.013378,49,260,0,0,1,1,1,1,1,1,0,0,0,1,1,0,Exploits,1,3,Exploits
62177,0.558246,tcp,-,FIN,10,6,568,268,26.869874,254,252,7337.26709,3210.054199,2,1,55.773333,102.865602,3109.036875,162.885359,255,3647399316,822834033,255,0.143165,0.043914,0.099251,57,45,0,0,2,1,1,1,1,1,0,0,0,1,2,0,Generic,1,3,Exploits
324,0.823709,tcp,http,FIN,12,28,914,29346,47.346817,62,252,8138.796387,274834.9063,2,11,74.882636,28.308852,5161.273419,3164.931511,255,3770212799,282351333,255,0.141144,0.058747,0.082397,76,1048,1,13825,2,1,1,1,1,1,0,0,1,1,1,0,Exploits,1,3,Exploits
12259,9e-06,udp,dns,INT,2,0,114,0,111111.1072,254,0,50666664.0,0.0,0,0,0.009,0.0,0.0,0.0,0,0,0,0,0.0,0.0,0.0,57,0,0,0,17,2,9,9,9,17,0,0,0,9,17,0,Generic,1,3,Exploits
19578,6e-06,udp,dns,INT,2,0,114,0,166666.6608,254,0,76000000.0,0.0,0,0,0.006,0.0,0.0,0.0,0,0,0,0,0.0,0.0,0.0,57,0,0,0,29,2,18,18,18,29,0,0,0,20,29,0,Generic,1,3,Exploits
30564,0.005701,udp,-,CON,4,4,568,304,1227.85479,31,29,597789.875,319943.875,0,0,1.643333,1.382667,2.314833,1.948316,0,0,0,0,0.0,0.0,0.0,142,76,0,0,4,0,5,1,1,3,0,0,0,3,10,0,Normal,0,3,Exploits
21544,8e-06,udp,dns,INT,2,0,114,0,125000.0003,254,0,57000000.0,0.0,0,0,0.008,0.0,0.0,0.0,0,0,0,0,0.0,0.0,0.0,57,0,0,0,43,2,37,37,21,43,0,0,0,37,43,0,Generic,1,3,Exploits
55368,1e-05,udp,dns,INT,2,0,114,0,100000.0025,254,0,45600000.0,0.0,0,0,0.01,0.0,0.0,0.0,0,0,0,0,0.0,0.0,0.0,57,0,0,0,16,2,3,3,3,3,0,0,0,3,16,0,Generic,1,3,Exploits
12946,8e-06,udp,dns,INT,2,0,114,0,125000.0003,254,0,57000000.0,0.0,0,0,0.008,0.0,0.0,0.0,0,0,0,0,0.0,0.0,0.0,57,0,0,0,42,2,22,21,12,42,0,0,0,21,42,0,Generic,1,3,Exploits
18995,2e-06,udp,dns,INT,2,0,114,0,500000.0013,254,0,228000000.0,0.0,0,0,0.002,0.0,0.0,0.0,0,0,0,0,0.0,0.0,0.0,57,0,0,0,29,2,10,10,10,29,0,0,0,10,29,0,Generic,1,3,Exploits
79517,0.96508,tcp,-,FIN,10,8,550,354,17.61512,254,252,4103.286621,2569.735107,2,1,102.476889,121.158141,5902.785819,189.972469,255,2349761445,2340216898,255,0.194058,0.116966,0.077092,55,44,0,0,10,1,2,3,1,4,0,0,0,3,4,0,Normal,0,3,Exploits
74301,1.267942,tcp,http,FIN,10,10,796,1198,14.984913,62,252,4523.866211,6807.882812,2,2,140.808667,134.328219,7838.937577,233.601531,255,3154411621,216125255,255,0.130701,0.058981,0.07172,80,120,1,154,1,1,1,1,1,1,0,0,1,2,2,0,Normal,0,3,Exploits
33392,0.001049,udp,dns,CON,2,2,146,178,2859.866662,31,29,556720.6875,678741.6875,0,0,0.011,0.01,0.0,0.0,0,0,0,0,0.0,0.0,0.0,73,89,0,0,3,0,1,2,1,1,0,0,0,2,3,0,Normal,0,3,Exploits
36569,0.001152,udp,dns,CON,2,2,130,162,2604.166575,31,29,451388.875,562500.0,0,0,0.001,0.004,0.0,0.0,0,0,0,0,0.0,0.0,0.0,65,81,0,0,5,0,2,1,1,1,0,0,0,1,3,0,Normal,0,3,Exploits
58815,4e-06,udp,dns,INT,2,0,114,0,250000.0006,254,0,114000000.0,0.0,0,0,0.004,0.0,0.0,0.0,0,0,0,0,0.0,0.0,0.0,57,0,0,0,14,2,4,4,4,4,0,0,0,6,14,0,Generic,1,3,Exploits
19210,7e-06,udp,dns,INT,2,0,114,0,142857.1409,254,0,65142856.0,0.0,0,0,0.007,0.0,0.0,0.0,0,0,0,0,0.0,0.0,0.0,57,0,0,0,46,2,42,42,18,46,0,0,0,42,46,0,Generic,1,3,Exploits
10711,1.203512,tcp,-,FIN,10,8,564,354,14.125327,254,252,3376.78418,2060.635986,2,1,131.767333,164.283719,8667.54387,251.995719,255,715538342,1241146816,255,0.071912,0.053523,0.018389,56,44,0,0,1,1,1,1,1,1,0,0,0,1,1,0,Reconnaissance,1,3,Exploits
22360,6e-06,udp,dns,INT,2,0,114,0,166666.6608,254,0,76000000.0,0.0,0,0,0.006,0.0,0.0,0.0,0,0,0,0,0.0,0.0,0.0,57,0,0,0,18,2,14,14,14,18,0,0,0,14,18,0,Generic,1,3,Exploits
81211,0.778382,tcp,-,FIN,14,10,774,556,29.548474,254,252,7389.687988,5149.142578,4,3,58.207154,79.800336,2975.746028,93.221797,255,3250870482,3664344919,255,0.10487,0.06017,0.0447,55,56,0,0,3,1,1,1,1,3,0,0,0,1,3,0,Normal,0,3,Exploits
42456,1.214457,tcp,-,FIN,10,8,2516,354,13.998025,254,252,14920.24805,2042.064819,2,1,128.177333,163.236141,8828.924798,213.889516,255,2677440583,1737421002,255,0.168199,0.071795,0.096404,252,44,0,0,2,1,1,1,1,1,0,0,0,1,1,0,Normal,0,3,Exploits
69477,1.203478,tcp,-,FIN,14,10,774,556,19.111276,254,252,4779.480957,3330.347656,4,3,86.662536,121.456,4377.068414,151.309266,255,1523608593,332078272,255,0.230091,0.110365,0.119726,55,56,0,0,4,1,19,3,3,4,0,0,0,4,4,0,Normal,0,3,Exploits
78874,2e-06,udp,-,INT,2,0,104,0,500000.0013,254,0,208000000.0,0.0,0,0,0.002,0.0,0.0,0.0,0,0,0,0,0.0,0.0,0.0,52,0,0,0,3,2,1,1,1,2,0,0,0,1,4,0,Normal,0,3,Exploits
46292,2.232156,tcp,smtp,FIN,36,22,25358,1776,25.535849,62,252,88359.41406,6078.428223,15,8,63.775886,100.179523,4487.393402,136.0935,255,4110304784,3071422357,255,0.140421,0.07298,0.067441,704,81,0,0,1,1,1,1,1,1,0,0,0,1,1,0,Exploits,1,3,Exploits
12521,0.76188,tcp,http,FIN,10,8,964,1964,22.313226,62,252,9114.296875,18050.08789,2,2,84.557778,93.84357,4273.621333,162.536469,255,344186074,3454249075,255,0.176383,0.104972,0.071411,96,246,1,516,1,1,1,1,1,1,0,0,1,1,1,0,Generic,1,3,Exploits
21682,6e-06,udp,dns,INT,2,0,114,0,166666.6608,254,0,76000000.0,0.0,0,0,0.006,0.0,0.0,0.0,0,0,0,0,0.0,0.0,0.0,57,0,0,0,25,2,25,25,25,25,0,0,0,25,25,0,Generic,1,3,Exploits
2246,9e-06,sdrp,-,INT,2,0,200,0,111111.1072,254,0,88888888.0,0.0,0,0,0.009,0.0,0.0,0.0,0,0,0,0,0.0,0.0,0.0,100,0,0,0,7,2,1,1,1,7,0,0,0,1,7,0,Exploits,1,3,Exploits
65276,1e-05,udp,dns,INT,2,0,114,0,100000.0025,254,0,45600000.0,0.0,0,0,0.01,0.0,0.0,0.0,0,0,0,0,0.0,0.0,0.0,57,0,0,0,9,2,4,4,4,4,0,0,0,4,9,0,Generic,1,3,Exploits
8845,3.028972,tcp,smtp,FIN,48,24,41210,2042,23.440297,62,252,106576.0938,5168.750488,21,8,64.446213,127.603562,5082.754877,176.705047,255,3338294793,1624823672,255,0.153981,0.093317,0.060664,859,85,0,0,1,1,1,1,1,1,0,0,0,2,1,0,Exploits,1,3,Exploits
78355,1.109222,tcp,-,FIN,10,8,614,354,15.326057,254,252,3988.380859,2235.80127,2,1,123.190111,134.884,7129.335485,220.519453,255,1425241650,559381371,255,0.329447,0.165033,0.164414,61,44,0,0,2,1,1,1,1,2,0,0,0,1,3,0,Normal,0,3,Exploits
43296,0.679706,tcp,-,FIN,32,12,27760,642,63.262648,254,252,316525.0938,6932.40918,13,3,21.313258,56.154816,1622.664414,68.767531,255,3100951520,544267958,255,0.097908,0.062001,0.035907,868,54,0,0,5,1,2,2,1,5,0,0,0,2,5,0,Normal,0,3,Exploits
40853,0.65084,tcp,http,FIN,10,8,826,1070,26.120092,62,252,9145.105469,11517.42383,2,2,72.315556,81.665711,3499.239774,114.412828,255,1110807857,1818508542,255,0.144938,0.078603,0.066335,83,134,1,133,5,1,1,1,1,5,0,0,1,2,5,0,Normal,0,3,Exploits
58502,7e-06,udp,dns,INT,2,0,114,0,142857.1409,254,0,65142856.0,0.0,0,0,0.007,0.0,0.0,0.0,0,0,0,0,0.0,0.0,0.0,57,0,0,0,10,2,3,3,3,3,0,0,0,5,10,0,Generic,1,3,Exploits
74288,1.089026,tcp,-,FIN,10,8,590,354,15.61028,254,252,3900.733398,2277.264404,2,1,117.099778,141.822141,6725.056964,270.648781,255,2484898533,250987030,255,0.160655,0.096239,0.064416,59,44,0,0,3,1,2,1,1,3,0,0,0,1,6,0,Normal,0,3,Exploits
55085,7e-06,udp,dns,INT,2,0,114,0,142857.1409,254,0,65142856.0,0.0,0,0,0.007,0.0,0.0,0.0,0,0,0,0,0.0,0.0,0.0,57,0,0,0,15,2,8,7,3,7,0,0,0,7,15,0,Generic,1,3,Exploits
61734,0.633321,tcp,-,FIN,10,12,846,3968,33.158541,62,252,9625.451172,45954.57813,2,3,70.369,53.306271,4324.798853,4047.715762,255,2445039149,3358367010,255,0.16731,0.046269,0.121041,85,331,0,0,6,1,2,2,1,2,0,0,0,2,6,0,Exploits,1,3,Exploits
19294,5e-06,udp,dns,INT,2,0,114,0,200000.0051,254,0,91200000.0,0.0,0,0,0.005,0.0,0.0,0.0,0,0,0,0,0.0,0.0,0.0,57,0,0,0,41,2,39,39,24,41,0,0,0,39,41,0,Generic,1,3,Exploits
62332,9e-06,udp,-,INT,2,0,1514,0,111111.1072,254,0,672888896.0,0.0,0,0,0.009,0.0,0.0,0.0,0,0,0,0,0.0,0.0,0.0,757,0,0,0,5,2,1,1,1,1,0,0,0,1,3,0,Fuzzers,1,9,Worms
374,3e-06,sctp,-,INT,2,0,776,0,333333.3215,254,0,1034666624.0,0.0,0,0,0.003,0.0,0.0,0.0,0,0,0,0,0.0,0.0,0.0,388,0,0,0,1,2,1,1,1,1,0,0,0,1,1,0,Exploits,1,9,Worms
16064,3e-06,udp,dns,INT,2,0,114,0,333333.3215,254,0,152000000.0,0.0,0,0,0.003,0.0,0.0,0.0,0,0,0,0,0.0,0.0,0.0,57,0,0,0,20,2,18,18,18,20,0,0,0,18,20,0,Generic,1,3,Exploits
18662,9e-06,udp,dns,INT,2,0,114,0,111111.1072,254,0,50666664.0,0.0,0,0,0.009,0.0,0.0,0.0,0,0,0,0,0.0,0.0,0.0,57,0,0,0,43,2,43,43,18,43,0,0,0,44,43,0,Generic,1,3,Exploits
74737,1e-05,tcp,-,REQ,2,0,90,0,100000.0025,254,0,36000000.0,0.0,1,0,0.01,0.0,0.0,0.0,255,0,0,0,0.0,0.0,0.0,45,0,0,0,5,6,19,1,1,22,0,0,0,19,5,0,Normal,0,3,Exploits
53308,1e-05,wb-expak,-,INT,2,0,200,0,100000.0025,254,0,80000000.0,0.0,0,0,0.01,0.0,0.0,0.0,0,0,0,0,0.0,0.0,0.0,100,0,0,0,12,2,4,4,4,4,0,0,0,5,12,0,Fuzzers,1,3,Exploits
28087,0.005073,tcp,-,FIN,18,18,4256,2456,6899.270361,31,29,6339444.0,3658584.5,7,7,0.279647,0.265294,13.846706,0.351925,255,915842929,919059469,255,0.000733,0.000558,0.000175,236,136,0,0,7,0,4,1,1,3,0,0,0,3,5,0,Normal,0,3,Exploits
68979,3e-06,tcp,-,REQ,2,0,90,0,333333.3215,254,0,119999992.0,0.0,1,0,0.003,0.0,0.0,0.0,255,0,0,0,0.0,0.0,0.0,45,0,0,0,8,6,6,1,1,7,0,0,0,5,7,0,Normal,0,3,Exploits
21795,2e-06,udp,dns,INT,2,0,114,0,500000.0013,254,0,228000000.0,0.0,0,0,0.002,0.0,0.0,0.0,0,0,0,0,0.0,0.0,0.0,57,0,0,0,36,2,18,18,18,36,0,0,0,18,36,0,Generic,1,3,Exploits
13374,3e-06,udp,dns,INT,2,0,114,0,333333.3215,254,0,152000000.0,0.0,0,0,0.003,0.0,0.0,0.0,0,0,0,0,0.0,0.0,0.0,57,0,0,0,31,2,15,15,15,31,0,0,0,15,31,0,Generic,1,3,Exploits
49566,0.673565,tcp,-,FIN,10,8,564,354,25.238842,254,252,6033.567871,3681.901611,2,1,71.350444,95.155141,5593.887895,138.33725,255,2230125839,1346608679,255,0.05391,0.007472,0.046438,56,44,0,0,1,1,1,1,1,1,0,0,0,1,1,0,Reconnaissance,1,3,Exploits
49066,0.246691,tcp,http,FIN,10,8,784,1786,68.91212,62,252,22895.03906,50686.89063,2,2,27.410111,31.316143,1449.390347,54.72907,255,3385477274,804302755,255,0.060603,0.01442,0.046183,78,223,1,475,1,1,1,1,1,1,0,0,1,1,1,0,Exploits,1,3,Exploits
68865,3e-06,tcp,-,REQ,2,0,90,0,333333.3215,254,0,119999992.0,0.0,1,0,0.003,0.0,0.0,0.0,255,0,0,0,0.0,0.0,0.0,45,0,0,0,9,6,5,1,1,8,0,0,0,6,8,0,Normal,0,3,Exploits
15295,1e-06,udp,dns,INT,2,0,114,0,1000000.003,254,0,456000000.0,0.0,0,0,0.001,0.0,0.0,0.0,0,0,0,0,0.0,0.0,0.0,57,0,0,0,21,2,7,7,3,21,0,0,0,8,21,0,Generic,1,3,Exploits
29684,0.017926,tcp,-,FIN,36,38,2334,16290,4072.297209,31,29,1013053.688,7078880.0,7,12,0.503257,0.470595,32.819735,32.035484,255,1802930360,1803194996,255,0.000935,0.000508,0.000427,65,429,0,0,7,0,3,1,1,1,0,0,0,2,9,0,Normal,0,3,Exploits
82021,0.716799,tcp,-,FIN,10,6,534,268,20.926368,254,252,5368.311035,2500.003418,2,1,75.831556,125.212797,4007.437383,205.095719,255,2116560518,1427793412,255,0.183395,0.090727,0.092668,53,45,0,0,2,1,1,1,1,2,0,0,0,2,2,0,Normal,0,3,Exploits
57750,1.223328,tcp,http,FIN,10,10,908,2538,15.531403,62,252,5349.342285,14942.84473,2,2,135.915444,124.836555,7270.626395,257.291938,255,207949102,725643264,255,0.184135,0.099776,0.084359,91,254,1,801,1,1,1,1,1,1,0,0,1,1,1,0,Exploits,1,3,Exploits
50029,5e-06,egp,-,INT,2,0,180,0,200000.0051,254,0,144000000.0,0.0,0,0,0.005,0.0,0.0,0.0,0,0,0,0,0.0,0.0,0.0,90,0,0,0,8,2,5,4,4,4,0,0,0,4,6,0,Fuzzers,1,3,Exploits
82276,1.186064,tcp,-,FIN,10,8,534,354,14.333122,254,252,3244.344238,2090.949463,2,1,121.987222,162.980859,7521.300563,241.578641,255,1642888802,1279581859,255,0.102625,0.045197,0.057428,53,44,0,0,3,1,1,1,1,1,0,0,0,2,2,0,Normal,0,3,Exploits
75455,0.335171,tcp,http,FIN,10,8,794,1052,50.720376,62,252,17065.91406,21982.80859,2,2,37.241222,40.19,1878.344201,69.262141,255,560404352,1354149677,255,0.080704,0.02651,0.054194,79,132,1,123,1,1,1,1,1,1,0,0,1,1,1,0,Normal,0,3,Exploits
29647,0.003655,udp,-,CON,4,4,512,304,1915.184735,31,29,840492.5,499042.4375,0,0,1.090667,0.863667,1.532538,1.213633,0,0,0,0,0.0,0.0,0.0,128,76,0,0,5,0,3,1,1,3,0,0,0,5,12,0,Normal,0,3,Exploits
16687,3.2e-05,udp,dns,INT,2,0,114,0,31250.00008,254,0,14250000.0,0.0,0,0,0.032,0.0,0.0,0.0,0,0,0,0,0.0,0.0,0.0,57,0,0,0,31,2,20,20,8,31,0,0,0,20,31,0,Generic,1,3,Exploits
40146,0.004412,udp,-,CON,4,4,568,312,1586.582025,31,29,772438.8125,424297.375,0,0,1.168,1.014,1.642611,1.425528,0,0,0,0,0.0,0.0,0.0,142,78,0,0,9,0,4,1,1,3,0,0,0,5,8,0,Normal,0,3,Exploits
4089,5e-06,pri-enc,-,INT,2,0,200,0,200000.0051,254,0,160000000.0,0.0,0,0,0.005,0.0,0.0,0.0,0,0,0,0,0.0,0.0,0.0,100,0,0,0,5,2,2,1,1,5,0,0,0,9,5,0,Exploits,1,3,Exploits
80387,1e-05,tcp,-,REQ,2,0,90,0,100000.0025,254,0,36000000.0,0.0,1,0,0.01,0.0,0.0,0.0,255,0,0,0,0.0,0.0,0.0,45,0,0,0,7,6,2,1,1,7,0,0,0,2,7,0,Normal,0,3,Exploits
17213,9e-06,udp,dns,INT,2,0,114,0,111111.1072,254,0,50666664.0,0.0,0,0,0.009,0.0,0.0,0.0,0,0,0,0,0.0,0.0,0.0,57,0,0,0,44,2,8,8,5,44,0,0,0,8,44,0,Generic,1,3,Exploits
52697,4e-06,srp,-,INT,2,0,200,0,250000.0006,254,0,200000000.0,0.0,0,0,0.004,0.0,0.0,0.0,0,0,0,0,0.0,0.0,0.0,100,0,0,0,14,2,4,4,4,4,0,0,0,11,14,0,Exploits,1,3,Exploits
41102,0.241849,tcp,-,CON,6,2,998,86,28.943679,62,252,27521.30469,1422.375122,2,1,48.3698,0.008,2468.418733,0.0,255,1475274417,3687651317,255,0.145781,0.116658,0.029123,166,43,0,0,6,3,3,2,1,6,0,0,0,2,6,0,Normal,0,3,Exploits
17094,9e-06,udp,dns,INT,2,0,114,0,111111.1072,254,0,50666664.0,0.0,0,0,0.009,0.0,0.0,0.0,0,0,0,0,0.0,0.0,0.0,57,0,0,0,20,2,20,20,20,20,0,0,0,20,20,0,Generic,1,3,Exploits
58753,1.688092,tcp,smtp,FIN,118,34,134732,2458,89.450101,62,252,633098.1875,11307.44043,56,8,14.428137,49.969242,1383.734645,59.206562,255,305491933,3572757791,255,0.065015,0.03854,0.026475,1142,72,0,0,1,1,1,1,1,1,0,0,0,1,1,0,Exploits,1,3,Exploits
66969,0.714727,tcp,-,FIN,10,6,558,268,20.987035,254,252,5630.12207,2507.250977,2,1,77.132667,113.251602,4357.597589,185.350188,255,950509765,3780672263,255,0.345636,0.148466,0.19717,56,45,0,0,4,1,1,1,1,4,0,0,0,1,3,0,Normal,0,3,Exploits
40557,0.520666,tcp,-,CON,6,2,998,86,13.444319,62,252,12783.62695,660.692261,2,1,104.1332,0.006,5864.383379,0.0,255,2765721880,1764879716,255,0.395362,0.191852,0.20351,166,43,0,0,3,3,2,2,1,3,0,0,0,2,3,0,Normal,0,3,Exploits
76242,1.063874,tcp,-,FIN,10,8,534,354,15.979336,254,252,3616.969727,2331.103027,2,1,114.742889,140.146281,6839.656238,239.495313,255,1764614013,893378447,255,0.239838,0.082845,0.156993,53,44,0,0,4,1,2,2,1,2,0,0,0,2,3,0,Normal,0,3,Exploits
16613,1e-05,udp,dns,INT,2,0,114,0,100000.0025,254,0,45600000.0,0.0,0,0,0.01,0.0,0.0,0.0,0,0,0,0,0.0,0.0,0.0,57,0,0,0,34,2,18,18,18,34,0,0,0,18,34,0,Generic,1,3,Exploits
28414,1.006884,tcp,http,FIN,12,18,1580,10168,28.80173,31,29,11512.74609,76306.70313,3,5,91.504364,59.196647,9528.478823,7684.580696,255,4147224890,1998670028,255,0.000672,0.000538,0.000134,132,565,1,3924,3,0,1,2,1,1,0,0,1,9,1,0,Normal,0,3,Exploits
51693,1e-05,udp,dns,INT,2,0,114,0,100000.0025,254,0,45600000.0,0.0,0,0,0.01,0.0,0.0,0.0,0,0,0,0,0.0,0.0,0.0,57,0,0,0,7,2,4,4,4,4,0,0,0,4,7,0,Generic,1,3,Exploits
6145,0.232944,tcp,http,FIN,10,10,798,3744,81.564669,62,252,24692.63086,115735.9688,2,3,25.882667,18.633444,1296.952098,1348.341161,255,868222317,4273983482,255,0.076449,0.056684,0.019765,80,374,1,1406,1,1,1,1,1,1,0,0,1,1,1,0,Exploits,1,3,Exploits
20757,6e-06,udp,dns,INT,2,0,114,0,166666.6608,254,0,76000000.0,0.0,0,0,0.006,0.0,0.0,0.0,0,0,0,0,0.0,0.0,0.0,57,0,0,0,33,2,25,25,25,33,0,0,0,25,33,0,Generic,1,3,Exploits
5993,0.127695,udp,-,CON,4,4,1954,2170,54.818124,254,60,91843.85156,101993.0313,0,0,42.565,10.135667,60.182566,14.32127,0,0,0,0,0.0,0.0,0.0,489,543,0,0,2,0,2,2,2,2,0,0,0,2,2,0,DoS,1,3,Exploits
6822,3e-06,idpr,-,INT,2,0,200,0,333333.3215,254,0,266666656.0,0.0,0,0,0.003,0.0,0.0,0.0,0,0,0,0,0.0,0.0,0.0,100,0,0,0,4,2,2,1,1,4,0,0,0,2,4,0,Exploits,1,3,Exploits
67627,1.412279,tcp,-,FIN,12,8,4658,354,13.453432,254,252,24187.85547,1756.026978,3,1,128.389001,189.922578,7744.820184,327.122969,255,2971706156,2761455907,255,0.2148,0.082189,0.132611,388,44,0,0,6,1,1,1,1,1,0,0,0,3,1,0,Normal,0,3,Exploits
67008,9e-06,udp,-,INT,2,0,104,0,111111.1072,254,0,46222220.0,0.0,0,0,0.009,0.0,0.0,0.0,0,0,0,0,0.0,0.0,0.0,52,0,0,0,4,2,1,1,1,2,0,0,0,2,4,0,Normal,0,3,Exploits
80607,1e-06,tcp,-,REQ,2,0,90,0,1000000.003,254,0,360000000.0,0.0,1,0,0.001,0.0,0.0,0.0,255,0,0,0,0.0,0.0,0.0,45,0,0,0,5,6,4,1,1,5,0,0,0,4,7,0,Normal,0,3,Exploits
2902,3e-06,micp,-,INT,2,0,200,0,333333.3215,254,0,266666656.0,0.0,0,0,0.003,0.0,0.0,0.0,0,0,0,0,0.0,0.0,0.0,100,0,0,0,6,2,3,2,2,6,0,0,0,2,6,0,Exploits,1,3,Exploits
12734,9e-06,udp,dns,INT,2,0,114,0,111111.1072,254,0,50666664.0,0.0,0,0,0.009,0.0,0.0,0.0,0,0,0,0,0.0,0.0,0.0,57,0,0,0,45,2,29,29,16,45,0,0,0,29,45,0,Generic,1,3,Exploits
3222,7.200432,rvd,-,INT,4,0,400,0,0.416642,254,0,333.313354,0.0,0,0,2400.144,0.0,3394.30925,0.0,0,0,0,0,0.0,0.0,0.0,100,0,0,0,6,2,4,3,3,6,0,0,0,13,6,0,DoS,1,3,Exploits
10721,56.709965,ospf,-,INT,66,0,7128,0,1.146183,254,0,990.302124,0.0,0,0,872.460875,0.0,1090.813625,0.0,0,0,0,0,0.0,0.0,0.0,108,0,0,0,1,2,1,1,1,1,0,0,0,2,1,0,DoS,1,3,Exploits
59586,1.3e-05,udp,-,INT,2,0,824,0,76923.07779,254,0,253538464.0,0.0,0,0,0.013,0.0,0.0,0.0,0,0,0,0,0.0,0.0,0.0,412,0,0,0,7,2,3,3,1,3,0,0,0,3,7,0,Fuzzers,1,3,Exploits
78356,9e-06,udp,-,INT,2,0,78,0,111111.1072,254,0,34666664.0,0.0,0,0,0.009,0.0,0.0,0.0,0,0,0,0,0.0,0.0,0.0,39,0,0,0,10,2,1,1,1,10,0,0,0,1,10,0,Normal,0,3,Exploits
17003,9e-06,udp,dns,INT,2,0,114,0,111111.1072,254,0,50666664.0,0.0,0,0,0.009,0.0,0.0,0.0,0,0,0,0,0.0,0.0,0.0,57,0,0,0,43,2,43,43,18,43,0,0,0,43,43,0,Generic,1,3,Exploits
57383,7e-06,iplt,-,INT,2,0,200,0,142857.1409,254,0,114285712.0,0.0,0,0,0.007,0.0,0.0,0.0,0,0,0,0,0.0,0.0,0.0,100,0,0,0,10,2,6,6,6,6,0,0,0,9,10,0,Fuzzers,1,3,Exploits
34777,0.709397,tcp,-,FIN,28,30,5080,3080,80.349929,31,29,55246.91797,33583.44922,7,7,26.25563,24.443068,1457.937941,37.193012,255,521661039,2866319856,255,0.000677,0.000543,0.000134,181,103,0,0,4,0,4,1,1,3,0,0,0,3,14,0,Normal,0,3,Exploits
58967,1.1e-05,udp,dns,INT,2,0,114,0,90909.0902,254,0,41454544.0,0.0,0,0,0.011,0.0,0.0,0.0,0,0,0,0,0.0,0.0,0.0,57,0,0,0,10,2,3,3,2,3,0,0,0,3,10,0,Generic,1,3,Exploits
18467,3e-06,udp,dns,INT,2,0,114,0,333333.3215,254,0,152000000.0,0.0,0,0,0.003,0.0,0.0,0.0,0,0,0,0,0.0,0.0,0.0,57,0,0,0,27,2,16,16,8,27,0,0,0,16,27,0,Generic,1,3,Exploits
33644,0.004739,udp,-,CON,4,4,568,304,1477.104876,31,29,719139.0625,384891.3125,0,0,1.218333,1.066333,1.713087,1.495295,0,0,0,0,0.0,0.0,0.0,142,76,0,0,6,0,5,1,1,3,0,0,0,4,12,0,Normal,0,3,Exploits
64005,0.506427,tcp,-,FIN,12,8,1066,714,37.517748,254,252,15449.41309,9873.091797,3,2,43.52091,59.455145,2294.61812,85.006734,255,2077365761,1792127445,255,0.166701,0.090234,0.076467,89,89,0,0,9,1,1,1,1,1,0,0,0,2,6,0,Fuzzers,1,3,Exploits
35559,0.001088,udp,dns,CON,2,2,146,178,2757.352893,31,29,536764.6875,654411.75,0,0,0.011,0.009,0.0,0.0,0,0,0,0,0.0,0.0,0.0,73,89,0,0,3,0,3,1,1,1,0,0,0,3,3,0,Normal,0,3,Exploits
78983,1.054562,tcp,-,FIN,10,8,534,354,16.120437,254,252,3648.908447,2351.687256,2,1,113.940556,136.12,6481.576526,217.290422,255,2959234403,2419100739,255,0.168737,0.101716,0.067021,53,44,0,0,7,1,2,3,1,6,0,0,0,3,6,0,Normal,0,3,Exploits
18370,6e-06,udp,dns,INT,2,0,114,0,166666.6608,254,0,76000000.0,0.0,0,0,0.006,0.0,0.0,0.0,0,0,0,0,0.0,0.0,0.0,57,0,0,0,18,2,19,18,18,21,0,0,0,19,18,0,Generic,1,3,Exploits
66925,0.71375,tcp,-,FIN,10,6,690,268,21.015762,254,252,6960.42041,2510.683105,2,1,70.157889,135.606406,4020.290397,198.260859,255,4271802223,3593955310,255,0.159055,0.035709,0.123346,69,45,0,0,10,1,3,3,1,9,0,0,0,4,9,0,Normal,0,3,Exploits
40294,0.74548,tcp,-,FIN,10,8,528,354,22.804099,254,252,5108.118164,3326.715576,2,1,81.265222,101.16943,5521.382649,160.918203,255,4097061352,2010396782,255,0.069359,0.037293,0.032066,53,44,0,0,2,1,1,1,1,2,0,0,0,17,2,0,Normal,0,3,Exploits
14593,3e-06,udp,dns,INT,2,0,114,0,333333.3215,254,0,152000000.0,0.0,0,0,0.003,0.0,0.0,0.0,0,0,0,0,0.0,0.0,0.0,57,0,0,0,34,2,18,18,18,34,0,0,0,19,34,0,Generic,1,3,Exploits
18358,3e-06,udp,dns,INT,2,0,114,0,333333.3215,254,0,152000000.0,0.0,0,0,0.003,0.0,0.0,0.0,0,0,0,0,0.0,0.0,0.0,57,0,0,0,30,2,30,30,12,30,0,0,0,30,30,0,Generic,1,3,Exploits
34138,0.015246,tcp,-,FIN,46,48,2854,30622,6099.960589,31,29,1465040.0,15733963.0,7,17,0.338295,0.312851,18.781291,17.839367,255,4206206885,2067133175,255,0.000679,0.000535,0.000144,62,638,0,0,9,0,6,1,1,1,0,0,0,4,5,0,Normal,0,3,Exploits
8884,2.306956,tcp,ftp,FIN,22,22,1166,1634,18.63928,62,252,3859.631348,5409.726074,7,9,109.855051,104.414807,5392.770365,6106.607853,255,275028241,3123076644,255,0.166305,0.113227,0.053078,53,74,0,0,1,1,2,1,1,2,1,1,0,3,1,0,Exploits,1,3,Exploits
73350,3.604383,tcp,http,FIN,60,18,68195,784,21.36288,254,252,148838.7969,1644.664307,27,1,61.087458,205.729531,8628.516896,370.230469,255,3454570100,1619827892,255,0.197695,0.106971,0.090724,1137,44,1,0,2,1,2,2,2,2,0,0,4,2,2,0,Normal,0,3,Exploits
62252,4.870671,tcp,-,FIN,124,38,143779,2618,33.054995,62,252,234251.1094,4188.334961,59,8,39.598951,126.392648,4229.086462,181.117375,255,1932743748,2214018650,255,0.231046,0.16834,0.062706,1160,69,0,0,2,1,2,1,1,2,0,0,0,2,2,0,Exploits,1,3,Exploits
77435,1.1e-05,udp,-,INT,2,0,1066,0,90909.0902,254,0,387636352.0,0.0,0,0,0.011,0.0,0.0,0.0,0,0,0,0,0.0,0.0,0.0,533,0,0,0,39,2,10,10,1,37,0,0,0,10,37,0,Normal,0,3,Exploits
67734,0.832873,tcp,-,FIN,10,6,1506,268,18.009949,254,252,13024.79492,2151.588623,2,1,92.427667,144.539406,4602.957974,231.101547,255,2927912642,3430801972,255,0.192879,0.11017,0.082709,151,45,0,0,2,1,1,1,1,2,0,0,0,2,3,0,Normal,0,3,Exploits
24114,0.001096,udp,-,CON,2,2,146,178,2737.226368,31,29,532846.75,649635.0625,0,0,0.004,0.008,0.0,0.0,0,0,0,0,0.0,0.0,0.0,73,89,0,0,10,0,3,1,1,1,0,0,0,1,6,0,Normal,0,3,Exploits
69870,0.638959,tcp,-,CON,6,2,1012,86,10.95532,62,252,10567.18848,538.375732,2,1,127.7918,0.009,7818.177973,0.0,255,1686770829,2644858924,255,0.544824,0.370976,0.173848,169,43,0,0,8,3,2,1,1,4,0,0,0,3,3,0,Normal,0,3,Exploits
10290,0.215777,tcp,http,FIN,10,8,788,1648,78.785044,62,252,26323.47266,53462.60547,2,2,23.975222,28.283428,1234.388025,53.133355,255,2924061745,2751247325,255,0.055366,0.009074,0.046292,79,206,1,410,1,1,1,1,1,1,0,0,1,1,1,0,Exploits,1,3,Exploits
59488,1.1e-05,udp,dns,INT,2,0,114,0,90909.0902,254,0,41454544.0,0.0,0,0,0.011,0.0,0.0,0.0,0,0,0,0,0.0,0.0,0.0,57,0,0,0,10,2,3,3,3,3,0,0,0,4,10,0,Generic,1,3,Exploits
57381,1e-05,unas,-,INT,2,0,200,0,500000.0013,254,0,400000000.0,0.0,0,0,0.002,0.0,0.0,0.0,0,0,0,0,0.0,0.0,0.0,100,0,0,0,15,2,4,4,4,4,0,0,0,9,14,0,Exploits,1,3,Exploits
19915,5e-06,udp,dns,INT,2,0,114,0,200000.0051,254,0,91200000.0,0.0,0,0,0.005,0.0,0.0,0.0,0,0,0,0,0.0,0.0,0.0,57,0,0,0,43,2,43,43,18,43,0,0,0,43,43,0,Generic,1,3,Exploits
74914,9e-06,tcp,-,REQ,2,0,90,0,111111.1072,254,0,40000000.0,0.0,1,0,0.009,0.0,0.0,0.0,255,0,0,0,0.0,0.0,0.0,45,0,0,0,12,6,2,1,1,6,0,0,0,3,6,0,Normal,0,3,Exploits
48629,1e-05,udp,dns,INT,2,0,114,0,100000.0025,254,0,45600000.0,0.0,0,0,0.01,0.0,0.0,0.0,0,0,0,0,0.0,0.0,0.0,57,0,0,0,7,2,7,7,4,7,0,0,0,11,7,0,Generic,1,3,Exploits
19528,8e-06,udp,dns,INT,2,0,114,0,125000.0003,254,0,57000000.0,0.0,0,0,0.008,0.0,0.0,0.0,0,0,0,0,0.0,0.0,0.0,57,0,0,0,44,2,35,35,15,44,0,0,0,35,44,0,Generic,1,3,Exploits
379,0.466699,ospf,-,INT,18,0,2858,0,36.426047,254,0,46282.50781,0.0,0,0,27.452883,0.0,32.106723,0.0,0,0,0,0,0.0,0.0,0.0,159,0,0,0,1,2,1,1,1,1,0,0,0,1,1,0,Exploits,1,3,Exploits
57869,4e-06,tlsp,-,INT,2,0,200,0,250000.0006,254,0,200000000.0,0.0,0,0,0.004,0.0,0.0,0.0,0,0,0,0,0.0,0.0,0.0,100,0,0,0,14,2,6,6,6,6,0,0,0,6,14,0,Analysis,1,3,Exploits
37018,0.004984,tcp,-,FIN,18,18,4232,2456,7022.471583,31,29,6415730.0,3723916.25,7,7,0.274412,0.260588,13.463152,0.342844,255,631727443,634913707,255,0.0007,0.00055,0.00015,235,136,0,0,3,0,3,1,1,3,0,0,0,4,9,0,Normal,0,3,Exploits
12490,9e-06,udp,dns,INT,2,0,114,0,111111.1072,254,0,50666664.0,0.0,0,0,0.009,0.0,0.0,0.0,0,0,0,0,0.0,0.0,0.0,57,0,0,0,28,2,23,23,23,28,0,0,0,23,28,0,Generic,1,3,Exploits
6692,5e-06,sprite-rpc,-,INT,2,0,200,0,200000.0051,254,0,160000000.0,0.0,0,0,0.005,0.0,0.0,0.0,0,0,0,0,0.0,0.0,0.0,100,0,0,0,5,2,2,2,2,5,0,0,0,3,5,0,Exploits,1,3,Exploits
53136,2.7e-05,udp,dns,INT,2,0,114,0,37037.03698,254,0,16888888.0,0.0,0,0,0.027,0.0,0.0,0.0,0,0,0,0,0.0,0.0,0.0,57,0,0,0,3,2,3,3,3,3,0,0,0,3,3,0,Generic,1,3,Exploits
71877,4e-06,udp,-,INT,2,0,1064,0,250000.0006,254,0,1064000000.0,0.0,0,0,0.004,0.0,0.0,0.0,0,0,0,0,0.0,0.0,0.0,532,0,0,0,35,2,7,7,1,35,0,0,0,7,35,0,Normal,0,3,Exploits
39462,0.052158,tcp,smtp,FIN,52,42,37268,3380,1783.043766,31,29,5606349.5,506154.375,18,8,1.015,1.257463,61.451033,2.909001,255,1581789801,3732377143,255,0.000751,0.000596,0.000155,717,80,0,0,1,0,3,1,1,1,0,0,0,5,1,0,Normal,0,3,Exploits
41698,0.756672,tcp,-,FIN,20,8,17286,354,35.682567,254,252,173623.4375,3277.509766,7,1,38.538315,98.167289,3146.08276,133.523875,255,2844660812,2028641572,255,0.12865,0.069492,0.059158,864,44,0,0,7,1,2,3,1,4,0,0,0,3,4,0,Normal,0,3,Exploits
19081,9e-06,udp,dns,INT,2,0,114,0,111111.1072,254,0,50666664.0,0.0,0,0,0.009,0.0,0.0,0.0,0,0,0,0,0.0,0.0,0.0,57,0,0,0,37,2,16,16,16,37,0,0,0,16,37,0,Generic,1,3,Exploits
42493,3e-06,udp,-,INT,2,0,198,0,333333.3215,254,0,263999984.0,0.0,0,0,0.003,0.0,0.0,0.0,0,0,0,0,0.0,0.0,0.0,99,0,0,0,8,2,1,1,1,3,0,0,0,3,3,0,Normal,0,3,Exploits
62559,9e-06,udp,dns,INT,2,0,114,0,111111.1072,254,0,50666664.0,0.0,0,0,0.009,0.0,0.0,0.0,0,0,0,0,0.0,0.0,0.0,57,0,0,0,7,2,4,4,4,4,0,0,0,4,7,0,Generic,1,3,Exploits
31976,0.002383,udp,dns,CON,2,2,132,164,1258.917339,31,29,221569.4531,275283.25,0,0,0.01,0.005,0.0,0.0,0,0,0,0,0.0,0.0,0.0,66,82,0,0,3,0,3,2,1,1,0,0,0,6,8,0,Normal,0,3,Exploits
629,9e-06,udp,-,INT,2,0,168,0,111111.1072,254,0,74666664.0,0.0,0,0,0.009,0.0,0.0,0.0,0,0,0,0,0.0,0.0,0.0,84,0,0,0,1,2,1,1,1,1,0,0,0,2,1,0,Reconnaissance,1,3,Exploits
40624,1.476201,tcp,-,FIN,10,8,2516,354,11.516046,254,252,12274.75098,1679.987915,2,1,164.022333,191.584719,12074.71056,312.499437,255,1495124468,137456064,255,0.172455,0.09029,0.082165,252,44,0,0,5,1,1,1,1,1,0,0,0,2,1,0,Normal,0,3,Exploits
81160,0.537778,tcp,http,FIN,10,8,824,1188,31.611556,62,252,11038.01172,15471.06738,2,2,59.753111,60.349855,3148.272215,101.778688,255,1350420095,1720669220,255,0.129344,0.072069,0.057275,82,149,1,186,5,1,2,3,2,4,0,0,4,4,4,0,Normal,0,3,Exploits
70384,1.100514,tcp,-,FIN,10,6,534,268,13.629994,254,252,3496.547852,1628.329956,2,1,117.315111,205.617406,7767.928759,366.545469,255,4110093635,2950590767,255,0.160862,0.072418,0.088444,53,45,0,0,4,1,1,1,1,2,0,0,0,2,2,0,Normal,0,3,Exploits
43942,1.444929,tcp,http,FIN,58,14,68115,612,49.137362,254,252,370625.8125,3150.327881,26,1,23.702596,103.291,2365.561409,154.547203,255,2019601156,1901499291,255,0.195667,0.102136,0.093531,1174,44,1,0,3,1,1,1,1,1,0,0,1,1,2,0,Fuzzers,1,3,Exploits
80662,9e-06,udp,-,INT,2,0,104,0,111111.1072,254,0,46222220.0,0.0,0,0,0.009,0.0,0.0,0.0,0,0,0,0,0.0,0.0,0.0,52,0,0,0,5,2,1,1,1,2,0,0,0,2,2,0,Normal,0,3,Exploits
67904,0.616422,tcp,-,FIN,10,6,514,268,24.333979,254,252,6008.870605,2907.099365,2,1,68.474889,110.673203,3457.879267,183.822719,255,4167519928,2284931824,255,0.145586,0.063052,0.082534,51,45,0,0,3,1,1,1,1,3,0,0,0,1,3,0,Normal,0,3,Exploits
54751,1e-05,secure-vmtp,-,INT,2,0,200,0,166666.6608,254,0,133333328.0,0.0,0,0,0.006,0.0,0.0,0.0,0,0,0,0,0.0,0.0,0.0,100,0,0,0,12,2,2,2,2,2,0,0,0,2,12,0,Backdoor,1,3,Exploits
2087,0.187631,tcp,http,FIN,10,6,944,268,79.944147,254,252,36241.34766,9550.661133,2,1,18.934333,36.139602,1010.831354,60.327422,255,2179405017,3792476962,255,0.052009,0.006924,0.045085,94,45,1,0,1,1,1,1,1,1,0,0,1,1,1,0,Exploits,1,9,Worms
55019,1.1e-05,udp,dns,INT,2,0,114,0,90909.0902,254,0,41454544.0,0.0,0,0,0.011,0.0,0.0,0.0,0,0,0,0,0.0,0.0,0.0,57,0,0,0,10,2,3,3,3,3,0,0,0,3,10,0,Generic,1,3,Exploits
25266,0.003827,tcp,ftp-data,FIN,14,8,8928,424,5487.326835,31,29,17331592.0,775542.1875,4,1,0.294385,0.445429,18.066332,1.080869,255,3602681042,3614012394,255,0.000635,0.000505,0.00013,638,53,0,0,6,0,6,1,1,4,0,0,0,6,3,0,Normal,0,3,Exploits
3037,9e-06,netblt,-,INT,2,0,200,0,111111.1072,254,0,88888888.0,0.0,0,0,0.009,0.0,0.0,0.0,0,0,0,0,0.0,0.0,0.0,100,0,0,0,4,2,3,2,2,4,0,0,0,3,4,0,Exploits,1,3,Exploits
11853,0.304825,tcp,http,FIN,10,8,810,1206,55.769702,62,252,19132.28906,27714.26172,2,2,33.869444,34.696145,1699.552508,51.899328,255,2435729520,2612240975,255,0.072,0.04532,0.02668,81,151,1,179,2,1,1,1,1,1,0,0,1,1,1,0,DoS,1,3,Exploits
442,0.52179,tcp,-,FIN,10,6,684,268,28.747196,254,252,9444.412109,3434.331543,2,1,57.857444,92.87,3218.618558,145.555609,255,1622845501,129146287,255,0.110099,0.057437,0.052662,68,45,0,0,1,1,1,1,1,1,0,0,0,1,1,0,Shellcode,1,3,Exploits
47558,1.1e-05,udp,-,INT,2,0,168,0,90909.0902,254,0,61090908.0,0.0,0,0,0.011,0.0,0.0,0.0,0,0,0,0,0.0,0.0,0.0,84,0,0,0,1,2,1,1,1,1,0,0,0,1,2,0,Reconnaissance,1,3,Exploits
80063,0.631644,tcp,http,FIN,10,8,840,1096,26.913894,62,252,9575.013672,12146.08203,2,2,78.955499,64.176,4057.198074,95.048906,255,2928857978,4180432066,255,0.19621,0.146798,0.049412,84,137,1,141,3,1,1,1,1,3,0,0,1,2,3,0,Normal,0,3,Exploits
21734,5e-06,udp,dns,INT,2,0,114,0,200000.0051,254,0,91200000.0,0.0,0,0,0.005,0.0,0.0,0.0,0,0,0,0,0.0,0.0,0.0,57,0,0,0,22,2,22,22,22,22,0,0,0,22,22,0,Generic,1,3,Exploits
20155,8e-06,udp,dns,INT,2,0,114,0,125000.0003,254,0,57000000.0,0.0,0,0,0.008,0.0,0.0,0.0,0,0,0,0,0.0,0.0,0.0,57,0,0,0,43,2,43,43,25,43,0,0,0,43,43,0,Generic,1,3,Exploits
50766,1.2e-05,udp,-,INT,2,0,232,0,83333.33039,254,0,77333328.0,0.0,0,0,0.012,0.0,0.0,0.0,0,0,0,0,0.0,0.0,0.0,116,0,0,0,1,2,1,1,1,1,0,0,0,1,1,0,Shellcode,1,3,Exploits
76454,0.434189,tcp,-,FIN,10,6,534,268,34.547168,254,252,8862.5,4127.234863,2,1,45.479333,76.982602,2338.825235,122.000961,255,3740651051,1507215294,255,0.149898,0.049267,0.100631,53,45,0,0,4,1,3,3,2,4,0,0,0,3,4,0,Normal,0,3,Exploits
79507,0.872995,tcp,-,FIN,10,6,546,268,17.182229,254,252,4508.616699,2052.703613,2,1,96.896889,158.772406,5356.842563,276.713031,255,2164499247,917335239,255,0.157273,0.079125,0.078148,55,45,0,0,6,1,3,3,2,4,0,0,0,4,4,0,Normal,0,3,Exploits
57986,6e-06,udp,dns,INT,2,0,114,0,166666.6608,254,0,76000000.0,0.0,0,0,0.006,0.0,0.0,0.0,0,0,0,0,0.0,0.0,0.0,57,0,0,0,5,2,5,4,4,5,0,0,0,5,5,0,Generic,1,3,Exploits
9407,0.686738,tcp,-,FIN,10,8,564,354,24.754709,254,252,5917.831543,3611.275146,2,1,75.273667,93.724141,5614.49651,139.796938,255,3072983010,1013587025,255,0.050062,0.03066,0.019402,56,44,0,0,1,1,1,1,1,1,0,0,0,1,1,0,Reconnaissance,1,3,Exploits
61617,0.524623,tcp,-,FIN,8,10,364,3754,32.404223,62,252,4864.445801,51526.52734,1,3,74.946143,51.946556,5117.51415,4368.430212,255,1466824099,3570047028,255,0.098506,0.054252,0.044254,46,375,0,0,3,1,2,1,1,2,0,0,0,2,2,0,Exploits,1,3,Exploits
40090,0.006989,tcp,-,FIN,24,20,2158,1918,6152.525486,31,29,2368293.0,2086707.75,6,5,0.30387,0.316632,0.0,19.047024,255,1659467824,3805081540,255,0.000647,0.000485,0.000162,90,96,0,0,4,0,3,1,1,2,0,0,0,3,4,0,Normal,0,3,Exploits
3619,8e-06,unas,-,INT,2,0,200,0,125000.0003,254,0,100000000.0,0.0,0,0,0.008,0.0,0.0,0.0,0,0,0,0,0.0,0.0,0.0,100,0,0,0,5,2,2,2,2,5,0,0,0,2,5,0,Exploits,1,3,Exploits
45147,1.2e-05,udp,-,INT,2,0,1156,0,83333.33039,254,0,385333312.0,0.0,0,0,0.012,0.0,0.0,0.0,0,0,0,0,0.0,0.0,0.0,578,0,0,0,15,2,11,11,1,11,0,0,0,12,15,0,Fuzzers,1,3,Exploits
77109,0.699127,tcp,-,FIN,10,6,534,268,21.455329,254,252,5504.006836,2563.196533,2,1,77.680778,108.189602,4073.071474,193.535719,255,711796038,635830319,255,0.185133,0.130077,0.055056,53,45,0,0,4,1,4,1,1,16,0,0,0,5,4,0,Normal,0,3,Exploits
1200,0.208092,tcp,http,FIN,10,6,2062,268,72.0835,254,252,71353.05469,8611.575195,2,1,21.165556,39.275199,1106.890742,63.45941,255,1643749237,3126422150,255,0.058825,0.011708,0.047117,206,45,1,0,1,1,1,1,1,1,0,0,1,1,1,0,Exploits,1,9,Worms
52556,4.079208,tcp,http,FIN,62,368,3002,474437,105.167476,62,252,5793.281738,927921.3125,2,181,66.872262,10.93154,3740.491049,1604.567369,255,543273895,2346950415,255,0.155909,0.066647,0.089262,48,1289,0,0,2,1,1,1,1,1,0,0,0,1,1,0,Exploits,1,3,Exploits
42932,1.084748,tcp,-,FIN,16,14,904,728,26.734319,254,252,6253.986816,4985.489746,5,3,72.31653,74.787,4127.981748,113.370508,255,3955044815,4280773739,255,0.118721,0.086836,0.031885,57,52,0,0,7,1,2,1,1,6,0,0,0,2,6,0,Normal,0,3,Exploits
5450,3e-06,chaos,-,INT,2,0,200,0,333333.3215,254,0,266666656.0,0.0,0,0,0.003,0.0,0.0,0.0,0,0,0,0,0.0,0.0,0.0,100,0,0,0,10,2,10,10,10,10,0,0,0,10,10,0,DoS,1,3,Exploits
54152,5e-06,udp,dns,INT,2,0,114,0,200000.0051,254,0,91200000.0,0.0,0,0,0.005,0.0,0.0,0.0,0,0,0,0,0.0,0.0,0.0,57,0,0,0,7,2,3,3,3,3,0,0,0,3,7,0,Generic,1,3,Exploits
63161,1e-05,udp,dns,INT,2,0,114,0,100000.0025,254,0,45600000.0,0.0,0,0,0.01,0.0,0.0,0.0,0,0,0,0,0.0,0.0,0.0,57,0,0,0,14,2,7,7,3,7,0,0,0,7,14,0,Generic,1,3,Exploits
79100,1.444163,tcp,-,FIN,58,14,67943,612,49.163427,254,252,369886.2188,3151.998779,26,1,25.348428,104.905461,2455.891124,156.648562,255,1956131778,997783598,255,0.17929,0.080384,0.098906,1171,44,0,0,2,1,1,1,1,2,0,0,0,1,2,0,Normal,0,3,Exploits
52367,4e-06,udp,dns,INT,2,0,114,0,250000.0006,254,0,114000000.0,0.0,0,0,0.004,0.0,0.0,0.0,0,0,0,0,0.0,0.0,0.0,57,0,0,0,8,2,3,3,3,3,0,0,0,3,8,0,Generic,1,3,Exploits
12787,4e-06,udp,dns,INT,2,0,114,0,250000.0006,254,0,114000000.0,0.0,0,0,0.004,0.0,0.0,0.0,0,0,0,0,0.0,0.0,0.0,57,0,0,0,20,2,15,15,6,20,0,0,0,15,20,0,Generic,1,3,Exploits
77560,1.1e-05,udp,-,INT,2,0,1064,0,90909.0902,254,0,386909088.0,0.0,0,0,0.011,0.0,0.0,0.0,0,0,0,0,0.0,0.0,0.0,532,0,0,0,35,2,12,11,1,35,0,0,0,11,35,0,Normal,0,3,Exploits
29084,0.044556,tcp,-,FIN,96,98,5486,92746,4331.627679,31,29,974773.3125,16482629.0,7,42,0.4654,0.458542,24.703898,23.704596,255,2915803147,2934733817,255,0.000683,0.000529,0.000154,57,946,0,0,9,0,3,1,1,2,0,0,0,3,11,0,Normal,0,3,Exploits
13421,9e-06,udp,dns,INT,2,0,114,0,111111.1072,254,0,50666664.0,0.0,0,0,0.009,0.0,0.0,0.0,0,0,0,0,0.0,0.0,0.0,57,0,0,0,38,2,38,38,15,38,0,0,0,38,38,0,Generic,1,3,Exploits
30728,0.001151,udp,dns,CON,2,2,130,162,2606.429117,31,29,451781.0625,562988.6875,0,0,0.01,0.008,0.0,0.0,0,0,0,0,0.0,0.0,0.0,65,81,0,0,8,0,7,3,2,2,0,0,0,5,6,0,Normal,0,3,Exploits
28167,0.001015,udp,dns,CON,2,2,146,178,2955.664893,31,29,575369.4375,701477.8125,0,0,0.007,0.007,0.0,0.0,0,0,0,0,0.0,0.0,0.0,73,89,0,0,2,0,3,1,1,1,0,0,0,2,3,0,Normal,0,3,Exploits
19441,8e-06,udp,dns,INT,2,0,114,0,125000.0003,254,0,57000000.0,0.0,0,0,0.008,0.0,0.0,0.0,0,0,0,0,0.0,0.0,0.0,57,0,0,0,25,2,25,25,25,25,0,0,0,26,25,0,Generic,1,3,Exploits
60859,1.1e-05,udp,dns,INT,2,0,114,0,90909.0902,254,0,41454544.0,0.0,0,0,0.011,0.0,0.0,0.0,0,0,0,0,0.0,0.0,0.0,57,0,0,0,15,2,7,7,3,7,0,0,0,7,15,0,Generic,1,3,Exploits
42350,0.455594,tcp,-,FIN,10,6,534,268,32.924051,254,252,8446.116211,3933.32666,2,1,46.750667,74.343797,2356.225747,110.23393,255,389645065,2734153246,255,0.125677,0.083872,0.041805,53,45,0,0,2,1,1,1,1,2,0,0,0,1,2,0,Normal,0,3,Exploits
675,0.819005,tcp,-,FIN,10,8,564,354,20.756894,254,252,4962.118652,3028.064453,2,1,85.106889,108.583141,6105.667184,143.378891,255,2530770255,1985796114,255,0.135132,0.058914,0.076218,56,44,0,0,1,1,1,1,1,2,0,0,0,1,1,0,Reconnaissance,1,3,Exploits
15193,3e-06,udp,dns,INT,2,0,114,0,333333.3215,254,0,152000000.0,0.0,0,0,0.003,0.0,0.0,0.0,0,0,0,0,0.0,0.0,0.0,57,0,0,0,42,2,25,25,25,42,0,0,0,26,42,0,Generic,1,3,Exploits
55676,0.674635,tcp,http,FIN,60,12,68199,526,105.242095,254,252,795250.75,5727.541504,27,1,11.163542,56.288727,1197.172971,76.881664,255,518786154,163687932,255,0.131191,0.055452,0.075739,1137,44,1,0,4,1,2,2,1,2,0,0,1,2,4,0,Fuzzers,1,3,Exploits
58117,1e-05,unas,-,INT,2,0,200,0,100000.0025,254,0,80000000.0,0.0,0,0,0.01,0.0,0.0,0.0,0,0,0,0,0.0,0.0,0.0,100,0,0,0,11,2,3,2,2,3,0,0,0,6,11,0,Exploits,1,3,Exploits
79608,0.661163,tcp,-,FIN,10,8,546,354,25.712269,254,252,5953.146484,3750.966309,2,1,68.374222,88.097711,4699.899403,128.147102,255,231371961,2050822137,255,0.101475,0.04447,0.057005,55,44,0,0,6,1,1,1,1,6,0,0,0,1,6,0,Normal,0,3,Exploits
81901,0.893591,tcp,-,CON,6,2,998,86,7.833562,62,252,7448.598145,384.963593,2,1,178.7182,0.01,10972.69803,0.0,255,576788890,245280681,255,0.765309,0.476298,0.289011,166,43,0,0,3,3,1,1,1,4,0,0,0,1,3,0,Normal,0,3,Exploits
30052,0.018482,tcp,-,FIN,40,44,2550,23892,4490.856056,31,29,1076506.875,10106699.0,5,15,0.465718,0.41693,0.0,24.660532,255,809762198,822876441,255,0.0,0.0,0.0,64,543,0,0,2,0,3,1,1,1,0,0,0,3,7,0,Normal,0,3,Exploits
5905,0.784363,tcp,-,FIN,10,8,564,354,21.673639,254,252,5181.274902,3161.801514,2,1,86.999889,107.322289,6188.098386,146.956844,255,1586198794,2441737106,255,0.083496,0.033104,0.050392,56,44,0,0,2,1,1,2,1,1,0,0,0,2,1,0,Reconnaissance,1,3,Exploits
17486,9e-06,udp,dns,INT,2,0,114,0,111111.1072,254,0,50666664.0,0.0,0,0,0.009,0.0,0.0,0.0,0,0,0,0,0.0,0.0,0.0,57,0,0,0,28,2,21,21,21,28,0,0,0,21,28,0,Generic,1,3,Exploits
17210,8e-06,udp,dns,INT,2,0,114,0,125000.0003,254,0,57000000.0,0.0,0,0,0.008,0.0,0.0,0.0,0,0,0,0,0.0,0.0,0.0,57,0,0,0,33,2,27,25,25,35,0,0,0,26,33,0,Generic,1,3,Exploits
24097,1.013067,tcp,-,FIN,14,18,1684,10168,30.600148,31,29,12350.61426,75840.98438,3,5,77.899923,59.551706,8761.827558,7675.424494,255,889301011,3039817553,255,0.000844,0.000684,0.00016,120,565,0,0,7,0,3,1,1,1,0,0,0,1,11,0,Normal,0,3,Exploits
61081,1.502684,tcp,-,FIN,10,8,534,354,11.31309,254,252,2560.751221,1650.380249,2,1,164.295111,205.653141,9861.150396,335.599031,255,2399974073,479763077,255,0.143933,0.063103,0.08083,53,44,0,0,5,1,1,1,1,1,0,0,0,2,7,0,Fuzzers,1,3,Exploits
5159,0.624969,tcp,-,FIN,14,12,782,678,40.001984,254,252,9306.061523,7961.994629,4,4,48.074538,48.828,2304.286478,65.029441,255,3128621521,3532927725,255,0.084899,0.035567,0.049332,56,57,0,0,5,1,2,2,2,5,0,0,0,2,5,0,Fuzzers,1,3,Exploits
69867,1.406826,tcp,-,FIN,60,14,68187,612,51.889856,254,252,381289.5,3235.652344,27,1,23.822457,97.057078,2326.280449,137.109953,255,3745891652,3282892840,255,0.293912,0.145083,0.148829,1136,44,1,0,10,1,8,1,1,2,0,0,1,3,2,0,Normal,0,3,Exploits
40610,0.82629,tcp,http,FIN,10,8,804,1082,20.57389,62,252,7009.645508,9168.693359,2,2,91.81,100.088289,4841.852132,184.619828,255,2206403539,692761213,255,0.225164,0.124984,0.10018,80,135,1,139,3,1,1,1,1,3,0,0,1,1,3,0,Normal,0,3,Exploits
75781,0.392746,tcp,-,CON,6,2,978,86,17.823224,62,252,16601.06055,875.884155,2,1,78.5492,0.01,4783.275576,0.0,255,1848877799,1393200068,255,0.33294,0.255842,0.077098,163,43,0,0,6,3,3,3,1,5,0,0,0,5,5,0,Normal,0,3,Exploits
39746,19.043882,tcp,ssh,FIN,330,354,26040,49578,35.864536,31,29,10906.17969,20768.03516,78,103,57.883168,53.946925,3956.813463,3818.817127,255,4268786201,4269093416,255,0.000723,0.000595,0.000128,79,140,0,0,1,0,2,1,1,1,0,0,0,5,1,0,Normal,0,3,Exploits
26464,0.018313,tcp,-,FIN,16,18,1540,1644,1801.998582,31,29,630808.6875,678425.1875,4,4,1.199733,1.039471,81.8547,1.852626,255,1419698622,3575921429,255,0.000785,0.000636,0.000149,96,91,0,0,4,0,2,2,1,2,0,0,0,2,4,0,Normal,0,3,Exploits
17498,8e-06,udp,dns,INT,2,0,114,0,125000.0003,254,0,57000000.0,0.0,0,0,0.008,0.0,0.0,0.0,0,0,0,0,0.0,0.0,0.0,57,0,0,0,45,2,12,12,7,45,0,0,0,12,45,0,Generic,1,3,Exploits
872,8e-06,mtp,-,INT,2,0,200,0,125000.0003,254,0,100000000.0,0.0,0,0,0.008,0.0,0.0,0.0,0,0,0,0,0.0,0.0,0.0,100,0,0,0,6,2,2,2,2,6,0,0,0,11,6,0,Exploits,1,3,Exploits
31879,0.291374,tcp,-,FIN,26,26,4672,2872,175.032777,31,29,123360.3594,75833.8125,7,7,11.64224,11.6354,760.605904,20.937396,255,3527928816,3535107555,255,0.000618,0.000486,0.000132,180,110,0,0,11,0,5,1,1,4,0,0,0,6,9,0,Normal,0,3,Exploits
48731,8e-06,unas,-,INT,2,0,200,0,90909.0902,254,0,72727272.0,0.0,0,0,0.011,0.0,0.0,0.0,0,0,0,0,0.0,0.0,0.0,100,0,0,0,10,2,5,4,4,4,0,0,0,4,10,0,Fuzzers,1,3,Exploits
45638,1.2e-05,udp,-,INT,2,0,1064,0,83333.33039,254,0,354666656.0,0.0,0,0,0.012,0.0,0.0,0.0,0,0,0,0,0.0,0.0,0.0,532,0,0,0,30,2,8,8,1,8,0,0,0,8,30,0,Fuzzers,1,3,Exploits
32490,0.018356,tcp,-,FIN,16,18,1540,1644,1797.777378,31,29,629331.0625,676835.9375,4,4,1.202867,1.051588,72.721849,2.225159,255,1895715165,1900024305,255,0.000596,0.000476,0.00012,96,91,0,0,19,0,9,7,1,7,0,0,0,12,10,0,Normal,0,3,Exploits
69733,0.286971,tcp,-,CON,6,2,1012,86,24.392708,62,252,23528.50977,1198.727417,2,1,57.3942,0.006,3745.620355,0.0,255,3230363123,45068092,255,0.263876,0.186026,0.07785,169,43,0,0,10,3,3,3,1,8,0,0,0,4,8,0,Normal,0,3,Exploits
82314,9e-06,udp,-,INT,2,0,104,0,111111.1072,254,0,46222220.0,0.0,0,0,0.009,0.0,0.0,0.0,0,0,0,0,0.0,0.0,0.0,52,0,0,0,1,2,1,1,1,1,0,0,0,1,1,0,Normal,0,3,Exploits
43741,2.788974,tcp,pop3,FIN,78,416,3470,538277,176.767511,62,252,9827.269531,1540305.5,7,206,36.220443,6.696039,1787.25801,728.769024,255,828504657,3589115143,255,0.049865,0.005702,0.044163,44,1294,0,0,1,1,1,1,1,1,0,0,0,1,1,0,Exploits,1,3,Exploits
17090,9e-06,udp,dns,INT,2,0,114,0,111111.1072,254,0,50666664.0,0.0,0,0,0.009,0.0,0.0,0.0,0,0,0,0,0.0,0.0,0.0,57,0,0,0,27,2,20,20,20,27,0,0,0,20,27,0,Generic,1,3,Exploits
41397,0.358169,tcp,-,CON,6,2,998,86,19.543847,62,252,18583.40625,960.440491,2,1,71.6338,0.007,4592.258868,0.0,255,3084939615,1852195098,255,0.322828,0.282827,0.040001,166,43,0,0,4,3,4,4,1,4,0,0,0,4,4,0,Normal,0,3,Exploits
25572,7.780388,tcp,http,FIN,356,746,18994,1087890,141.509654,31,29,19475.63477,1117098.0,2,370,21.915659,10.4428,1272.418897,837.182624,255,805612333,2974274034,255,0.000622,0.000498,0.000124,53,1458,1,524288,3,0,2,1,1,1,0,0,1,4,3,0,Normal,0,3,Exploits
21413,8e-06,udp,dns,INT,2,0,114,0,125000.0003,254,0,57000000.0,0.0,0,0,0.008,0.0,0.0,0.0,0,0,0,0,0.0,0.0,0.0,57,0,0,0,13,2,14,13,13,13,0,0,0,13,13,0,Generic,1,3,Exploits
78636,3e-06,udp,-,INT,2,0,104,0,333333.3215,254,0,138666656.0,0.0,0,0,0.003,0.0,0.0,0.0,0,0,0,0,0.0,0.0,0.0,52,0,0,0,5,2,5,2,1,5,0,0,0,2,17,0,Normal,0,3,Exploits
39487,0.223675,tcp,ftp-data,FIN,14,6,8928,320,84.944675,31,29,296537.375,9549.569336,4,1,17.20577,44.606199,1586.727219,68.051133,255,1503107322,1955485426,255,0.000647,0.00051,0.000137,638,53,0,0,3,0,3,1,1,3,0,0,0,4,3,0,Normal,0,3,Exploits
79827,0.0,arp,-,INT,1,0,46,0,0.0,0,0,0.0,0.0,0,0,60000.664,0.0,0.0,0.0,0,0,0,0,0.0,0.0,0.0,46,0,0,0,1,2,1,1,1,1,0,0,0,1,1,1,Normal,0,3,Exploits
35603,0.390833,tcp,-,FIN,16,18,1540,1644,84.435042,31,29,29557.38281,31788.51367,4,4,26.032733,22.959941,1538.073529,39.486922,255,3939567961,1822687219,255,0.000648,0.000503,0.000145,96,91,0,0,16,0,5,5,1,5,0,0,0,6,10,0,Normal,0,3,Exploits
72445,9e-06,udp,-,INT,2,0,104,0,111111.1072,254,0,46222220.0,0.0,0,0,0.009,0.0,0.0,0.0,0,0,0,0,0.0,0.0,0.0,52,0,0,0,8,2,1,3,1,1,0,0,0,3,1,0,Normal,0,3,Exploits
26538,0.004808,tcp,-,FIN,18,18,4256,2456,7279.534377,31,29,6688852.0,3860233.0,7,7,0.263706,0.251824,13.043461,0.328366,255,1312607558,1317351200,255,0.000656,0.000523,0.000133,236,136,0,0,7,0,2,1,1,2,0,0,0,3,3,0,Normal,0,3,Exploits
26885,0.022708,tcp,-,FIN,60,62,3598,46036,5328.518439,31,29,1246785.25,15957019.0,7,24,0.379034,0.361803,20.995621,19.807678,255,4005734679,4006035305,255,0.000764,0.000627,0.000137,60,743,0,0,5,0,1,1,1,1,0,0,0,4,4,0,Normal,0,3,Exploits
72582,9e-06,udp,-,INT,2,0,104,0,111111.1072,254,0,46222220.0,0.0,0,0,0.009,0.0,0.0,0.0,0,0,0,0,0.0,0.0,0.0,52,0,0,0,12,2,1,3,1,5,0,0,0,4,4,0,Normal,0,3,Exploits
45933,0.208397,tcp,http,FIN,10,8,884,2238,81.57507,62,252,30557.0625,75202.61719,2,2,23.155222,27.199428,1314.334874,45.831852,255,3161128366,2201837699,255,0.025316,0.01419,0.011126,88,280,1,716,1,1,1,1,1,1,0,0,1,1,1,0,Exploits,1,3,Exploits
56507,0.838437,tcp,-,FIN,12,8,1038,740,22.661213,254,252,9083.568359,6182.933105,3,2,76.221543,107.067141,4009.131118,195.667984,255,2574476871,92601074,255,0.22319,0.088316,0.134874,87,93,0,0,3,1,1,1,1,1,0,0,0,1,2,0,Fuzzers,1,3,Exploits
3260,8e-06,sccopmce,-,INT,2,0,200,0,125000.0003,254,0,100000000.0,0.0,0,0,0.008,0.0,0.0,0.0,0,0,0,0,0.0,0.0,0.0,100,0,0,0,4,2,1,1,1,4,0,0,0,3,4,0,DoS,1,3,Exploits
44823,6e-06,udp,-,INT,2,0,168,0,166666.6608,254,0,112000000.0,0.0,0,0,0.006,0.0,0.0,0.0,0,0,0,0,0.0,0.0,0.0,84,0,0,0,3,2,1,1,1,1,0,0,0,1,1,0,Reconnaissance,1,3,Exploits
3279,5e-06,iplt,-,INT,2,0,200,0,200000.0051,254,0,160000000.0,0.0,0,0,0.005,0.0,0.0,0.0,0,0,0,0,0.0,0.0,0.0,100,0,0,0,4,2,2,1,1,4,0,0,0,15,4,0,Exploits,1,3,Exploits
80993,2e-06,tcp,-,REQ,2,0,90,0,500000.0013,254,0,180000000.0,0.0,1,0,0.002,0.0,0.0,0.0,255,0,0,0,0.0,0.0,0.0,45,0,0,0,5,6,22,1,1,5,0,0,0,2,5,0,Normal,0,3,Exploits
41848,0.802488,tcp,-,FIN,10,6,2062,268,18.691868,254,252,18502.45703,2233.055176,2,1,89.165333,142.240594,4896.36701,255.578,255,2625938948,3341082147,255,0.138738,0.090691,0.048047,206,45,0,0,4,1,1,1,1,3,0,0,0,1,3,0,Normal,0,3,Exploits
80056,0.392857,tcp,http,FIN,10,8,830,1078,43.272745,62,252,15211.64258,19223.28125,2,2,43.650778,47.195,2239.467419,67.908648,255,4263993479,2371499893,255,0.108729,0.045739,0.06299,83,135,1,132,3,1,1,1,1,3,0,0,1,1,3,0,Normal,0,3,Exploits
24802,0.223421,tcp,ftp-data,FIN,14,6,8928,320,85.041242,31,29,296874.5,9560.425781,4,1,17.186231,44.548,1578.309711,67.612977,255,3811699449,4097936054,255,0.000718,0.000541,0.000177,638,53,0,0,3,0,5,1,1,3,0,0,0,4,3,0,Normal,0,3,Exploits
69217,3e-06,tcp,-,REQ,2,0,90,0,333333.3215,254,0,119999992.0,0.0,1,0,0.003,0.0,0.0,0.0,255,0,0,0,0.0,0.0,0.0,45,0,0,0,9,6,5,1,1,9,0,0,0,5,9,0,Normal,0,3,Exploits
58191,1e-05,udp,dns,INT,2,0,114,0,100000.0025,254,0,45600000.0,0.0,0,0,0.01,0.0,0.0,0.0,0,0,0,0,0.0,0.0,0.0,57,0,0,0,13,2,7,7,4,7,0,0,0,7,13,0,Generic,1,3,Exploits
22883,9e-06,udp,dns,INT,2,0,114,0,111111.1072,254,0,50666664.0,0.0,0,0,0.009,0.0,0.0,0.0,0,0,0,0,0.0,0.0,0.0,57,0,0,0,27,2,2,2,2,27,0,0,0,2,27,0,Generic,1,3,Exploits
52667,6e-06,unas,-,INT,2,0,200,0,166666.6608,254,0,133333328.0,0.0,0,0,0.006,0.0,0.0,0.0,0,0,0,0,0.0,0.0,0.0,100,0,0,0,10,2,3,2,2,3,0,0,0,4,9,0,Fuzzers,1,3,Exploits
66944,4e-06,udp,-,INT,2,0,1064,0,250000.0006,254,0,1064000000.0,0.0,0,0,0.004,0.0,0.0,0.0,0,0,0,0,0.0,0.0,0.0,532,0,0,0,6,2,1,1,1,2,0,0,0,3,3,0,Normal,0,9,Worms
77705,0.5931,tcp,-,FIN,32,14,29668,764,75.872533,254,252,387671.5625,9576.799805,13,4,19.132258,42.192152,1465.01657,59.659379,255,223086556,2956887649,255,0.073316,0.043864,0.029452,927,55,0,0,7,1,1,1,1,6,0,0,0,2,6,0,Normal,0,3,Exploits
64998,4e-06,udp,dns,INT,2,0,114,0,250000.0006,254,0,114000000.0,0.0,0,0,0.004,0.0,0.0,0.0,0,0,0,0,0.0,0.0,0.0,57,0,0,0,2,2,1,1,1,1,0,0,0,1,2,0,Generic,1,3,Exploits
53852,4e-06,unas,-,INT,2,0,200,0,250000.0006,254,0,200000000.0,0.0,0,0,0.004,0.0,0.0,0.0,0,0,0,0,0.0,0.0,0.0,100,0,0,0,15,2,6,6,6,6,0,0,0,11,15,0,Analysis,1,3,Exploits
63464,5.497667,tcp,-,FIN,58,322,2514,415651,68.938335,62,252,3595.707275,602962.6875,1,154,96.450297,16.796025,5944.037209,2445.32992,255,1526336879,965779077,255,0.143019,0.105385,0.037634,43,1291,0,0,2,1,1,1,1,1,0,0,0,1,2,0,Exploits,1,3,Exploits
51362,1e-06,udp,dns,INT,2,0,114,0,1000000.003,254,0,456000000.0,0.0,0,0,0.001,0.0,0.0,0.0,0,0,0,0,0.0,0.0,0.0,57,0,0,0,10,2,7,7,3,7,0,0,0,7,10,0,Generic,1,3,Exploits
75224,1.359409,tcp,-,FIN,10,8,2516,354,12.505435,254,252,13329.32227,1824.322266,2,1,150.940444,178.064141,8175.051995,312.857906,255,1788665865,3097349061,255,0.237674,0.112951,0.124723,252,44,0,0,4,1,1,1,1,2,0,0,0,1,2,0,Normal,0,3,Exploits
47213,0.237887,tcp,-,FIN,16,6,10876,268,88.277209,254,252,342919.125,7532.988281,5,1,13.333333,41.834,885.946353,55.271383,255,2444175833,2522688468,255,0.082087,0.028709,0.053378,680,45,0,0,2,1,1,1,1,1,0,0,0,1,1,0,Exploits,1,3,Exploits
74036,0.267993,tcp,-,FIN,10,6,622,268,55.971611,254,252,16716.85352,6686.741699,2,1,29.777,44.620602,1542.988123,75.219883,255,1372408053,1106028998,255,0.105752,0.044202,0.06155,62,45,0,0,5,1,20,3,1,6,0,0,0,3,5,0,Normal,0,3,Exploits
13204,3e-06,udp,dns,INT,2,0,114,0,333333.3215,254,0,152000000.0,0.0,0,0,0.003,0.0,0.0,0.0,0,0,0,0,0.0,0.0,0.0,57,0,0,0,44,2,21,25,21,36,0,0,0,25,36,0,Generic,1,3,Exploits
67101,1.147784,tcp,ftp,FIN,12,12,634,682,20.038614,254,252,4056.512451,4363.19043,3,4,104.343997,91.725633,5473.98354,115.949203,255,100683226,456482158,255,0.185193,0.138004,0.047189,53,57,0,0,2,1,1,1,1,3,0,0,0,1,2,0,Normal,0,3,Exploits
45941,0.207042,tcp,http,FIN,10,6,1070,268,72.44907,254,252,37209.84375,8655.249023,2,1,22.107,39.622398,1176.770458,70.556461,255,3611665966,1241214680,255,0.056796,0.008922,0.047874,107,45,1,0,1,1,1,1,1,1,0,0,1,1,1,0,Exploits,1,9,Worms
9784,0.393642,tcp,http,FIN,10,16,842,15120,63.509482,62,252,15404.86035,288079.0,2,6,43.738,21.728667,2227.547282,1997.268939,255,2634823395,3661482220,255,0.071917,0.022082,0.049835,84,945,1,6990,1,1,1,1,1,1,0,0,1,1,1,0,Exploits,1,3,Exploits
39743,0.001023,udp,dns,CON,2,2,146,178,2932.551349,31,29,570870.0,695992.1875,0,0,0.01,0.002,0.0,0.0,0,0,0,0,0.0,0.0,0.0,73,89,0,0,1,0,6,1,1,1,0,0,0,3,1,0,Normal,0,3,Exploits
64671,0.525258,tcp,-,FIN,10,8,806,1226,32.365047,62,252,11057.42285,16342.44531,1,1,9290.7718,11613.464,923781.6608,30556.528,255,2427962773,1076270816,255,0.175212,0.088088,0.087124,81,153,0,0,5,1,3,1,1,1,0,0,0,1,7,0,Analysis,1,3,Exploits
38655,0.001104,udp,dns,CON,2,2,130,162,2717.391244,31,29,471014.4688,586956.5,0,0,0.011,0.001,0.0,0.0,0,0,0,0,0.0,0.0,0.0,65,81,0,0,5,0,2,1,1,1,0,0,0,1,6,0,Normal,0,3,Exploits
67259,2.548654,tcp,-,FIN,10,8,848,354,6.670187,254,252,2398.128418,973.062622,2,1,283.183778,347.292156,17108.1197,537.101312,255,2273457750,3164793116,255,0.269756,0.117506,0.15225,85,44,0,0,2,1,1,1,1,1,0,0,0,1,1,0,Normal,0,3,Exploits
68110,9e-06,udp,-,INT,2,0,458,0,111111.1072,254,0,203555552.0,0.0,0,0,0.009,0.0,0.0,0.0,0,0,0,0,0.0,0.0,0.0,229,0,0,0,16,2,7,7,1,16,0,0,0,7,16,0,Normal,0,3,Exploits
32488,0.005366,tcp,-,FIN,24,20,2158,1918,8013.417993,31,29,3084606.75,2717853.25,6,5,0.233304,0.245789,14.446748,15.414148,255,871328775,871625976,255,0.00069,0.000561,0.000129,90,96,0,0,8,0,1,1,1,1,0,0,0,2,9,0,Normal,0,3,Exploits
61737,0.875623,tcp,-,FIN,36,12,35070,908,53.676069,254,252,311513.0625,7610.581543,15,2,23.850714,75.093,2052.64771,101.469102,255,1343366255,4193561355,255,0.138048,0.049594,0.088454,974,76,0,0,6,1,1,1,1,1,0,0,0,1,5,0,Fuzzers,1,3,Exploits
60854,9.63313,ospf,-,INT,42,0,2688,0,4.256145,254,0,2179.14624,0.0,0,0,234.954391,0.0,267.166625,0.0,0,0,0,0,0.0,0.0,0.0,64,0,0,0,2,2,2,2,2,2,0,0,0,2,2,0,Generic,1,3,Exploits
13970,1e-05,udp,dns,INT,2,0,114,0,100000.0025,254,0,45600000.0,0.0,0,0,0.01,0.0,0.0,0.0,0,0,0,0,0.0,0.0,0.0,57,0,0,0,27,2,9,9,9,27,0,0,0,9,27,0,Generic,1,3,Exploits
22603,6e-06,udp,dns,INT,2,0,114,0,166666.6608,254,0,76000000.0,0.0,0,0,0.006,0.0,0.0,0.0,0,0,0,0,0.0,0.0,0.0,57,0,0,0,18,2,18,18,18,18,0,0,0,19,18,0,Generic,1,3,Exploits
39713,0.00134,udp,dns,CON,2,2,146,178,2238.806039,31,29,435820.9063,531343.3125,0,0,0.01,0.001,0.0,0.0,0,0,0,0,0.0,0.0,0.0,73,89,0,0,5,0,3,1,1,1,0,0,0,3,1,0,Normal,0,3,Exploits
60450,1.10491,tcp,-,FIN,10,8,816,1344,15.385868,62,252,5321.700195,8514.720703,2,2,122.767778,148.205,6601.485903,274.068156,255,2072321017,664158644,255,0.146007,0.06683,0.079177,82,168,0,0,10,1,1,1,1,1,0,0,0,1,5,0,Analysis,1,3,Exploits
22101,8e-06,udp,dns,INT,2,0,114,0,125000.0003,254,0,57000000.0,0.0,0,0,0.008,0.0,0.0,0.0,0,0,0,0,0.0,0.0,0.0,57,0,0,0,39,2,35,35,20,39,0,0,0,35,39,0,Generic,1,3,Exploits
26006,0.497783,tcp,smtp,FIN,52,40,37496,3276,182.81058,31,29,591020.5625,51347.67578,18,8,9.752922,12.749846,900.817309,30.394055,255,194664716,2341105853,255,0.000669,0.000535,0.000134,721,82,0,0,1,0,3,1,1,1,0,0,0,3,1,0,Normal,0,3,Exploits
2645,8e-06,wb-mon,-,INT,2,0,200,0,125000.0003,254,0,100000000.0,0.0,0,0,0.008,0.0,0.0,0.0,0,0,0,0,0.0,0.0,0.0,100,0,0,0,4,2,1,1,1,4,0,0,0,1,4,0,DoS,1,3,Exploits
48425,1.2e-05,cftp,-,INT,2,0,200,0,90909.0902,254,0,72727272.0,0.0,0,0,0.011,0.0,0.0,0.0,0,0,0,0,0.0,0.0,0.0,100,0,0,0,19,2,6,6,6,6,0,0,0,6,18,0,Backdoor,1,3,Exploits
12083,9e-06,udp,dns,INT,2,0,114,0,111111.1072,254,0,50666664.0,0.0,0,0,0.009,0.0,0.0,0.0,0,0,0,0,0.0,0.0,0.0,57,0,0,0,36,2,35,35,15,36,0,0,0,35,36,0,Generic,1,3,Exploits
42991,0.0,arp,-,INT,1,0,46,0,0.0,0,0,0.0,0.0,0,0,60000.792,0.0,0.0,0.0,0,0,0,0,0.0,0.0,0.0,46,0,0,0,1,2,1,1,1,1,0,0,0,1,1,1,Normal,0,3,Exploits
60323,4e-06,udp,dns,INT,2,0,114,0,250000.0006,254,0,114000000.0,0.0,0,0,0.004,0.0,0.0,0.0,0,0,0,0,0.0,0.0,0.0,57,0,0,0,11,2,4,4,4,4,0,0,0,4,11,0,Generic,1,3,Exploits
63476,1.1e-05,udp,dns,INT,2,0,114,0,90909.0902,254,0,41454544.0,0.0,0,0,0.011,0.0,0.0,0.0,0,0,0,0,0.0,0.0,0.0,57,0,0,0,16,2,4,4,4,4,0,0,0,4,16,0,Generic,1,3,Exploits
6990,7.200432,rvd,-,INT,4,0,400,0,0.416642,254,0,333.313354,0.0,0,0,2400.144,0.0,3394.30925,0.0,0,0,0,0,0.0,0.0,0.0,100,0,0,0,6,2,4,3,3,6,0,0,0,13,6,0,DoS,1,3,Exploits
22639,5e-06,udp,dns,INT,2,0,114,0,200000.0051,254,0,91200000.0,0.0,0,0,0.005,0.0,0.0,0.0,0,0,0,0,0.0,0.0,0.0,57,0,0,0,29,2,14,14,14,29,0,0,0,14,29,0,Generic,1,3,Exploits
28595,0.00101,udp,dns,CON,2,2,146,178,2970.297008,31,29,578217.8125,704950.5,0,0,0.01,0.005,0.0,0.0,0,0,0,0,0.0,0.0,0.0,73,89,0,0,1,0,5,1,1,1,0,0,0,1,3,0,Normal,0,3,Exploits
3807,8e-06,unas,-,INT,2,0,200,0,125000.0003,254,0,100000000.0,0.0,0,0,0.008,0.0,0.0,0.0,0,0,0,0,0.0,0.0,0.0,100,0,0,0,8,2,6,6,6,8,0,0,0,23,8,0,DoS,1,3,Exploits
74221,1.54155,tcp,http,FIN,10,10,822,1144,12.325257,62,252,3840.290527,5345.269043,2,2,192.69375,157.083672,301.092531,268.926531,255,3768218953,1693941549,255,0.177878,0.104113,0.073765,82,114,1,215,3,1,2,2,2,3,0,0,4,2,3,0,Normal,0,3,Exploits
5271,8e-06,unas,-,INT,2,0,200,0,125000.0003,254,0,100000000.0,0.0,0,0,0.008,0.0,0.0,0.0,0,0,0,0,0.0,0.0,0.0,100,0,0,0,5,2,2,2,2,5,0,0,0,2,5,0,Exploits,1,3,Exploits
80388,0.793304,tcp,http,FIN,10,8,818,1264,21.429363,62,252,7432.20752,11153.35352,2,2,88.144889,101.190141,4631.731484,144.954375,255,1275441638,732881394,255,0.15491,0.084201,0.070709,82,158,1,255,6,1,2,2,2,6,0,0,4,2,6,0,Normal,0,3,Exploits
64467,0.537966,tcp,-,FIN,10,6,868,268,27.882802,254,252,11628.98731,3331.06543,2,1,59.045,106.083398,4965.759432,203.711813,255,2923193637,1183503916,255,0.038502,0.007538,0.030964,87,45,0,0,2,1,1,1,1,1,0,0,0,1,1,0,Exploits,1,3,Exploits
37792,0.001684,udp,-,CON,4,4,528,304,4156.769554,31,29,1881235.125,1083135.375,0,0,0.439667,0.199333,0.616832,0.279779,0,0,0,0,0.0,0.0,0.0,132,76,0,0,4,0,5,1,1,4,0,0,0,5,4,0,Normal,0,3,Exploits
80294,1.112115,tcp,-,FIN,10,8,534,354,15.286189,254,252,3460.07373,2229.985107,2,1,123.133111,146.404281,6633.14518,218.371359,255,214683594,200343593,255,0.208937,0.087276,0.121661,53,44,0,0,1,1,1,1,1,1,0,0,0,25,1,0,Normal,0,3,Exploits
13447,9e-06,udp,dns,INT,2,0,114,0,111111.1072,254,0,50666664.0,0.0,0,0,0.009,0.0,0.0,0.0,0,0,0,0,0.0,0.0,0.0,57,0,0,0,50,2,16,16,8,50,0,0,0,16,50,0,Generic,1,3,Exploits
81071,0.744396,tcp,http,FIN,10,10,834,1248,25.52405,62,252,8070.973145,12079.59277,2,2,82.710667,74.358336,5473.691289,122.426383,255,203435081,1683433562,255,0.124537,0.060382,0.064155,83,125,1,173,3,1,2,2,1,3,0,0,1,2,3,0,Normal,0,3,Exploits
78492,0.731814,tcp,-,FIN,10,6,754,268,20.497011,254,252,7422.650879,2448.709473,2,1,76.500556,125.225203,3969.642762,197.076547,255,3681474940,1056522308,255,0.228421,0.105681,0.12274,75,45,0,0,9,1,1,1,1,2,0,0,0,3,2,0,Normal,0,3,Exploits
74723,6e-06,tcp,-,REQ,2,0,90,0,166666.6608,254,0,59999996.0,0.0,1,0,0.006,0.0,0.0,0.0,255,0,0,0,0.0,0.0,0.0,45,0,0,0,10,6,4,1,1,9,0,0,0,6,9,0,Normal,0,3,Exploits
27530,0.001077,udp,dns,CON,2,2,130,162,2785.515187,31,29,482822.625,601671.25,0,0,0.011,0.008,0.0,0.0,0,0,0,0,0.0,0.0,0.0,65,81,0,0,3,0,3,2,1,1,0,0,0,6,2,0,Normal,0,3,Exploits
79493,1.365604,tcp,-,FIN,10,8,718,354,12.448704,254,252,3790.26416,1816.046143,2,1,147.381444,180.816281,8372.730926,307.744312,255,992881991,2737923893,255,0.200506,0.099887,0.100619,72,44,0,0,5,1,1,2,1,2,0,0,0,2,2,0,Normal,0,3,Exploits
36062,0.000992,udp,dns,CON,2,2,146,178,3024.193589,31,29,588709.6875,717741.9375,0,0,0.008,0.001,0.0,0.0,0,0,0,0,0.0,0.0,0.0,73,89,0,0,2,0,2,1,1,2,0,0,0,6,3,0,Normal,0,3,Exploits
6371,8e-06,pvp,-,INT,2,0,200,0,125000.0003,254,0,100000000.0,0.0,0,0,0.008,0.0,0.0,0.0,0,0,0,0,0.0,0.0,0.0,100,0,0,0,4,2,1,1,1,4,0,0,0,11,4,0,DoS,1,3,Exploits
49214,9e-06,udp,-,INT,2,0,1064,0,111111.1072,254,0,472888864.0,0.0,0,0,0.009,0.0,0.0,0.0,0,0,0,0,0.0,0.0,0.0,532,0,0,0,35,2,10,10,1,10,0,0,0,10,35,0,Fuzzers,1,3,Exploits
78396,5e-06,udp,-,INT,2,0,104,0,200000.0051,254,0,83200000.0,0.0,0,0,0.005,0.0,0.0,0.0,0,0,0,0,0.0,0.0,0.0,52,0,0,0,6,2,1,1,1,6,0,0,0,1,6,0,Normal,0,3,Exploits
66867,1e-06,udp,-,INT,2,0,104,0,1000000.003,254,0,416000000.0,0.0,0,0,0.001,0.0,0.0,0.0,0,0,0,0,0.0,0.0,0.0,52,0,0,0,5,2,2,1,1,2,0,0,0,2,2,0,Normal,0,3,Exploits
49864,1e-05,udp,dns,INT,2,0,114,0,100000.0025,254,0,45600000.0,0.0,0,0,0.01,0.0,0.0,0.0,0,0,0,0,0.0,0.0,0.0,57,0,0,0,11,2,7,7,4,7,0,0,0,9,11,0,Generic,1,3,Exploits
66032,7.035784,tcp,-,REQ,4,0,180,0,0.426392,254,0,153.501022,0.0,3,0,2345.26125,0.0,3316.689,0.0,255,0,0,0,0.0,0.0,0.0,45,0,0,0,13,6,4,1,1,12,0,0,0,4,13,0,Normal,0,3,Exploits
77786,0.279936,tcp,-,FIN,10,6,510,268,53.583679,254,252,13117.28418,6401.463379,2,1,31.104,43.829602,1506.311618,73.484437,255,2444527213,2633501624,255,0.077398,0.037947,0.039451,51,45,0,0,7,1,1,1,1,7,0,0,0,2,7,0,Normal,0,3,Exploits
40371,2.035785,tcp,-,FIN,12,10,694,646,10.315431,254,252,2503.211426,2287.078613,2,3,184.992634,214.197672,11648.65809,349.91075,255,2071648658,3645932769,255,0.22048,0.108005,0.112475,58,65,0,0,2,1,2,1,1,2,0,0,0,2,2,0,Normal,0,3,Exploits
57172,1e-05,udp,dns,INT,2,0,114,0,100000.0025,254,0,45600000.0,0.0,0,0,0.01,0.0,0.0,0.0,0,0,0,0,0.0,0.0,0.0,57,0,0,0,14,2,8,7,4,7,0,0,0,7,14,0,Generic,1,3,Exploits
49140,1.1e-05,chaos,-,INT,2,0,200,0,90909.0902,254,0,72727272.0,0.0,0,0,0.011,0.0,0.0,0.0,0,0,0,0,0.0,0.0,0.0,100,0,0,0,14,2,14,14,14,14,0,0,0,15,14,0,Fuzzers,1,3,Exploits
64131,2e-06,udp,dns,INT,2,0,114,0,500000.0013,254,0,228000000.0,0.0,0,0,0.002,0.0,0.0,0.0,0,0,0,0,0.0,0.0,0.0,57,0,0,0,4,2,3,3,3,3,0,0,0,3,4,0,Generic,1,3,Exploits
29335,0.001063,udp,dns,CON,2,2,146,178,2822.201463,31,29,549388.5625,669802.5,0,0,0.01,0.009,0.0,0.0,0,0,0,0,0.0,0.0,0.0,73,89,0,0,4,0,2,3,2,2,0,0,0,5,5,0,Normal,0,3,Exploits
49427,1e-06,rdp,-,INT,2,0,200,0,1000000.003,254,0,800000000.0,0.0,0,0,0.001,0.0,0.0,0.0,0,0,0,0,0.0,0.0,0.0,100,0,0,0,21,2,4,4,4,4,0,0,0,6,16,0,Fuzzers,1,3,Exploits
27523,0.009264,tcp,-,FIN,36,38,2334,16290,7879.965662,31,29,1960276.375,13697755.0,7,12,0.255086,0.232054,15.133921,13.461588,255,1448093037,3598023921,255,0.000797,0.000643,0.000154,65,429,0,0,13,0,3,1,1,1,0,0,0,1,16,0,Normal,0,3,Exploits
39909,0.005191,tcp,-,FIN,24,20,2158,1918,8283.567429,31,29,3188595.5,2809477.75,6,5,0.225696,0.236737,13.664222,15.139678,255,889794593,3039675499,255,0.000688,0.00055,0.000138,90,96,0,0,9,0,3,1,1,1,0,0,0,6,3,0,Normal,0,3,Exploits
79287,1.825455,tcp,-,FIN,10,8,508,354,9.312747,254,252,2007.170898,1358.56543,2,1,196.982333,243.922578,12313.81261,346.686219,255,4095056525,3603160668,255,0.160812,0.117996,0.042816,51,44,0,0,5,1,3,2,2,3,0,0,0,5,3,0,Normal,0,3,Exploits
71645,0.583236,tcp,-,FIN,14,12,808,678,42.864297,254,252,10301.14746,8531.709961,4,4,44.864308,45.16009,2174.182102,62.432676,255,2007528221,1224449796,255,0.099591,0.03482,0.064771,58,57,0,0,5,1,2,2,1,5,0,0,0,2,5,0,Normal,0,3,Exploits
43502,9e-06,udp,-,INT,2,0,78,0,111111.1072,254,0,34666664.0,0.0,0,0,0.009,0.0,0.0,0.0,0,0,0,0,0.0,0.0,0.0,39,0,0,0,18,2,8,8,1,18,0,0,0,8,18,0,Normal,0,3,Exploits
71434,1.643444,tcp,-,FIN,10,8,534,354,10.344131,254,252,2341.424561,1509.026245,2,1,180.306667,216.238281,10614.58977,332.43775,255,1584043952,4198730369,255,0.235437,0.129769,0.105668,53,44,0,0,2,1,1,1,1,2,0,0,0,1,2,0,Normal,0,3,Exploits
40867,0.536652,tcp,http,FIN,10,8,802,1184,31.677883,62,252,10763.02637,15443.89941,2,2,59.535667,62.727285,2906.38465,91.859508,255,2843270594,3211112093,255,0.157497,0.097558,0.059939,80,148,1,190,4,1,20,3,3,4,0,0,9,5,4,0,Normal,0,3,Exploits
22310,3e-06,udp,dns,INT,2,0,114,0,333333.3215,254,0,152000000.0,0.0,0,0,0.003,0.0,0.0,0.0,0,0,0,0,0.0,0.0,0.0,57,0,0,0,43,2,41,41,16,43,0,0,0,41,43,0,Generic,1,3,Exploits
5200,8e-06,fc,-,INT,2,0,200,0,125000.0003,254,0,100000000.0,0.0,0,0,0.008,0.0,0.0,0.0,0,0,0,0,0.0,0.0,0.0,100,0,0,0,5,2,2,2,2,5,0,0,0,2,5,0,DoS,1,3,Exploits
76164,4e-06,udp,-,INT,2,0,104,0,250000.0006,254,0,104000000.0,0.0,0,0,0.004,0.0,0.0,0.0,0,0,0,0,0.0,0.0,0.0,52,0,0,0,9,2,9,7,1,9,0,0,0,37,9,0,Normal,0,3,Exploits
18926,5e-06,udp,dns,INT,2,0,114,0,200000.0051,254,0,91200000.0,0.0,0,0,0.005,0.0,0.0,0.0,0,0,0,0,0.0,0.0,0.0,57,0,0,0,30,2,26,25,25,32,0,0,0,26,30,0,Generic,1,3,Exploits
25943,0.052883,tcp,-,FIN,44,46,2766,24004,1682.960524,31,29,409053.9688,3552446.0,7,16,1.222233,1.163578,72.902212,71.681237,255,824860602,840226585,255,0.000656,0.000519,0.000137,63,522,0,0,6,0,3,1,1,1,0,0,0,4,5,0,Normal,0,3,Exploits
56371,3.346702,tcp,smtp,FIN,148,44,173263,2890,57.071109,62,252,411373.3438,6752.916504,71,8,22.764701,76.29607,2341.644702,101.795727,255,3386602879,2435991843,255,0.169425,0.06596,0.103465,1171,66,0,0,1,1,1,1,1,1,0,0,0,5,1,0,Exploits,1,3,Exploits
65661,3e-06,udp,dns,INT,2,0,114,0,333333.3215,254,0,152000000.0,0.0,0,0,0.003,0.0,0.0,0.0,0,0,0,0,0.0,0.0,0.0,57,0,0,0,16,2,7,7,4,7,0,0,0,8,16,0,Generic,1,3,Exploits
67534,1.077254,tcp,-,FIN,12,8,982,744,17.637436,254,252,6691.086426,4834.51416,3,2,97.882639,136.333141,4982.187328,218.298531,255,1876475711,3933457955,255,0.279756,0.122915,0.156841,82,93,0,0,7,1,1,1,1,4,0,0,0,1,7,0,Normal,0,3,Exploits
65520,7e-06,udp,dns,INT,2,0,114,0,142857.1409,254,0,65142856.0,0.0,0,0,0.007,0.0,0.0,0.0,0,0,0,0,0.0,0.0,0.0,57,0,0,0,7,2,7,7,4,7,0,0,0,8,7,0,Generic,1,3,Exploits
23865,2e-06,udp,dns,INT,2,0,264,0,500000.0013,60,0,528000000.0,0.0,0,0,0.002,0.0,0.0,0.0,0,0,0,0,0.0,0.0,0.0,132,0,0,0,8,0,2,2,2,2,0,0,0,2,8,0,Normal,0,3,Exploits
39076,0.005228,tcp,-,FIN,24,20,2158,1918,8224.942259,31,29,3166029.0,2789594.25,6,5,0.227304,0.235947,13.565269,14.357297,255,3898851834,1749586788,255,0.000734,0.000601,0.000133,90,96,0,0,8,0,4,1,1,1,0,0,0,2,2,0,Normal,0,3,Exploits
45700,1.822371,tcp,-,FIN,14,8,1080,732,11.523449,254,252,4403.055176,2813.916504,3,2,136.851928,247.450578,8574.222906,392.056969,255,1874680746,1632157000,255,0.184828,0.090213,0.094615,77,92,0,0,1,1,2,1,1,1,0,0,0,1,1,0,Fuzzers,1,3,Exploits
58460,1.1e-05,udp,dns,INT,2,0,114,0,90909.0902,254,0,41454544.0,0.0,0,0,0.011,0.0,0.0,0.0,0,0,0,0,0.0,0.0,0.0,57,0,0,0,4,2,3,3,3,3,0,0,0,3,4,0,Generic,1,3,Exploits
38792,0.00091,udp,dns,CON,2,2,146,178,3296.703288,31,29,641758.25,782417.5625,0,0,0.002,0.002,0.0,0.0,0,0,0,0,0.0,0.0,0.0,73,89,0,0,2,0,2,1,1,1,0,0,0,3,2,0,Normal,0,3,Exploits
59693,1.1e-05,udp,dns,INT,2,0,114,0,90909.0902,254,0,41454544.0,0.0,0,0,0.011,0.0,0.0,0.0,0,0,0,0,0.0,0.0,0.0,57,0,0,0,9,2,4,4,4,4,0,0,0,5,9,0,Generic,1,3,Exploits
32806,0.018791,tcp,-,FIN,16,18,1540,1644,1756.159917,31,29,614762.375,661167.625,4,4,1.231467,1.044294,73.013389,2.037076,255,1565519352,3716613865,255,0.001155,0.001023,0.000132,96,91,0,0,4,0,11,4,1,4,0,0,0,6,12,0,Normal,0,3,Exploits
45524,0.641363,tcp,ftp-data,FIN,8,8,364,964,23.387691,62,252,3979.025879,10527.5791,1,2,91.623286,84.867711,6537.054941,184.863547,255,4028940408,2699247371,255,0.092898,0.046619,0.046279,46,121,0,0,1,1,2,1,1,2,0,0,0,2,1,0,Exploits,1,3,Exploits
42895,1.376952,tcp,-,FIN,14,14,812,764,19.608526,254,252,4380.689941,4125.052734,4,4,105.919385,99.543156,7018.918245,135.143203,255,17871799,3348460996,255,0.147831,0.081951,0.06588,58,55,0,0,4,1,1,1,1,4,0,0,0,1,4,0,Normal,0,3,Exploits
10531,3.483844,tcp,ftp,FIN,24,22,1248,1618,12.916766,62,252,2746.391602,3547.805176,7,9,151.465261,149.091006,7675.018583,8429.709516,255,2344436177,3657439221,255,0.412662,0.352932,0.05973,52,74,0,0,1,1,3,1,1,2,1,1,0,2,1,0,Exploits,1,3,Exploits
45422,0.760837,tcp,smtp,FIN,20,20,3846,1734,51.259336,62,252,38420.84375,17328.2832,7,8,40.044052,39.451211,1962.319286,47.293133,255,3445546265,2176616303,255,0.051305,0.00702,0.044285,192,87,0,0,1,1,1,1,1,1,0,0,0,1,1,0,Exploits,1,3,Exploits
2232,2e-06,ipv6,-,INT,2,0,200,0,500000.0013,254,0,400000000.0,0.0,0,0,0.002,0.0,0.0,0.0,0,0,0,0,0.0,0.0,0.0,100,0,0,0,4,2,1,1,1,4,0,0,0,1,4,0,Fuzzers,1,3,Exploits
54160,1e-05,udp,dns,INT,2,0,114,0,100000.0025,254,0,45600000.0,0.0,0,0,0.01,0.0,0.0,0.0,0,0,0,0,0.0,0.0,0.0,57,0,0,0,12,2,3,4,3,3,0,0,0,4,11,0,Generic,1,3,Exploits
64937,1e-05,udp,-,INT,2,0,168,0,100000.0025,254,0,67200000.0,0.0,0,0,0.01,0.0,0.0,0.0,0,0,0,0,0.0,0.0,0.0,84,0,0,0,4,2,2,1,1,2,0,0,0,2,2,0,Reconnaissance,1,3,Exploits
72441,0.452029,tcp,-,FIN,10,6,572,268,33.183712,254,252,9114.459961,3964.347412,2,1,41.136778,78.618,2075.792058,97.998437,255,1263617864,4271978895,255,0.106868,0.058931,0.047937,57,45,0,0,4,1,1,1,1,4,0,0,0,1,4,0,Normal,0,3,Exploits
32709,0.001048,udp,dns,CON,2,2,132,164,2862.595564,31,29,503816.8125,625954.25,0,0,0.012,0.008,0.0,0.0,0,0,0,0,0.0,0.0,0.0,66,82,0,0,6,0,8,1,1,6,0,0,0,9,3,0,Normal,0,3,Exploits
34814,0.00288,tcp,ftp-data,FIN,6,8,320,1884,4513.88882,31,29,741666.625,4580555.5,1,2,0.5122,0.335,27.9703,0.532216,255,1653524599,3806895765,255,0.00069,0.000531,0.000159,53,236,0,0,3,0,9,1,1,5,0,0,0,8,3,0,Normal,0,3,Exploits
68758,8e-06,tcp,-,REQ,2,0,90,0,125000.0003,254,0,45000000.0,0.0,1,0,0.008,0.0,0.0,0.0,255,0,0,0,0.0,0.0,0.0,45,0,0,0,10,6,5,1,1,10,0,0,0,5,10,0,Normal,0,3,Exploits
61464,0.605735,tcp,-,FIN,8,10,364,3754,28.065078,62,252,4213.063477,44626.77734,1,3,86.533569,61.869778,5838.474111,5160.978708,255,1446385321,2923662858,255,0.100209,0.048268,0.051941,46,375,0,0,7,1,2,1,1,2,0,0,0,3,2,0,Exploits,1,3,Exploits
77652,0.986708,tcp,-,FIN,28,16,24372,850,43.579256,254,252,190548.7813,6461.891602,11,4,36.54474,58.769602,2902.277251,94.733094,255,1697720393,257503533,255,0.128629,0.104442,0.024187,870,53,0,0,4,1,1,1,1,4,0,0,0,1,4,0,Normal,0,3,Exploits
69305,0.810155,tcp,http,FIN,10,8,834,1104,20.98364,62,252,7415.865234,9538.916016,2,2,89.914556,98.55,4548.147336,163.804031,255,958294010,1973269824,255,0.20839,0.120296,0.088094,83,138,1,131,2,1,1,1,1,2,0,0,1,1,2,0,Normal,0,3,Exploits
10065,1.653476,tcp,-,FIN,24,64,1262,59474,52.616427,62,252,5854.333496,283257.8125,6,28,71.890257,25.777745,4527.693109,2393.943731,255,2426406314,507671881,255,0.084762,0.028778,0.055984,53,929,0,0,1,1,1,1,1,1,0,0,0,1,2,0,Exploits,1,3,Exploits
56872,4e-06,udp,dns,INT,2,0,114,0,250000.0006,254,0,114000000.0,0.0,0,0,0.004,0.0,0.0,0.0,0,0,0,0,0.0,0.0,0.0,57,0,0,0,9,2,4,4,4,4,0,0,0,8,9,0,Generic,1,3,Exploits
52958,1.156959,tcp,-,FIN,10,8,534,354,14.693692,254,252,3325.960449,2143.550293,2,1,124.079889,157.063,7276.337147,284.843563,255,427956614,1590398312,255,0.108779,0.057514,0.051265,53,44,0,0,5,1,1,1,1,1,0,0,0,1,2,0,Fuzzers,1,3,Exploits
7061,1.493906,tcp,-,FIN,34,130,1694,152454,109.109942,62,252,8809.12207,810128.625,6,63,45.269879,11.096713,2209.955997,1109.488082,255,1457665214,1595497598,255,0.113923,0.061778,0.052145,50,1173,0,0,1,1,2,1,1,1,0,0,0,1,2,0,Exploits,1,3,Exploits
62049,2.05138,tcp,-,FIN,10,8,914,354,8.287105,254,252,3209.546875,1208.942261,2,1,222.927556,277.110719,16167.62023,415.3825,255,25587153,4039863911,255,0.221134,0.111601,0.109533,91,44,0,0,3,1,1,1,1,1,0,0,0,2,1,0,Reconnaissance,1,3,Exploits
62604,4e-06,udp,-,INT,2,0,104,0,250000.0006,254,0,104000000.0,0.0,0,0,0.004,0.0,0.0,0.0,0,0,0,0,0.0,0.0,0.0,52,0,0,0,2,2,6,1,1,1,0,0,0,1,6,0,Fuzzers,1,3,Exploits
78800,0.803772,tcp,-,FIN,10,8,850,354,21.150277,254,252,7614.099609,3085.452148,2,1,86.678444,104.852,5089.887138,169.631594,255,3165572945,158367699,255,0.150449,0.069804,0.080645,85,44,0,0,5,1,4,3,3,4,0,0,0,4,8,0,Normal,0,3,Exploits
44642,2.214951,tcp,-,FIN,12,10,994,800,9.481022,254,252,3293.978027,2600.509033,3,2,187.954278,229.431672,14656.98988,338.631031,255,1690026828,4007991425,255,0.235962,0.150063,0.085899,83,80,0,0,4,1,1,2,1,1,0,0,0,2,1,0,Fuzzers,1,3,Exploits
55608,1e-06,udp,dns,INT,2,0,114,0,1000000.003,254,0,456000000.0,0.0,0,0,0.001,0.0,0.0,0.0,0,0,0,0,0.0,0.0,0.0,57,0,0,0,14,2,7,7,3,7,0,0,0,9,14,0,Generic,1,3,Exploits
1843,1.586199,tcp,-,FIN,16,10,6748,596,15.760948,254,252,31910.24414,2708.361328,5,3,105.732529,164.471438,8403.7483,277.915031,255,3513633081,1928677307,255,0.185947,0.105948,0.079999,422,60,0,0,3,1,3,2,1,3,0,0,0,4,2,0,DoS,1,3,Exploits
30217,0.670469,tcp,-,FIN,96,164,5904,192828,386.296764,31,29,69718.35938,2286793.25,10,71,7.054126,4.109638,517.929865,413.754644,255,869763787,879333336,255,0.000727,0.000594,0.000133,62,1176,0,0,26,0,4,3,1,1,0,0,0,6,9,0,Normal,0,3,Exploits
16568,9e-06,udp,dns,INT,2,0,114,0,111111.1072,254,0,50666664.0,0.0,0,0,0.009,0.0,0.0,0.0,0,0,0,0,0.0,0.0,0.0,57,0,0,0,41,2,18,18,18,41,0,0,0,19,41,0,Generic,1,3,Exploits
59490,1.310432,tcp,-,FIN,12,8,2692,466,14.499036,254,252,15066.78809,2490.781738,3,2,114.838912,177.463,6168.556266,284.783313,255,636306438,381033703,255,0.243793,0.06818,0.175613,224,58,0,0,1,1,1,1,1,1,0,0,0,1,2,0,DoS,1,3,Exploits
60165,1e-05,udp,dns,INT,2,0,114,0,100000.0025,254,0,45600000.0,0.0,0,0,0.01,0.0,0.0,0.0,0,0,0,0,0.0,0.0,0.0,57,0,0,0,7,2,4,4,4,4,0,0,0,4,7,0,Generic,1,3,Exploits
10937,1.108506,tcp,http,FIN,20,38,2582,40191,51.420562,62,252,17703.10742,282427.0,6,17,58.292844,28.553026,2841.245251,2253.759299,255,958570545,3956172063,255,0.102011,0.052036,0.049975,129,1058,1,109,1,1,6,1,1,1,0,0,1,1,1,0,Exploits,1,3,Exploits
31541,0.001061,udp,dns,CON,2,2,146,178,2827.521083,31,29,550424.125,671065.0,0,0,0.011,0.008,0.0,0.0,0,0,0,0,0.0,0.0,0.0,73,89,0,0,2,0,2,1,1,1,0,0,0,2,2,0,Normal,0,3,Exploits
47411,0.949529,tcp,ftp,FIN,12,12,634,682,24.222536,254,252,4903.483887,5274.193848,3,4,86.230453,78.575,4769.052451,108.676234,255,3446283171,4066575164,255,0.121826,0.085193,0.036633,53,57,0,0,2,1,3,1,1,3,0,0,0,4,2,0,Fuzzers,1,3,Exploits
53989,1e-05,udp,dns,INT,2,0,114,0,100000.0025,254,0,45600000.0,0.0,0,0,0.01,0.0,0.0,0.0,0,0,0,0,0.0,0.0,0.0,57,0,0,0,7,2,4,4,4,4,0,0,0,4,7,0,Generic,1,3,Exploits
80072,0.910617,tcp,http,FIN,10,10,836,1238,20.864974,62,252,6615.294922,9795.556641,2,2,101.179667,93.918664,5859.204125,176.681219,255,396356759,547153223,255,0.165676,0.064441,0.101235,84,124,1,169,3,1,1,1,1,3,0,0,1,1,3,0,Normal,0,3,Exploits
75910,0.551277,tcp,-,CON,6,2,978,86,12.697791,62,252,11827.08594,624.005737,2,1,110.2554,0.002,6377.02269,0.0,255,162517594,1990295988,255,0.436016,0.225085,0.210931,163,43,0,0,5,3,2,2,1,5,0,0,0,2,5,0,Normal,0,3,Exploits
5772,0.192764,tcp,http,FIN,10,6,902,268,77.81536,254,252,33699.23828,9296.341797,2,1,19.618,36.873602,1037.135032,61.165422,255,3730170570,3414035747,255,0.055653,0.008389,0.047264,90,45,1,0,4,1,1,1,1,1,0,0,1,1,1,0,Reconnaissance,1,9,Worms
25086,0.066828,tcp,-,FIN,56,56,3406,40550,1660.980488,31,29,400550.6875,4767582.5,7,21,1.209218,1.196309,76.688674,2.097445,255,2357565616,2397763825,255,0.001235,0.001027,0.000208,61,724,0,0,5,0,1,1,1,1,0,0,0,4,1,0,Normal,0,3,Exploits
10607,0.922736,tcp,http,FIN,10,10,904,1430,20.590938,62,252,7057.273438,11158.12109,2,2,102.514,106.547375,6992.766839,140.368406,255,1531413604,2331327269,255,0.156169,0.070348,0.085821,90,143,1,252,1,1,1,1,1,1,0,0,1,2,1,0,Exploits,1,3,Exploits
51093,0.667688,tcp,http,FIN,10,8,1004,354,25.460993,254,252,10831.40625,3714.30957,2,1,74.187556,81.894,3850.78165,166.740828,255,1802008658,669387107,255,0.196415,0.093766,0.102649,100,44,0,0,1,1,1,1,1,1,0,0,0,1,1,0,Exploits,1,3,Exploits
18727,8e-06,udp,dns,INT,2,0,114,0,125000.0003,254,0,57000000.0,0.0,0,0,0.008,0.0,0.0,0.0,0,0,0,0,0.0,0.0,0.0,57,0,0,0,39,2,39,39,16,39,0,0,0,39,39,0,Generic,1,3,Exploits
43978,1.380353,tcp,http,FIN,10,10,850,1692,13.764595,254,252,4433.648438,8826.727539,2,2,153.204778,145.985,8498.477219,279.941531,255,4273913625,3793127063,255,0.192956,0.066487,0.126469,85,169,0,0,3,1,1,1,1,1,0,0,0,1,3,0,DoS,1,3,Exploits
24914,1.12962,tcp,ftp,FIN,52,54,2934,3742,92.951616,31,29,20382.07617,26012.28906,11,15,22.14349,21.304133,1644.587517,58.101059,255,2058652745,2071079324,255,0.000633,0.000496,0.000137,56,69,0,0,1,0,2,1,1,2,0,0,0,6,1,0,Normal,0,3,Exploits
72520,5e-06,udp,-,INT,2,0,104,0,200000.0051,254,0,83200000.0,0.0,0,0,0.005,0.0,0.0,0.0,0,0,0,0,0.0,0.0,0.0,52,0,0,0,14,2,3,4,1,7,0,0,0,4,7,0,Normal,0,3,Exploits
16765,1e-05,udp,dns,INT,2,0,114,0,100000.0025,254,0,45600000.0,0.0,0,0,0.01,0.0,0.0,0.0,0,0,0,0,0.0,0.0,0.0,57,0,0,0,39,2,18,18,18,39,0,0,0,18,39,0,Generic,1,3,Exploits
32462,0.008951,tcp,-,FIN,36,38,2334,16290,8155.513407,31,29,2028823.625,14176740.0,7,12,0.246171,0.225541,14.323901,13.19812,255,485512472,2631201986,255,0.000756,0.000595,0.000161,65,429,0,0,3,0,2,1,1,1,0,0,0,2,11,0,Normal,0,3,Exploits
43631,1.937164,tcp,http,FIN,10,10,824,1154,9.808153,62,252,3064.273438,4290.808594,2,2,215.240444,201.153109,13443.50269,318.884344,255,3775178572,3609098104,255,0.185826,0.125991,0.059835,82,115,1,175,4,1,3,3,3,3,0,0,9,3,3,0,Normal,0,3,Exploits
61177,5e-06,udp,dns,INT,2,0,114,0,200000.0051,254,0,91200000.0,0.0,0,0,0.005,0.0,0.0,0.0,0,0,0,0,0.0,0.0,0.0,57,0,0,0,10,2,3,3,3,3,0,0,0,3,10,0,Generic,1,3,Exploits
27951,0.068375,tcp,ftp-data,FIN,6,8,320,1860,190.127974,31,29,31239.48828,190478.9844,1,2,13.6012,9.702857,953.358506,23.433016,255,3243028168,3635367802,255,0.000574,0.000451,0.000123,53,233,0,0,1,0,8,1,1,1,0,0,0,1,4,0,Normal,0,3,Exploits
69209,0.985932,tcp,http,FIN,10,10,832,1356,19.271106,62,252,6077.498535,9907.376953,2,2,109.440667,96.445555,6508.870456,159.124016,255,2474471681,1015937309,255,0.212466,0.117919,0.094547,83,136,1,214,1,1,1,1,1,1,0,0,1,1,1,0,Normal,0,3,Exploits
17313,1e-05,udp,dns,INT,2,0,114,0,100000.0025,254,0,45600000.0,0.0,0,0,0.01,0.0,0.0,0.0,0,0,0,0,0.0,0.0,0.0,57,0,0,0,27,2,25,25,25,27,0,0,0,25,27,0,Generic,1,3,Exploits
76600,0.486536,tcp,-,FIN,10,6,610,268,30.830196,254,252,9027.081055,3683.180664,2,1,50.266,82.827398,2575.990285,122.807953,255,312677184,3339733132,255,0.166634,0.07239,0.094244,61,45,0,0,8,1,4,2,1,8,0,0,0,4,8,0,Normal,0,3,Exploits
81221,0.591814,tcp,-,FIN,14,10,774,556,38.863563,254,252,9719.270508,6772.398438,4,3,43.780231,61.826109,2180.691319,79.007898,255,4183188908,1135776019,255,0.112853,0.035375,0.077478,55,56,0,0,2,1,1,1,1,2,0,0,0,1,3,0,Normal,0,3,Exploits
32394,0.038935,tcp,-,FIN,84,86,4862,77276,4340.567812,31,29,987286.5625,15693439.0,7,36,0.465289,0.450965,24.575014,24.708489,255,2103719081,4273435775,255,0.000736,0.0006,0.000136,58,899,0,0,5,0,1,1,1,1,0,0,0,1,3,0,Normal,0,3,Exploits
21809,4e-06,udp,dns,INT,2,0,114,0,250000.0006,254,0,114000000.0,0.0,0,0,0.004,0.0,0.0,0.0,0,0,0,0,0.0,0.0,0.0,57,0,0,0,37,2,25,25,25,37,0,0,0,25,37,0,Generic,1,3,Exploits
34824,0.272287,tcp,-,FIN,206,396,11930,495632,2207.229781,31,29,348837.7813,14525291.0,19,178,1.32661,0.688122,76.789692,41.281661,255,2108884639,4257886723,255,0.000607,0.000476,0.000131,58,1252,0,0,18,0,2,1,1,2,0,0,0,5,9,0,Normal,0,3,Exploits
12552,0.796094,tcp,http,FIN,10,10,798,1298,23.866528,62,252,7225.277344,11747.35645,2,2,88.454889,72.635664,4910.180269,134.119344,255,2737727440,3932244423,255,0.194287,0.141725,0.052562,80,130,1,787,5,1,4,4,4,5,0,0,16,4,5,0,Exploits,1,3,Exploits
61313,5e-06,udp,dns,INT,2,0,114,0,200000.0051,254,0,91200000.0,0.0,0,0,0.005,0.0,0.0,0.0,0,0,0,0,0.0,0.0,0.0,57,0,0,0,16,2,6,6,3,6,0,0,0,6,16,0,Generic,1,3,Exploits
8108,8e-06,unas,-,INT,2,0,200,0,125000.0003,254,0,100000000.0,0.0,0,0,0.008,0.0,0.0,0.0,0,0,0,0,0.0,0.0,0.0,100,0,0,0,8,2,6,6,6,8,0,0,0,23,8,0,DoS,1,3,Exploits
24495,0.036885,tcp,-,FIN,36,38,2334,16920,1979.124264,31,29,492341.0625,3573268.25,7,12,1.0444,0.981108,73.020826,69.962886,255,2577737948,442257993,255,0.000734,0.000579,0.000155,65,445,0,0,8,0,5,1,1,1,0,0,0,2,16,0,Normal,0,3,Exploits
75514,1.150446,tcp,-,FIN,14,10,774,556,19.992245,254,252,4999.799805,3483.865967,4,3,84.936,117.609781,4394.063147,163.966922,255,2590767547,2577257483,255,0.13161,0.091949,0.039661,55,56,0,0,2,1,1,1,1,2,0,0,0,1,2,0,Normal,0,3,Exploits
78322,1.2e-05,udp,-,INT,2,0,78,0,83333.33039,254,0,26000000.0,0.0,0,0,0.012,0.0,0.0,0.0,0,0,0,0,0.0,0.0,0.0,39,0,0,0,2,2,1,1,1,2,0,0,0,1,2,0,Normal,0,3,Exploits
57005,1.764898,tcp,-,FIN,72,26,71948,2082,54.960685,62,252,321600.4688,9074.746094,33,8,24.857719,68.03868,2383.224142,98.160086,255,1205845262,2793392436,255,0.114244,0.053378,0.060866,999,80,0,0,1,1,1,1,1,1,0,0,0,1,1,0,Exploits,1,3,Exploits
4511,8e-06,mtp,-,INT,2,0,200,0,125000.0003,254,0,100000000.0,0.0,0,0,0.008,0.0,0.0,0.0,0,0,0,0,0.0,0.0,0.0,100,0,0,0,6,2,2,2,2,6,0,0,0,11,6,0,DoS,1,3,Exploits
17614,3e-06,udp,dns,INT,2,0,114,0,333333.3215,254,0,152000000.0,0.0,0,0,0.003,0.0,0.0,0.0,0,0,0,0,0.0,0.0,0.0,57,0,0,0,23,2,5,5,5,26,0,0,0,5,23,0,Generic,1,3,Exploits
20356,4e-06,udp,dns,INT,2,0,114,0,250000.0006,254,0,114000000.0,0.0,0,0,0.004,0.0,0.0,0.0,0,0,0,0,0.0,0.0,0.0,57,0,0,0,33,2,18,18,18,33,0,0,0,18,33,0,Generic,1,3,Exploits
8899,3.03278,tcp,-,FIN,28,82,1438,86840,35.940623,62,252,3658.689453,226276.8906,6,39,112.325186,36.17953,5498.65431,3226.951724,255,3197049332,798552114,255,0.282271,0.101525,0.180746,51,1059,0,0,4,1,1,1,1,1,0,0,0,1,1,0,Exploits,1,3,Exploits
44965,1.286826,tcp,http,FIN,60,14,68193,612,56.728726,254,252,416883.0938,3537.385742,27,1,21.807373,92.087844,2086.583161,127.068148,255,2148185519,4283938142,255,0.256017,0.089677,0.16634,1137,44,1,0,1,1,1,1,1,1,0,0,1,2,1,0,Fuzzers,1,3,Exploits
5138,8e-06,sccopmce,-,INT,2,0,200,0,125000.0003,254,0,100000000.0,0.0,0,0,0.008,0.0,0.0,0.0,0,0,0,0,0.0,0.0,0.0,100,0,0,0,4,2,1,1,1,4,0,0,0,3,4,0,Exploits,1,3,Exploits
53625,0.629471,tcp,-,FIN,10,8,536,354,27.006804,254,252,6138.487793,3939.816162,2,1,66.413889,82.072711,4127.55859,139.403703,255,1094743484,2351371805,255,0.146081,0.054956,0.091125,54,44,0,0,1,1,2,1,1,1,0,0,0,1,4,0,Shellcode,1,3,Exploits
12066,3e-06,udp,dns,INT,2,0,114,0,333333.3215,254,0,152000000.0,0.0,0,0,0.003,0.0,0.0,0.0,0,0,0,0,0.0,0.0,0.0,57,0,0,0,48,2,42,42,24,48,0,0,0,42,48,0,Generic,1,3,Exploits
128,0.816781,tcp,-,FIN,10,6,2516,268,18.364776,254,252,22184.65039,2193.978516,2,1,90.476222,137.692797,4489.654147,196.170453,255,2986121594,4120927092,255,0.234341,0.128308,0.106033,252,45,0,0,12,1,1,1,1,3,0,0,0,9,3,0,Normal,0,3,Exploits
77915,0.542054,tcp,-,FIN,10,6,554,268,27.67252,254,252,7364.580078,3305.943604,2,1,60.136,93.938,2908.244099,137.055984,255,2839823670,3615197063,255,0.150457,0.072359,0.078098,55,45,0,0,9,1,2,2,1,8,0,0,0,2,8,0,Normal,0,3,Exploits
77289,0.573217,tcp,-,FIN,14,12,926,678,43.613503,254,252,12002.43555,8680.832031,4,4,44.093617,45.999816,2210.861648,56.670187,255,2456180965,3552056878,255,0.089079,0.066506,0.022573,66,57,0,0,7,1,2,2,1,7,0,0,0,2,7,0,Normal,0,3,Exploits
14109,5e-06,udp,dns,INT,2,0,114,0,200000.0051,254,0,91200000.0,0.0,0,0,0.005,0.0,0.0,0.0,0,0,0,0,0.0,0.0,0.0,57,0,0,0,33,2,6,6,6,33,0,0,0,6,33,0,Generic,1,3,Exploits
20213,9e-06,udp,dns,INT,2,0,114,0,111111.1072,254,0,50666664.0,0.0,0,0,0.009,0.0,0.0,0.0,0,0,0,0,0.0,0.0,0.0,57,0,0,0,24,2,24,24,11,24,0,0,0,24,24,0,Generic,1,3,Exploits
65362,1.1e-05,udp,dns,INT,2,0,114,0,90909.0902,254,0,41454544.0,0.0,0,0,0.011,0.0,0.0,0.0,0,0,0,0,0.0,0.0,0.0,57,0,0,0,8,2,3,3,3,3,0,0,0,3,8,0,Generic,1,3,Exploits
46066,1.399584,tcp,http,FIN,10,10,844,1904,13.575462,62,252,4344.147949,9797.196289,2,2,155.388778,141.370328,9285.643154,229.466141,255,2267649362,528407386,255,0.212182,0.127241,0.084941,84,190,1,485,1,1,1,1,1,1,0,0,1,3,1,0,Exploits,1,3,Exploits
73722,1.572761,tcp,-,FIN,10,8,546,354,10.809016,254,252,2502.605225,1576.844727,2,1,163.756333,212.990141,9717.487701,390.852312,255,4025224940,3406529154,255,0.18937,0.081821,0.107549,55,44,0,0,5,1,2,1,1,4,0,0,0,2,4,0,Normal,0,3,Exploits
52638,0.509295,tcp,-,FIN,10,6,588,268,29.452479,254,252,8325.234375,3518.5896,2,1,52.126667,89.901602,2866.630499,145.137281,255,3209078285,3814548223,255,0.105886,0.059783,0.046103,59,45,0,0,4,1,3,2,1,2,0,0,0,2,7,0,Fuzzers,1,3,Exploits
3305,0.175826,tcp,http,FIN,10,6,1342,268,85.311616,254,252,54963.42969,10191.89453,2,1,18.855,33.435801,1001.652735,60.00477,255,884900945,196199450,255,0.0539,0.008626,0.045274,134,45,1,0,5,1,1,1,1,2,0,0,1,1,2,0,DoS,1,9,Worms
70164,3.545537,tcp,-,CON,6,2,1012,86,1.974313,62,252,1904.365967,97.023384,2,1,709.1074,0.007,39442.96219,0.0,255,4156798622,1638440875,255,2.637592,1.293471,1.344121,169,43,0,0,1,3,1,1,1,1,0,0,0,1,1,0,Normal,0,3,Exploits
35425,0.00106,udp,dns,CON,2,2,146,178,2830.188576,31,29,550943.375,671698.0625,0,0,0.01,0.008,0.0,0.0,0,0,0,0,0.0,0.0,0.0,73,89,0,0,4,0,2,1,1,1,0,0,0,1,2,0,Normal,0,3,Exploits
39938,0.001029,udp,dns,CON,2,2,146,178,2915.451794,31,29,567541.3125,691933.875,0,0,0.003,0.009,0.0,0.0,0,0,0,0,0.0,0.0,0.0,73,89,0,0,4,0,3,1,1,1,0,0,0,1,5,0,Normal,0,3,Exploits
18011,9e-06,udp,dns,INT,2,0,114,0,111111.1072,254,0,50666664.0,0.0,0,0,0.009,0.0,0.0,0.0,0,0,0,0,0.0,0.0,0.0,57,0,0,0,22,2,9,9,9,22,0,0,0,9,22,0,Generic,1,3,Exploits
22365,9e-06,udp,dns,INT,2,0,114,0,111111.1072,254,0,50666664.0,0.0,0,0,0.009,0.0,0.0,0.0,0,0,0,0,0.0,0.0,0.0,57,0,0,0,32,2,25,25,25,32,0,0,0,25,32,0,Generic,1,3,Exploits
13805,5e-06,udp,dns,INT,2,0,114,0,200000.0051,254,0,91200000.0,0.0,0,0,0.005,0.0,0.0,0.0,0,0,0,0,0.0,0.0,0.0,57,0,0,0,18,2,18,18,18,18,0,0,0,18,18,0,Generic,1,3,Exploits
44501,0.889128,tcp,smtp,FIN,54,24,48267,2028,86.601701,62,252,426251.3125,17491.29492,24,8,16.776,35.470695,1524.724494,67.425555,255,2545306121,2674918876,255,0.094408,0.046449,0.047959,894,85,0,0,1,1,1,1,1,1,0,0,0,1,1,0,Exploits,1,3,Exploits
67759,1.323427,tcp,-,FIN,58,14,68119,612,53.648597,254,252,404676.6563,3439.555176,26,1,22.138596,95.319922,2105.546182,122.775883,255,1448657736,837825259,255,0.171712,0.084259,0.087453,1174,44,1,0,6,1,1,1,1,3,0,0,1,2,1,0,Normal,0,3,Exploits
71541,1.167556,tcp,-,FIN,16,12,1176,678,23.125228,254,252,7557.666992,4261.894043,4,4,83.396859,100.474906,113.612648,157.624437,255,77526336,147231494,255,0.133104,0.040274,0.09283,74,57,0,0,7,1,1,1,1,4,0,0,0,2,4,0,Normal,0,3,Exploits
39293,0.076949,tcp,-,FIN,84,84,4862,79778,2170.268609,31,29,499551.6563,8195454.0,7,36,0.923301,0.921711,58.39861,57.983176,255,2308223728,168463670,255,0.00098,0.000444,0.000536,58,950,0,0,8,0,2,1,1,1,0,0,0,7,6,0,Normal,0,3,Exploits
64349,1e-05,udp,dns,INT,2,0,114,0,100000.0025,254,0,45600000.0,0.0,0,0,0.01,0.0,0.0,0.0,0,0,0,0,0.0,0.0,0.0,57,0,0,0,4,2,3,3,3,3,0,0,0,3,4,0,Generic,1,3,Exploits
55296,0.439173,tcp,-,FIN,10,6,1526,268,34.155104,254,252,25028.85938,4080.396484,2,1,46.461111,79.764,2344.443438,117.148602,255,2821901303,3096429626,255,0.093994,0.040343,0.053651,153,45,0,0,7,1,2,2,1,2,0,0,0,2,4,0,Fuzzers,1,3,Exploits
58759,1.314431,tcp,ssh,FIN,14,38,622,44058,38.80006,62,252,3517.87207,261095.5,1,17,101.110079,31.514377,6111.955306,3986.707579,255,1489090263,3899303812,255,0.356834,0.125889,0.230945,44,1159,0,0,1,1,1,1,1,1,0,0,0,1,1,0,Exploits,1,3,Exploits
61566,8e-06,udp,dns,INT,2,0,114,0,125000.0003,254,0,57000000.0,0.0,0,0,0.008,0.0,0.0,0.0,0,0,0,0,0.0,0.0,0.0,57,0,0,0,14,2,7,7,4,7,0,0,0,7,14,0,Generic,1,3,Exploits
3608,0.29007,tcp,http,FIN,10,6,950,268,51.711656,254,252,23580.51563,6177.819336,2,1,29.779444,55.130398,1453.968725,74.458461,255,482651397,871942114,255,0.061553,0.014409,0.047144,95,45,1,0,1,1,3,1,1,11,0,0,1,3,1,0,Exploits,1,9,Worms
51957,3e-06,pnni,-,INT,2,0,200,0,200000.0051,254,0,160000000.0,0.0,0,0,0.005,0.0,0.0,0.0,0,0,0,0,0.0,0.0,0.0,100,0,0,0,14,2,6,6,6,6,0,0,0,8,14,0,Fuzzers,1,3,Exploits
47147,4e-06,unas,-,INT,2,0,200,0,90909.0902,254,0,72727272.0,0.0,0,0,0.011,0.0,0.0,0.0,0,0,0,0,0.0,0.0,0.0,100,0,0,0,6,2,4,4,4,4,0,0,0,5,6,0,Exploits,1,3,Exploits
5833,3e-06,udp,-,INT,2,0,168,0,333333.3215,254,0,224000000.0,0.0,0,0,0.003,0.0,0.0,0.0,0,0,0,0,0.0,0.0,0.0,84,0,0,0,2,2,1,1,1,1,0,0,0,1,1,0,Reconnaissance,1,3,Exploits
80713,3e-06,tcp,-,REQ,2,0,90,0,333333.3215,254,0,119999992.0,0.0,1,0,0.003,0.0,0.0,0.0,255,0,0,0,0.0,0.0,0.0,45,0,0,0,4,6,2,1,1,4,0,0,0,2,4,0,Normal,0,3,Exploits
42612,0.574569,tcp,http,FIN,10,8,826,1278,29.587396,62,252,10359.06934,15580.375,2,2,63.841,63.228285,3157.999341,109.289195,255,413148453,1592872872,255,0.173792,0.110451,0.063341,83,160,1,237,6,1,2,2,1,6,0,0,1,2,6,0,Normal,0,3,Exploits
12164,8e-06,udp,dns,INT,2,0,114,0,125000.0003,254,0,57000000.0,0.0,0,0,0.008,0.0,0.0,0.0,0,0,0,0,0.0,0.0,0.0,57,0,0,0,16,2,16,16,9,16,0,0,0,16,16,0,Generic,1,3,Exploits
79182,1.604395,tcp,-,FIN,12,10,1106,840,13.089046,254,252,5056.111328,3769.645264,3,2,145.854085,168.818219,8101.501138,253.339234,255,99122420,1592308622,255,0.180072,0.084351,0.095721,92,84,0,0,4,1,1,1,1,3,0,0,0,1,3,0,Normal,0,3,Exploits
3310,3e-06,udp,-,INT,2,0,168,0,333333.3215,254,0,224000000.0,0.0,0,0,0.003,0.0,0.0,0.0,0,0,0,0,0.0,0.0,0.0,84,0,0,0,1,2,1,1,1,1,0,0,0,1,1,0,Reconnaissance,1,3,Exploits
46562,1.69674,tcp,-,FIN,12,10,980,818,12.376675,254,252,4238.716309,3474.898926,3,2,150.568267,177.921781,11592.28831,257.298766,255,2898317248,2883651701,255,0.189731,0.095434,0.094297,82,82,0,0,2,1,1,1,1,1,0,0,0,2,2,0,Fuzzers,1,3,Exploits
55366,3e-06,fire,-,INT,2,0,200,0,142857.1409,254,0,114285712.0,0.0,0,0,0.007,0.0,0.0,0.0,0,0,0,0,0.0,0.0,0.0,100,0,0,0,13,2,7,6,6,7,0,0,0,10,11,0,Backdoor,1,3,Exploits
32305,0.012862,tcp,-,FIN,44,46,2766,24004,6919.608319,31,29,1681853.625,14606127.0,7,16,0.291698,0.274356,0.0,15.394487,255,2335095734,191833147,255,0.000654,0.000512,0.000142,63,522,0,0,7,0,3,1,1,1,0,0,0,2,4,0,Normal,0,3,Exploits
60886,4e-06,udp,dns,INT,2,0,114,0,250000.0006,254,0,114000000.0,0.0,0,0,0.004,0.0,0.0,0.0,0,0,0,0,0.0,0.0,0.0,57,0,0,0,3,2,3,3,3,3,0,0,0,4,3,0,Generic,1,3,Exploits
10525,0.250297,tcp,http,FIN,10,8,836,1396,67.919309,62,252,24067.40625,39057.59766,2,2,27.810778,34.355145,1325.081533,50.001145,255,3436629033,387814644,255,0.052681,0.009343,0.043338,84,175,1,8192,2,1,2,2,2,2,0,0,4,2,2,0,Exploits,1,3,Exploits
56315,8e-06,udp,dns,INT,2,0,114,0,125000.0003,254,0,57000000.0,0.0,0,0,0.008,0.0,0.0,0.0,0,0,0,0,0.0,0.0,0.0,57,0,0,0,9,2,4,4,4,4,0,0,0,9,9,0,Generic,1,3,Exploits
78827,1.153194,tcp,-,FIN,10,8,838,354,14.741666,254,252,5237.627441,2150.548828,2,1,128.038778,151.97,7034.755724,243.902359,255,3976483091,3986691008,255,0.166582,0.0894,0.077182,84,44,0,0,3,1,3,1,1,3,0,0,0,1,7,0,Normal,0,3,Exploits
25130,1.019916,tcp,-,FIN,12,12,1114,4064,22.550875,31,29,8016.346191,29225.93555,2,3,92.686999,92.672453,9526.245612,287.197906,255,3654101590,1509686430,255,0.000713,0.000511,0.000202,93,339,0,0,8,0,2,1,1,1,0,0,0,5,3,0,Normal,0,3,Exploits
25996,0.013473,tcp,-,FIN,16,18,1540,1644,2449.343062,31,29,857418.5,922140.5625,4,4,0.877133,0.765647,60.881604,1.408007,255,2550249683,411075118,255,0.000584,0.000453,0.000131,96,91,0,0,7,0,8,6,1,7,0,0,0,11,15,0,Normal,0,3,Exploits
42054,0.942362,tcp,ftp,FIN,14,12,798,682,26.529083,254,252,6290.576172,5314.306152,4,4,70.356692,81.752,3754.604272,96.624344,255,477062201,350727107,255,0.115033,0.043081,0.071952,57,57,0,0,2,1,1,1,1,2,1,1,0,1,2,0,Normal,0,3,Exploits
30077,0.001834,udp,-,CON,4,4,512,304,3816.793903,31,29,1675027.25,994547.4375,0,0,0.47,0.241333,0.657609,0.332106,0,0,0,0,0.0,0.0,0.0,128,76,0,0,9,0,3,1,1,3,0,0,0,3,12,0,Normal,0,3,Exploits
42092,1.429535,tcp,-,FIN,14,12,774,642,17.488204,254,252,4023.686035,3296.176758,4,3,109.863772,123.49418,5811.569343,172.790375,255,2166561000,2528085317,255,0.191876,0.071096,0.12078,55,54,0,0,6,1,1,2,1,2,0,0,0,3,2,0,Normal,0,3,Exploits
37679,0.404527,tcp,-,FIN,204,396,11826,495632,1480.741675,31,29,232745.8906,9776969.0,19,178,1.990892,1.022894,130.287673,69.534381,255,4162284006,2020622731,255,0.001171,0.000479,0.000692,58,1252,0,0,9,0,10,7,1,9,0,0,0,9,9,0,Normal,0,3,Exploits
46618,1.349564,tcp,pop3,FIN,22,30,1060,18614,37.789984,62,252,5998.974609,106665.5625,7,13,64.264951,43.312999,3171.724418,2604.89342,255,3482264013,1509502147,255,0.157088,0.092782,0.064306,48,620,0,0,1,1,1,1,1,1,0,0,0,1,1,0,Exploits,1,3,Exploits
26665,1.844661,tcp,ftp,FIN,52,54,2934,3742,56.921028,31,29,12481.42578,15929.21387,11,15,36.163294,34.79598,2413.430536,72.719273,255,1178294309,3328881913,255,0.000604,0.000471,0.000133,56,69,0,0,1,0,11,1,1,1,1,1,0,1,2,0,Normal,0,3,Exploits
62314,1e-05,udp,dns,INT,2,0,114,0,100000.0025,254,0,45600000.0,0.0,0,0,0.01,0.0,0.0,0.0,0,0,0,0,0.0,0.0,0.0,57,0,0,0,14,2,4,4,4,4,0,0,0,4,14,0,Generic,1,3,Exploits
64193,2.32289,tcp,-,FIN,62,366,3010,474345,183.822735,62,252,10201.08594,1629174.0,2,181,38.080162,6.312636,1839.557044,764.817217,255,2592475138,4086453916,255,0.067992,0.018048,0.049944,49,1296,0,0,2,1,1,1,1,1,0,0,0,1,1,0,Exploits,1,3,Exploits
59388,1e-06,udp,dns,INT,2,0,114,0,1000000.003,254,0,456000000.0,0.0,0,0,0.001,0.0,0.0,0.0,0,0,0,0,0.0,0.0,0.0,57,0,0,0,8,2,4,4,2,4,0,0,0,4,8,0,Generic,1,3,Exploits
28219,0.107461,tcp,-,FIN,88,164,5488,192828,2335.731146,31,29,403941.9063,14267725.0,10,71,1.221299,0.655841,65.765171,40.599827,255,1700614818,3853859727,255,0.000688,0.000555,0.000133,62,1176,0,0,8,0,5,3,1,3,0,0,0,5,10,0,Normal,0,3,Exploits
23870,0.041099,tcp,-,FIN,46,48,2854,31458,2262.82874,31,29,543468.1875,5995863.5,7,17,0.904422,0.881261,67.758947,62.959743,255,329036182,329352056,255,0.000676,0.00055,0.000126,62,655,0,0,9,0,6,1,1,1,0,0,0,5,21,0,Normal,0,3,Exploits
80703,0.535856,tcp,-,FIN,10,6,2516,268,27.992595,254,252,33815.05469,3344.181885,2,1,56.121333,89.117398,3129.135152,131.205109,255,352403371,724818158,255,0.127331,0.090265,0.037066,252,45,0,0,5,1,1,1,1,3,0,0,0,2,3,0,Normal,0,3,Exploits
61738,3.235689,tcp,-,FIN,162,40,193939,2690,62.119692,62,252,476540.25,6485.172363,78,8,20.096578,81.187641,2129.700763,107.302742,255,2268819261,1458165923,255,0.139056,0.069363,0.069693,1197,67,0,0,2,1,1,1,1,1,0,0,0,1,1,0,Exploits,1,3,Exploits
11620,0.445037,tcp,http,FIN,10,8,884,354,38.19907,254,252,14308.92285,5572.570312,2,1,47.822222,56.7,3296.647492,112.688992,255,208719957,873334428,255,0.096884,0.048129,0.048755,88,44,1,0,1,1,1,1,1,1,0,0,1,1,1,0,Reconnaissance,1,9,Worms
11752,0.702405,tcp,http,FIN,22,66,1610,80833,123.86017,254,252,17505.57031,906702.0,3,31,33.401,10.558462,1936.473236,1415.331297,255,3927816348,1965622926,255,0.02987,0.016099,0.013771,73,1225,1,36772,1,1,1,1,1,1,0,0,1,1,1,0,Exploits,1,3,Exploits
46748,9e-06,udp,-,INT,2,0,168,0,111111.1072,254,0,74666664.0,0.0,0,0,0.009,0.0,0.0,0.0,0,0,0,0,0.0,0.0,0.0,84,0,0,0,4,2,3,1,1,1,0,0,0,2,8,0,Reconnaissance,1,3,Exploits
60060,9e-06,udp,dns,INT,2,0,114,0,111111.1072,254,0,50666664.0,0.0,0,0,0.009,0.0,0.0,0.0,0,0,0,0,0.0,0.0,0.0,57,0,0,0,13,2,6,6,2,6,0,0,0,6,13,0,Generic,1,3,Exploits
71055,0.779198,tcp,-,FIN,10,8,534,354,21.817305,254,252,4938.411133,3182.759766,2,1,82.198556,97.32143,4559.16027,186.482719,255,2334141734,2712949858,255,0.16539,0.097943,0.067447,53,44,0,0,3,1,1,1,1,3,0,0,0,12,3,0,Normal,0,3,Exploits
7181,8e-06,sccopmce,-,INT,2,0,200,0,125000.0003,254,0,100000000.0,0.0,0,0,0.008,0.0,0.0,0.0,0,0,0,0,0.0,0.0,0.0,100,0,0,0,4,2,1,1,1,4,0,0,0,3,4,0,Exploits,1,3,Exploits
40685,1.917696,tcp,-,CON,6,2,998,86,3.650214,62,252,3470.831787,179.381927,2,1,383.5392,0.003,25100.39731,0.0,255,627579126,4251761014,255,1.768818,1.287517,0.481301,166,43,0,0,2,3,1,1,1,2,0,0,0,1,2,0,Normal,0,3,Exploits
1326,1.621626,tcp,-,FIN,12,10,994,854,12.949965,254,252,4499.187988,3793.723145,3,2,143.885188,162.949781,8809.014459,229.94525,255,1685911942,3370789326,255,0.247132,0.155075,0.092057,83,85,0,0,2,1,1,1,1,2,0,0,0,1,1,0,Fuzzers,1,3,Exploits
55575,1.1e-05,udp,-,INT,2,0,324,0,90909.0902,254,0,117818184.0,0.0,0,0,0.011,0.0,0.0,0.0,0,0,0,0,0.0,0.0,0.0,162,0,0,0,2,2,2,2,1,2,0,0,0,2,2,0,Fuzzers,1,3,Exploits
32901,0.023292,tcp,ssh,FIN,70,62,12472,12820,5624.248796,31,29,4222566.0,4332475.0,17,17,0.337565,0.370475,26.764877,27.565724,255,955970190,3101637525,255,0.000678,0.000539,0.000139,178,207,0,0,1,0,3,1,1,2,0,0,0,3,1,0,Normal,0,3,Exploits
48573,0.690228,tcp,-,FIN,14,10,774,556,33.322323,254,252,8333.478516,5806.776855,4,3,52.381306,70.161781,2739.804609,88.358414,255,2306645401,1324361995,255,0.091031,0.058765,0.032266,55,56,0,0,1,1,1,1,1,1,0,0,0,1,1,0,Fuzzers,1,3,Exploits
47389,1.150345,tcp,http,FIN,10,8,878,354,14.778176,254,252,5500.958496,2155.875,2,1,118.582556,153.964141,6935.091878,266.86325,255,3480153291,2082974617,255,0.120989,0.072594,0.048395,88,44,0,0,1,1,1,2,1,1,0,0,0,2,1,0,Exploits,1,9,Worms
44361,0.19871,tcp,http,FIN,10,10,886,5004,95.616731,62,252,32127.2207,181329.5781,2,3,22.078889,20.381667,1156.28034,1402.140936,255,205888735,1256278335,255,0.024805,0.014586,0.010219,89,500,1,2048,1,1,1,1,1,1,0,0,1,1,1,0,Exploits,1,3,Exploits
48134,0.191085,tcp,http,FIN,10,6,1088,268,78.499099,254,252,41028.86328,9378.025391,2,1,19.013222,37.028199,1018.236712,61.372477,255,3796710013,3962300798,255,0.051067,0.005938,0.045129,109,45,1,0,1,1,1,1,1,1,0,0,1,1,1,0,Exploits,1,9,Worms
74311,1.19913,tcp,http,FIN,10,10,798,1154,15.84482,62,252,4796.810547,6931.691895,2,2,133.200778,122.127891,7704.92989,194.378266,255,2462542080,2823801051,255,0.23428,0.099974,0.134306,80,115,1,132,1,1,1,1,1,1,0,0,1,1,1,0,Normal,0,3,Exploits
12605,4e-06,udp,dns,INT,2,0,114,0,250000.0006,254,0,114000000.0,0.0,0,0,0.004,0.0,0.0,0.0,0,0,0,0,0.0,0.0,0.0,57,0,0,0,39,2,38,38,15,39,0,0,0,38,39,0,Generic,1,3,Exploits
66497,9.252763,tcp,-,REQ,10,0,450,0,0.972682,254,0,350.16568,0.0,9,0,1028.08475,0.0,1947.11575,0.0,255,0,0,0,0.0,0.0,0.0,45,0,0,0,17,6,12,1,1,16,0,0,0,13,16,0,Normal,0,3,Exploits
37579,0.86396,tcp,-,FIN,122,126,7816,16782,285.892856,31,29,71781.10156,154164.5469,30,32,7.137231,6.907208,470.805378,467.125177,255,2131726050,2132706558,255,0.000699,0.000555,0.000144,64,133,0,0,1,0,2,1,1,1,0,0,0,1,14,0,Normal,0,3,Exploits
27120,0.01836,tcp,-,FIN,16,18,1540,1644,1797.385611,31,29,629193.875,676688.4375,4,4,1.2004,1.052941,72.632054,2.233179,255,3470512488,3479289307,255,0.000581,0.000457,0.000124,96,91,0,0,19,0,9,6,1,8,0,0,0,14,10,0,Normal,0,3,Exploits
8366,0.258488,tcp,http,FIN,18,6,12554,268,88.978986,254,252,366964.8125,6932.623535,6,1,13.012471,38.973,986.399403,50.89725,255,3630165440,1635590262,255,0.110317,0.063615,0.046702,697,45,1,0,1,1,1,1,1,1,0,0,1,1,1,0,Exploits,1,3,Exploits
71513,1.100013,tcp,-,FIN,16,12,3446,642,24.545164,254,252,23497.9043,4283.585449,5,3,73.334198,95.17782,4162.000535,134.195203,255,2252018571,3372246074,255,0.093205,0.05238,0.040825,215,54,0,0,4,1,2,2,1,3,0,0,0,3,3,0,Normal,0,3,Exploits
40011,0.001796,udp,-,CON,4,4,528,304,3897.549992,31,29,1763919.75,1015590.188,0,0,0.458333,0.232333,0.638282,0.320796,0,0,0,0,0.0,0.0,0.0,132,76,0,0,3,0,1,1,1,1,0,0,0,3,6,0,Normal,0,3,Exploits
13207,9e-06,udp,dns,INT,2,0,114,0,111111.1072,254,0,50666664.0,0.0,0,0,0.009,0.0,0.0,0.0,0,0,0,0,0.0,0.0,0.0,57,0,0,0,9,2,9,9,9,9,0,0,0,9,9,0,Generic,1,3,Exploits
37367,0.00098,udp,dns,CON,2,2,146,178,3061.224453,31,29,595918.375,726530.625,0,0,0.01,0.003,0.0,0.0,0,0,0,0,0.0,0.0,0.0,73,89,0,0,5,0,2,2,1,2,0,0,0,4,4,0,Normal,0,3,Exploits
32052,0.001025,udp,dns,CON,2,2,130,162,2926.829254,31,29,507317.0625,632195.125,0,0,0.01,0.008,0.0,0.0,0,0,0,0,0.0,0.0,0.0,65,81,0,0,4,0,5,2,1,1,0,0,0,6,2,0,Normal,0,3,Exploits
59640,0.992451,tcp,http,FIN,10,8,980,354,17.129309,254,252,7109.670898,2498.864014,2,1,108.072222,127.206859,6289.847416,202.856437,255,1529886410,3240699276,255,0.210921,0.101995,0.108926,98,44,0,0,2,1,1,1,1,1,0,0,0,1,2,0,Exploits,1,9,Worms
20154,8e-06,udp,dns,INT,2,0,114,0,125000.0003,254,0,57000000.0,0.0,0,0,0.008,0.0,0.0,0.0,0,0,0,0,0.0,0.0,0.0,57,0,0,0,43,2,43,43,25,43,0,0,0,43,43,0,Generic,1,3,Exploits
25686,0.083775,tcp,-,FIN,54,56,3302,40550,1301.104167,31,29,309495.6875,3803139.5,7,21,1.574245,1.512673,0.0,83.90488,255,1498781628,3735197527,255,0.000708,0.000574,0.000134,61,724,0,0,7,0,3,1,1,1,0,0,0,4,6,0,Normal,0,3,Exploits
76593,0.921049,tcp,-,FIN,10,10,608,646,20.628653,254,252,4759.790039,5055.105469,2,3,102.338778,91.319219,5631.839846,134.979109,255,30518394,1625909226,255,0.126965,0.077042,0.049923,61,65,0,0,1,1,1,1,1,1,0,0,0,1,1,0,Normal,0,3,Exploits
64273,1.1e-05,udp,dns,INT,2,0,114,0,90909.0902,254,0,41454544.0,0.0,0,0,0.011,0.0,0.0,0.0,0,0,0,0,0.0,0.0,0.0,57,0,0,0,14,2,7,7,3,7,0,0,0,7,14,0,Generic,1,3,Exploits
59046,1.1e-05,unas,-,INT,2,0,200,0,90909.0902,254,0,72727272.0,0.0,0,0,0.011,0.0,0.0,0.0,0,0,0,0,0.0,0.0,0.0,100,0,0,0,12,2,4,4,4,4,0,0,0,11,12,0,DoS,1,3,Exploits
59960,7e-06,udp,dns,INT,2,0,114,0,142857.1409,254,0,65142856.0,0.0,0,0,0.007,0.0,0.0,0.0,0,0,0,0,0.0,0.0,0.0,57,0,0,0,17,2,4,3,3,4,0,0,0,4,17,0,Generic,1,3,Exploits
17013,2e-06,udp,dns,INT,2,0,114,0,500000.0013,254,0,228000000.0,0.0,0,0,0.002,0.0,0.0,0.0,0,0,0,0,0.0,0.0,0.0,57,0,0,0,35,2,15,15,11,35,0,0,0,15,35,0,Generic,1,3,Exploits
7030,9e-06,skip,-,INT,2,0,200,0,111111.1072,254,0,88888888.0,0.0,0,0,0.009,0.0,0.0,0.0,0,0,0,0,0.0,0.0,0.0,100,0,0,0,6,2,2,2,2,6,0,0,0,2,6,0,DoS,1,3,Exploits
3133,8e-06,unas,-,INT,2,0,200,0,125000.0003,254,0,100000000.0,0.0,0,0,0.008,0.0,0.0,0.0,0,0,0,0,0.0,0.0,0.0,100,0,0,0,8,2,6,6,6,8,0,0,0,23,8,0,Reconnaissance,1,3,Exploits
45473,1.399996,tcp,-,FIN,12,8,994,766,13.571467,254,252,5211.443359,3834.296631,3,2,123.096824,182.694859,6774.418762,252.145641,255,3308275166,1720699344,255,0.223262,0.121121,0.102141,83,96,0,0,2,1,1,1,1,1,0,0,0,2,2,0,Fuzzers,1,3,Exploits
66087,9e-06,tcp,-,REQ,2,0,90,0,111111.1072,254,0,40000000.0,0.0,1,0,0.009,0.0,0.0,0.0,255,0,0,0,0.0,0.0,0.0,45,0,0,0,13,6,4,1,1,11,0,0,0,4,11,0,Normal,0,3,Exploits
39929,0.066228,tcp,-,FIN,84,86,4862,79882,2551.790694,31,29,580419.125,9537235.0,7,36,0.794157,0.773706,0.0,46.176458,255,835353872,2990975645,255,0.000658,0.00046,0.000198,58,929,0,0,5,0,3,1,1,1,0,0,0,4,1,0,Normal,0,3,Exploits
35649,0.004724,udp,-,CON,4,4,568,312,1481.795053,31,29,721422.5,396274.3438,0,0,1.212,1.074667,1.703422,1.510617,0,0,0,0,0.0,0.0,0.0,142,78,0,0,14,0,5,1,1,3,0,0,0,4,6,0,Normal,0,3,Exploits
51178,0.452457,tcp,http,FIN,10,6,766,268,33.152321,62,252,12200.05371,3960.597168,2,1,50.273,71.957398,2683.172762,136.735422,255,3247909661,3506349653,255,0.096559,0.065817,0.030742,77,45,1,0,1,1,1,1,1,1,0,0,1,1,1,0,Exploits,1,3,Exploits
59746,5e-06,udp,dns,INT,2,0,114,0,200000.0051,254,0,91200000.0,0.0,0,0,0.005,0.0,0.0,0.0,0,0,0,0,0.0,0.0,0.0,57,0,0,0,12,2,5,5,3,5,0,0,0,5,12,0,Generic,1,3,Exploits
19429,8e-06,udp,dns,INT,2,0,114,0,125000.0003,254,0,57000000.0,0.0,0,0,0.008,0.0,0.0,0.0,0,0,0,0,0.0,0.0,0.0,57,0,0,0,36,2,32,32,20,36,0,0,0,33,36,0,Generic,1,3,Exploits
34677,0.002862,tcp,ftp-data,FIN,6,8,320,1860,4542.278275,31,29,746331.25,4550664.0,1,2,0.5058,0.334143,27.787543,0.531059,255,1808884137,1812711726,255,0.000667,0.00052,0.000147,53,233,0,0,3,0,5,1,1,4,0,0,0,5,3,0,Normal,0,3,Exploits
71295,0.0,arp,-,INT,1,0,46,0,0.0,0,0,0.0,0.0,0,0,60000.776,0.0,0.0,0.0,0,0,0,0,0.0,0.0,0.0,46,0,0,0,1,2,1,1,1,1,0,0,0,1,1,1,Normal,0,3,Exploits
62007,4e-06,udp,-,INT,2,0,104,0,250000.0006,254,0,104000000.0,0.0,0,0,0.004,0.0,0.0,0.0,0,0,0,0,0.0,0.0,0.0,52,0,0,0,5,2,1,1,1,1,0,0,0,1,5,0,Fuzzers,1,3,Exploits
43090,1.1e-05,udp,-,INT,2,0,1066,0,90909.0902,254,0,387636352.0,0.0,0,0,0.011,0.0,0.0,0.0,0,0,0,0,0.0,0.0,0.0,533,0,0,0,31,2,10,10,1,31,0,0,0,10,31,0,Normal,0,3,Exploits
20726,5e-06,udp,dns,INT,2,0,114,0,200000.0051,254,0,91200000.0,0.0,0,0,0.005,0.0,0.0,0.0,0,0,0,0,0.0,0.0,0.0,57,0,0,0,33,2,8,8,3,33,0,0,0,8,33,0,Generic,1,3,Exploits
7159,5e-06,wb-expak,-,INT,2,0,200,0,200000.0051,254,0,160000000.0,0.0,0,0,0.005,0.0,0.0,0.0,0,0,0,0,0.0,0.0,0.0,100,0,0,0,3,2,2,2,2,4,0,0,0,19,3,0,DoS,1,3,Exploits
26772,0.019558,tcp,-,FIN,16,18,1540,1644,1687.289137,31,29,590653.4375,635238.8125,4,4,1.282267,1.122765,77.962827,2.288496,255,1852609227,4002225512,255,0.000591,0.000467,0.000124,96,91,0,0,12,0,8,6,1,6,0,0,0,8,8,0,Normal,0,3,Exploits
21108,5e-06,udp,dns,INT,2,0,114,0,200000.0051,254,0,91200000.0,0.0,0,0,0.005,0.0,0.0,0.0,0,0,0,0,0.0,0.0,0.0,57,0,0,0,28,2,25,25,25,28,0,0,0,25,28,0,Generic,1,3,Exploits
77932,4e-06,udp,-,INT,2,0,78,0,250000.0006,254,0,78000000.0,0.0,0,0,0.004,0.0,0.0,0.0,0,0,0,0,0.0,0.0,0.0,39,0,0,0,8,2,3,3,1,6,0,0,0,3,6,0,Normal,0,3,Exploits
24732,0.006254,tcp,-,FIN,18,18,3752,2456,5596.418182,31,29,4533418.5,2967700.5,7,7,0.348294,0.336765,16.690671,0.409255,255,2334932005,188549531,255,0.000662,0.000524,0.000138,208,136,0,0,7,0,4,1,1,3,0,0,0,3,5,0,Normal,0,3,Exploits
42915,0.0,arp,-,INT,1,0,46,0,0.0,0,0,0.0,0.0,0,0,60000.704,0.0,10.954516,0.0,0,0,0,0,0.0,0.0,0.0,46,0,0,0,1,2,1,1,1,1,0,0,0,1,1,1,Normal,0,3,Exploits
59663,1.1e-05,udp,dns,INT,2,0,114,0,90909.0902,254,0,41454544.0,0.0,0,0,0.011,0.0,0.0,0.0,0,0,0,0,0.0,0.0,0.0,57,0,0,0,12,2,3,3,3,3,0,0,0,3,12,0,Generic,1,3,Exploits
41581,1.491762,tcp,-,CON,6,2,998,86,4.692437,62,252,4461.837402,230.599777,2,1,298.3524,0.008,17203.99552,0.0,255,1500615270,618153184,255,1.174634,0.854058,0.320576,166,43,0,0,3,3,2,2,1,3,0,0,0,2,3,0,Normal,0,3,Exploits
43106,1.1e-05,udp,-,INT,2,0,1066,0,90909.0902,254,0,387636352.0,0.0,0,0,0.011,0.0,0.0,0.0,0,0,0,0,0.0,0.0,0.0,533,0,0,0,31,2,13,13,1,31,0,0,0,13,31,0,Normal,0,3,Exploits
18439,2e-06,udp,dns,INT,2,0,114,0,500000.0013,254,0,228000000.0,0.0,0,0,0.002,0.0,0.0,0.0,0,0,0,0,0.0,0.0,0.0,57,0,0,0,36,2,36,36,21,36,0,0,0,37,36,0,Generic,1,3,Exploits
16262,3e-06,udp,dns,INT,2,0,114,0,333333.3215,254,0,152000000.0,0.0,0,0,0.003,0.0,0.0,0.0,0,0,0,0,0.0,0.0,0.0,57,0,0,0,16,2,16,16,7,16,0,0,0,16,16,0,Generic,1,3,Exploits
66279,10.26517,tcp,-,REQ,12,0,540,0,1.071585,254,0,385.770508,0.0,11,0,933.19725,0.0,1672.3175,0.0,255,0,0,0,0.0,0.0,0.0,45,0,0,0,29,6,22,2,2,28,0,0,0,23,28,0,Normal,0,3,Exploits
2816,5e-06,sprite-rpc,-,INT,2,0,200,0,200000.0051,254,0,160000000.0,0.0,0,0,0.005,0.0,0.0,0.0,0,0,0,0,0.0,0.0,0.0,100,0,0,0,5,2,2,2,2,5,0,0,0,3,5,0,Exploits,1,3,Exploits
36542,1.139864,tcp,http,FIN,14,18,1684,10168,27.196228,31,29,10976.74805,67404.53125,3,5,87.653536,67.020588,8840.461321,7739.635911,255,3937585090,1788945679,255,0.000648,0.00051,0.000138,120,565,1,3924,2,0,2,1,1,1,0,0,1,2,2,0,Normal,0,3,Exploits
53550,7e-06,unas,-,INT,2,0,200,0,142857.1409,254,0,114285712.0,0.0,0,0,0.007,0.0,0.0,0.0,0,0,0,0,0.0,0.0,0.0,100,0,0,0,11,2,5,4,4,5,0,0,0,5,11,0,Fuzzers,1,3,Exploits
64322,2.809521,tcp,-,FIN,32,20,17749,1712,18.152561,62,252,48962.08203,4632.818359,13,8,90.629708,138.814891,5479.098779,173.311937,255,2740514018,2777333648,255,0.286516,0.171394,0.115122,555,86,0,0,1,1,1,1,1,1,0,0,0,1,1,0,DoS,1,3,Exploits
25797,0.21003,tcp,-,FIN,16,18,1540,1644,157.120408,31,29,55001.66406,59153.45313,4,4,13.980067,12.323706,876.222444,24.215744,255,3244644267,1128994737,255,0.00064,0.000516,0.000124,96,91,0,0,14,0,10,9,1,6,0,0,0,15,12,0,Normal,0,3,Exploits
11568,3.239451,tcp,http,FIN,34,128,3322,168722,49.69978,62,252,7964.3125,413413.2813,6,62,101.222591,25.058385,5183.432585,2854.780708,255,2528374227,3624441847,255,0.098541,0.057028,0.041513,98,1318,1,109,4,1,2,2,2,4,0,0,4,3,5,0,Exploits,1,3,Exploits
80997,1e-05,tcp,-,REQ,2,0,90,0,100000.0025,254,0,36000000.0,0.0,1,0,0.01,0.0,0.0,0.0,255,0,0,0,0.0,0.0,0.0,45,0,0,0,9,6,4,1,1,8,0,0,0,5,8,0,Normal,0,3,Exploits
71410,0.588151,tcp,-,FIN,10,6,534,268,25.503656,254,252,6542.537598,3046.83667,2,1,62.820444,107.050797,3448.988149,172.728859,255,1613668881,1036146498,255,0.110998,0.052888,0.05811,53,45,0,0,2,1,1,1,1,2,0,0,0,2,3,0,Normal,0,3,Exploits
1816,1.244202,ospf,-,INT,28,0,3024,0,21.700656,254,0,18749.36719,0.0,0,0,46.081555,0.0,57.727293,0.0,0,0,0,0,0.0,0.0,0.0,108,0,0,0,1,2,1,1,1,1,0,0,0,1,1,0,DoS,1,3,Exploits
47381,1.1e-05,udp,-,INT,2,0,168,0,90909.0902,254,0,61090908.0,0.0,0,0,0.011,0.0,0.0,0.0,0,0,0,0,0.0,0.0,0.0,84,0,0,0,7,2,1,1,1,1,0,0,0,2,1,0,Reconnaissance,1,3,Exploits
11483,1.089362,pim,-,INT,8,0,480,0,6.425779,254,0,3084.374023,0.0,0,0,155.623141,0.0,372.314781,0.0,0,0,0,0,0.0,0.0,0.0,60,0,0,0,1,2,1,1,1,1,0,0,0,1,1,0,DoS,1,3,Exploits
63442,1.731572,tcp,-,FIN,112,20,136021,870,75.653798,254,252,622819.0,3820.80542,53,1,15.402378,87.547844,1882.657864,142.526781,255,3853324727,1209205541,255,0.141434,0.068156,0.073278,1214,44,0,0,4,1,1,2,1,1,0,0,0,2,1,0,Exploits,1,3,Exploits
75244,1.926407,tcp,http,FIN,10,8,826,1076,8.824719,62,252,3089.689697,3911.946045,2,2,214.045222,261.803719,13413.19357,500.071094,255,3496981889,449736846,255,0.170236,0.093398,0.076838,83,135,1,136,3,1,3,2,2,4,0,0,4,4,3,0,Normal,0,3,Exploits
64575,0.168357,tcp,-,FIN,10,6,864,268,89.096385,254,252,36969.05859,10644.04785,2,1,16.248111,29.7774,979.646431,45.617082,255,3928945187,3890763594,255,0.034247,0.019459,0.014788,86,45,0,0,2,1,1,1,1,1,0,0,0,2,1,0,Exploits,1,3,Exploits
72750,4e-06,udp,-,INT,2,0,104,0,250000.0006,254,0,104000000.0,0.0,0,0,0.004,0.0,0.0,0.0,0,0,0,0,0.0,0.0,0.0,52,0,0,0,10,2,3,3,3,5,0,0,0,4,5,0,Normal,0,3,Exploits
65537,0.870101,tcp,-,FIN,14,12,774,642,28.732297,254,252,6610.727051,5415.463379,4,3,66.930849,70.018273,4115.225679,112.899805,255,676366878,1923162137,255,0.138514,0.073131,0.065383,55,54,0,0,5,1,1,1,1,1,0,0,0,1,6,0,Fuzzers,1,3,Exploits
69988,1.53796,tcp,-,FIN,60,16,68201,698,48.765896,254,252,348851.7188,3407.110596,27,1,26.067119,97.882797,2912.265969,140.757422,255,3594188289,1216543176,255,0.051789,0.030242,0.021547,1137,44,1,0,4,1,1,1,1,1,0,0,1,3,1,0,Normal,0,3,Exploits
68092,0.0,arp,-,INT,1,0,46,0,0.0,0,0,0.0,0.0,0,0,60000.724,0.0,10.954518,0.0,0,0,0,0,0.0,0.0,0.0,46,0,0,0,1,2,1,1,1,1,0,0,0,1,1,1,Normal,0,3,Exploits
82099,1.197226,tcp,-,FIN,34,10,34230,440,35.916359,254,252,222006.5313,2646.116943,14,1,36.253668,111.591781,3105.965133,151.854375,255,3190544405,2497923829,255,0.295458,0.192899,0.102559,1007,44,0,0,1,1,1,1,1,1,0,0,0,17,1,0,Normal,0,3,Exploits
24873,11.660957,tcp,http,FIN,336,746,17954,1087890,92.702509,31,29,12280.98145,745346.6875,2,370,34.807828,15.651594,2464.719658,1629.039963,255,17081021,61247721,255,0.000765,0.000515,0.00025,53,1458,0,0,2,0,2,1,1,1,0,0,0,1,3,0,Normal,0,3,Exploits
26567,0.004507,tcp,-,FIN,22,14,1470,1728,7765.697644,31,29,2492123.25,2848901.75,5,4,0.214619,0.288308,0.0,0.381664,255,1539694329,1539977321,255,0.000727,0.000594,0.000133,67,123,0,0,9,0,1,1,1,1,0,0,0,1,3,0,Normal,0,3,Exploits
79098,3.612255,tcp,-,FIN,36,14,34706,982,13.564933,254,252,74727.83594,2019.790894,15,2,103.188739,272.640375,12212.08988,650.8505,255,2780478647,1437209086,255,0.132061,0.067925,0.064136,964,70,0,0,4,1,2,2,1,4,0,0,0,2,4,0,Normal,0,3,Exploits
17903,3e-06,udp,dns,INT,2,0,114,0,333333.3215,254,0,152000000.0,0.0,0,0,0.003,0.0,0.0,0.0,0,0,0,0,0.0,0.0,0.0,57,0,0,0,40,2,39,39,23,40,0,0,0,39,40,0,Generic,1,3,Exploits
64719,5e-06,udp,dns,INT,2,0,114,0,200000.0051,254,0,91200000.0,0.0,0,0,0.005,0.0,0.0,0.0,0,0,0,0,0.0,0.0,0.0,57,0,0,0,13,2,6,6,4,6,0,0,0,6,13,0,Generic,1,3,Exploits
69703,0.686085,tcp,-,FIN,12,8,996,746,27.693362,254,252,10645.91113,7614.217285,3,2,59.99882,89.016711,3019.439495,113.451461,255,3639988028,2375000877,255,0.095489,0.062967,0.032522,83,93,0,0,3,1,2,2,1,3,0,0,0,2,3,0,Normal,0,3,Exploits
27718,0.012705,tcp,-,FIN,44,46,2766,24004,7005.116031,31,29,1702636.75,14786619.0,7,16,0.28786,0.270333,0.0,16.351692,255,2043325503,4195680223,255,0.000683,0.000536,0.000147,63,522,0,0,4,0,5,1,1,1,0,0,0,6,9,0,Normal,0,3,Exploits
68318,4e-06,udp,-,INT,2,0,1064,0,250000.0006,254,0,1064000000.0,0.0,0,0,0.004,0.0,0.0,0.0,0,0,0,0,0.0,0.0,0.0,532,0,0,0,2,2,1,1,1,2,0,0,0,1,2,0,Normal,0,9,Worms
16822,6e-06,udp,dns,INT,2,0,114,0,166666.6608,254,0,76000000.0,0.0,0,0,0.006,0.0,0.0,0.0,0,0,0,0,0.0,0.0,0.0,57,0,0,0,51,2,40,40,22,51,0,0,0,40,51,0,Generic,1,3,Exploits
279,2.032866,tcp,ftp,FIN,22,22,1186,1602,21.152403,62,252,4458.729492,6021.056152,7,9,96.803144,94.474999,4838.362529,5599.901392,255,3182323027,3647175709,255,0.087444,0.047985,0.039459,54,73,0,0,1,1,3,1,1,2,1,1,0,2,1,0,Exploits,1,3,Exploits
80158,0.520046,tcp,http,FIN,10,8,828,1082,32.689416,62,252,11475.9082,14567.94238,2,2,57.782889,58.632715,2843.43751,87.265187,255,1009717161,3536161177,255,0.166642,0.109043,0.057599,83,135,1,134,4,1,2,1,1,6,0,0,1,2,4,0,Normal,0,3,Exploits
19995,8e-06,udp,dns,INT,2,0,114,0,125000.0003,254,0,57000000.0,0.0,0,0,0.008,0.0,0.0,0.0,0,0,0,0,0.0,0.0,0.0,57,0,0,0,39,2,17,17,17,39,0,0,0,17,39,0,Generic,1,3,Exploits
10780,0.493444,sctp,-,CON,4,2,632,496,10.132862,254,60,7684.762695,4020.719727,0,0,164.481328,0.01,232.599719,0.0,0,0,0,0,0.0,0.0,0.0,158,248,0,0,1,0,3,1,1,1,0,0,0,2,1,0,Exploits,1,3,Exploits
71378,0.587635,tcp,-,FIN,10,6,534,268,25.52605,254,252,6548.282715,3049.512207,2,1,60.861889,103.278203,3284.693046,169.743359,255,3371659248,2662151894,255,0.157762,0.071238,0.086524,53,45,0,0,2,1,1,1,1,2,0,0,0,1,2,0,Normal,0,3,Exploits
34003,0.002873,tcp,ftp-data,FIN,6,8,320,1828,4524.886893,31,29,743473.75,4455273.0,1,2,0.5054,0.338,27.934262,0.544162,255,1931857942,1936309187,255,0.000639,0.000497,0.000142,53,229,0,0,3,0,7,1,1,4,0,0,0,5,3,0,Normal,0,3,Exploits
72762,1.239635,tcp,-,FIN,10,6,580,268,12.100336,254,252,3368.733643,1445.586792,2,1,134.019111,235.296,8675.052875,421.985187,255,1989947635,1954379798,255,0.188609,0.063154,0.125455,58,45,0,0,3,1,1,1,1,2,0,0,0,1,2,0,Normal,0,3,Exploits
80003,1e-05,udp,-,INT,2,0,1064,0,100000.0025,254,0,425600000.0,0.0,0,0,0.01,0.0,0.0,0.0,0,0,0,0,0.0,0.0,0.0,532,0,0,0,4,2,3,2,1,4,0,0,0,2,4,0,Normal,0,3,Exploits
61054,6e-06,visa,-,INT,2,0,200,0,166666.6608,254,0,133333328.0,0.0,0,0,0.006,0.0,0.0,0.0,0,0,0,0,0.0,0.0,0.0,100,0,0,0,12,2,6,6,6,6,0,0,0,6,12,0,Exploits,1,3,Exploits
1033,8e-06,udp,-,INT,2,0,168,0,125000.0003,254,0,84000000.0,0.0,0,0,0.008,0.0,0.0,0.0,0,0,0,0,0.0,0.0,0.0,84,0,0,0,1,2,1,1,1,1,0,0,0,1,1,0,Reconnaissance,1,3,Exploits
6668,5.566142,tcp,http,FIN,64,376,3114,482584,78.869708,254,252,4406.642578,691755.25,2,185,88.351463,14.691118,4387.322053,1946.498734,255,2449907520,1243303547,255,0.153739,0.071058,0.082681,49,1283,1,233472,3,1,1,3,1,2,0,0,1,3,1,0,Worms,1,9,Worms
16395,9e-06,udp,dns,INT,2,0,114,0,111111.1072,254,0,50666664.0,0.0,0,0,0.009,0.0,0.0,0.0,0,0,0,0,0.0,0.0,0.0,57,0,0,0,33,2,8,8,5,33,0,0,0,8,33,0,Generic,1,3,Exploits
74627,0.652161,tcp,-,FIN,10,6,2516,268,23.000455,254,252,27784.55078,2747.787842,2,1,72.359444,113.541602,3500.404584,159.778484,255,251414596,3377662054,255,0.140807,0.084445,0.056362,252,45,0,0,3,1,1,1,1,3,0,0,0,1,3,0,Normal,0,3,Exploits
11100,11.758444,ospf,-,INT,20,0,900,0,1.61586,254,0,581.709656,0.0,0,0,618.8655,0.0,687.394563,0.0,0,0,0,0,0.0,0.0,0.0,45,0,0,0,1,2,1,1,1,1,0,0,0,1,1,0,Exploits,1,3,Exploits
33957,0.036839,tcp,-,FIN,84,86,4862,77276,4587.529411,31,29,1043459.375,16586335.0,7,36,0.439928,0.426776,0.0,22.810799,255,3585945613,1455298919,255,0.000701,0.00056,0.000141,58,899,0,0,11,0,5,1,1,2,0,0,0,10,11,0,Normal,0,3,Exploits
22597,8e-06,udp,dns,INT,2,0,114,0,125000.0003,254,0,57000000.0,0.0,0,0,0.008,0.0,0.0,0.0,0,0,0,0,0.0,0.0,0.0,57,0,0,0,28,2,25,25,25,28,0,0,0,26,28,0,Generic,1,3,Exploits
44647,0.268598,tcp,-,FIN,10,6,622,268,55.845541,254,252,16679.20117,6671.680664,2,1,23.582444,48.915602,1333.491859,68.470672,255,3592972344,1385428528,255,0.032841,0.024013,0.008828,62,45,0,0,1,1,1,1,1,1,0,0,0,1,2,0,Exploits,1,3,Exploits
36240,0.155964,tcp,-,FIN,84,86,4862,77276,1083.583377,31,29,246467.125,3917724.5,7,36,1.875012,1.829259,96.209333,95.246134,255,538947735,2758419790,255,0.000607,0.000474,0.000133,58,899,0,0,4,0,2,1,1,1,0,0,0,3,7,0,Normal,0,3,Exploits
33909,0.032411,tcp,-,FIN,46,48,2854,30622,2869.396049,31,29,689148.6875,7401190.5,7,17,0.711822,0.67917,0.0,45.55791,255,4125945815,4137549893,255,0.000631,0.000486,0.000145,62,638,0,0,2,0,1,1,1,1,0,0,0,2,2,0,Normal,0,3,Exploits
69579,0.939063,tcp,-,FIN,14,12,774,642,26.622282,254,252,6125.254395,5017.767578,4,3,72.235615,82.181367,4809.868444,119.895648,255,2393211884,1535082472,255,0.105356,0.034354,0.071002,55,54,0,0,2,1,2,1,1,2,0,0,0,1,3,0,Normal,0,3,Exploits
56253,7e-06,compaq-peer,-,INT,2,0,200,0,90909.0902,254,0,72727272.0,0.0,0,0,0.011,0.0,0.0,0.0,0,0,0,0,0.0,0.0,0.0,100,0,0,0,14,2,5,5,5,5,0,0,0,5,13,0,Analysis,1,3,Exploits
60756,1.1e-05,udp,dns,INT,2,0,114,0,90909.0902,254,0,41454544.0,0.0,0,0,0.011,0.0,0.0,0.0,0,0,0,0,0.0,0.0,0.0,57,0,0,0,15,2,4,4,4,4,0,0,0,5,15,0,Generic,1,3,Exploits
48677,0.194702,tcp,http,FIN,10,6,998,268,77.040811,254,252,36938.5,9203.808594,2,1,19.770889,37.416,1052.156004,62.143934,255,1365979784,3816939463,255,0.054461,0.007611,0.04685,100,45,1,0,1,1,1,1,1,1,0,0,1,1,1,0,Reconnaissance,1,9,Worms
19152,2e-06,udp,dns,INT,2,0,114,0,500000.0013,254,0,228000000.0,0.0,0,0,0.002,0.0,0.0,0.0,0,0,0,0,0.0,0.0,0.0,57,0,0,0,32,2,23,23,23,32,0,0,0,24,32,0,Generic,1,3,Exploits
67702,1.762906,tcp,-,FIN,12,10,1018,802,11.91215,254,252,4238.456543,3276.408447,3,2,160.177452,186.396328,10769.60449,262.162688,255,2936799115,3580835504,255,0.15222,0.08533,0.06689,85,80,0,0,3,1,2,1,1,2,0,0,0,3,3,0,Normal,0,3,Exploits
52815,1.414416,tcp,pop3,FIN,18,39,848,27262,39.592314,62,252,4530.491699,150241.5156,6,6,83.200941,34.585921,4338.904486,2354.625778,255,1446148119,3556565674,255,0.099054,0.099054,0.0,47,699,0,0,1,1,1,1,1,1,0,0,0,5,1,0,Exploits,1,3,Exploits
59219,4e-06,udp,dns,INT,2,0,114,0,250000.0006,254,0,114000000.0,0.0,0,0,0.004,0.0,0.0,0.0,0,0,0,0,0.0,0.0,0.0,57,0,0,0,8,2,4,4,4,4,0,0,0,5,8,0,Generic,1,3,Exploits
38880,30.979368,arp,-,CON,4,4,184,112,0.225957,0,0,35.63662,21.691856,0,0,15516.049,15516.05,15516.05,15516.062,0,0,0,0,0.0,0.0,0.0,46,28,0,0,2,0,2,2,2,2,0,0,0,2,2,0,Normal,0,3,Exploits
46865,2.091142,tcp,smtp,FIN,24,22,4731,1854,21.519343,62,252,17345.54688,6771.419922,9,8,90.919219,92.667617,4642.719319,119.158891,255,3290128753,1807107186,255,0.227335,0.144436,0.082899,197,84,0,0,1,1,3,1,1,3,0,0,0,4,1,0,Exploits,1,3,Exploits
60966,1.370847,tcp,-,FIN,10,8,564,354,12.401092,254,252,2964.590576,1809.100464,2,1,147.463444,182.429141,8397.720075,282.19425,255,2533256124,4102294668,255,0.190046,0.093835,0.096211,56,44,0,0,1,1,1,1,1,1,0,0,0,1,1,0,Reconnaissance,1,3,Exploits
37451,0.097994,tcp,-,FIN,78,80,4550,71834,1602.138911,31,29,366716.3438,5791130.0,7,33,1.268584,1.232532,75.612357,74.564175,255,2235129044,85855029,255,0.000742,0.000617,0.000125,58,898,0,0,7,0,2,1,1,1,0,0,0,3,3,0,Normal,0,3,Exploits
32171,0.001029,udp,dns,CON,2,2,146,178,2915.451794,31,29,567541.3125,691933.875,0,0,0.004,0.009,0.0,0.0,0,0,0,0,0.0,0.0,0.0,73,89,0,0,3,0,4,2,1,1,0,0,0,10,3,0,Normal,0,3,Exploits
30645,0.00105,udp,dns,CON,2,2,146,178,2857.142959,31,29,556190.5,678095.25,0,0,0.001,0.011,0.0,0.0,0,0,0,0,0.0,0.0,0.0,73,89,0,0,3,0,3,2,2,2,0,0,0,3,3,0,Normal,0,3,Exploits
65871,1.358835,tcp,http,FIN,10,10,792,1266,13.982566,62,252,4197.713379,6711.631836,2,2,150.981667,144.069109,9536.349738,225.512281,255,701692524,179452074,255,0.128579,0.062195,0.066384,79,127,1,188,3,1,1,1,1,2,0,0,1,1,2,0,Normal,0,3,Exploits
5119,3e-06,crudp,-,INT,2,0,200,0,333333.3215,254,0,266666656.0,0.0,0,0,0.003,0.0,0.0,0.0,0,0,0,0,0.0,0.0,0.0,100,0,0,0,4,2,2,2,2,4,0,0,0,2,4,0,DoS,1,3,Exploits
38859,0.06475,tcp,-,FIN,46,48,2854,30622,1436.293418,31,29,344957.5313,3704710.5,7,17,1.4316,1.367191,0.0,80.738795,255,684765337,2891131961,255,0.000613,0.000489,0.000124,62,638,0,0,8,0,2,1,1,2,0,0,0,4,4,0,Normal,0,3,Exploits
62574,1.1e-05,udp,dns,INT,2,0,114,0,90909.0902,254,0,41454544.0,0.0,0,0,0.011,0.0,0.0,0.0,0,0,0,0,0.0,0.0,0.0,57,0,0,0,7,2,3,3,3,3,0,0,0,4,7,0,Generic,1,3,Exploits
5924,0.630086,tcp,http,FIN,10,6,816,268,23.806274,254,252,9332.05957,2844.056152,2,1,70.009556,106.368797,3572.160136,187.601313,255,3902627932,3285354400,255,0.131986,0.084852,0.047134,82,45,1,0,1,1,1,1,1,1,0,0,1,1,1,0,Exploits,1,9,Worms
74184,1.13375,tcp,http,FIN,10,10,800,1352,16.758545,62,252,5080.485352,8587.431641,2,2,125.967667,119.188445,7637.050185,185.367219,255,3920985118,3186938091,255,0.167838,0.06105,0.106788,80,135,1,231,2,1,1,1,1,3,0,0,1,2,2,0,Normal,0,3,Exploits
6562,0.619893,tcp,-,FIN,10,8,534,354,27.424087,254,252,6207.522949,4000.69043,2,1,67.051,78.96543,4271.571662,136.543766,255,3893204214,1617562248,255,0.140062,0.067127,0.072935,53,44,0,0,6,1,1,1,1,4,0,0,0,2,4,0,Fuzzers,1,3,Exploits
63760,8.01734,tcp,-,FIN,112,654,5040,856639,95.418185,62,252,4984.196777,853480.125,6,325,72.228292,12.157688,3493.82912,1425.755978,255,3672958822,809136083,255,0.155804,0.077617,0.078187,45,1310,0,0,1,1,1,1,1,1,0,0,0,1,1,0,Exploits,1,3,Exploits
27060,5.263608,tcp,-,FIN,424,858,23912,1094788,243.369188,31,29,36258.01953,1661997.625,38,390,12.442706,6.141334,5797.730964,4074.62028,255,2488453908,346491551,255,0.000611,0.000479,0.000132,56,1276,0,0,9,0,2,1,1,1,0,0,0,3,13,0,Normal,0,3,Exploits
82296,2.678078,tcp,-,FIN,10,8,588,354,6.347836,254,252,1583.224976,926.037292,2,1,297.564222,362.010156,18478.98431,614.881125,255,2057404371,757398549,255,0.174258,0.123219,0.051039,59,44,0,0,1,1,3,1,1,1,0,0,0,1,2,0,Normal,0,3,Exploits
22811,9e-06,udp,dns,INT,2,0,114,0,111111.1072,254,0,50666664.0,0.0,0,0,0.009,0.0,0.0,0.0,0,0,0,0,0.0,0.0,0.0,57,0,0,0,25,2,18,18,18,25,0,0,0,19,25,0,Generic,1,3,Exploits
663,0.668237,tcp,-,FIN,32,12,27608,642,64.34843,254,252,320197.7813,7051.390625,13,3,20.961839,57.893727,1508.493101,78.279398,255,4002891852,2208000903,255,0.114627,0.031397,0.08323,863,54,0,0,7,1,1,1,1,7,0,0,0,1,7,0,Fuzzers,1,3,Exploits
46545,2.152104,tcp,ftp,FIN,22,22,1170,1644,19.980448,62,252,4152.21582,5836.149414,7,9,102.481144,100.59714,5679.939428,6781.949844,255,3990473378,2364330116,255,0.08862,0.027513,0.061107,53,75,0,0,1,1,2,1,1,2,0,0,0,2,1,0,Exploits,1,3,Exploits
6673,3e-06,eigrp,-,INT,2,0,200,0,333333.3215,254,0,266666656.0,0.0,0,0,0.003,0.0,0.0,0.0,0,0,0,0,0.0,0.0,0.0,100,0,0,0,5,2,2,2,2,5,0,0,0,2,5,0,Analysis,1,3,Exploits
7859,3e-06,udp,-,INT,2,0,168,0,333333.3215,254,0,224000000.0,0.0,0,0,0.003,0.0,0.0,0.0,0,0,0,0,0.0,0.0,0.0,84,0,0,0,1,2,2,1,1,1,0,0,0,1,3,0,Reconnaissance,1,3,Exploits
68225,0.304346,tcp,-,FIN,10,6,534,268,49.286011,254,252,12643.50488,5888.035645,2,1,30.983667,53.261602,1598.387562,74.597313,255,90231201,2992610853,255,0.099116,0.03803,0.061086,53,45,0,0,3,1,1,1,1,3,0,0,0,9,3,0,Normal,0,3,Exploits
34418,0.223379,tcp,ftp-data,FIN,8,12,424,8824,85.057234,31,29,13286.83496,289696.0,1,4,31.864429,20.258728,2097.472075,1664.509469,255,1701007806,2279752199,255,0.000674,0.000526,0.000148,53,735,0,0,3,0,3,1,1,2,0,0,0,2,3,0,Normal,0,3,Exploits
31742,0.183884,tcp,-,FIN,96,98,5486,92746,1049.574761,31,29,236192.3906,3993822.25,7,42,1.932284,1.89033,0.0,97.911344,255,1463194449,1496044596,255,0.00066,0.000518,0.000142,57,946,0,0,8,0,2,1,1,2,0,0,0,7,2,0,Normal,0,3,Exploits
26578,0.018677,tcp,-,FIN,16,18,1540,1644,1766.879053,31,29,618514.75,665203.1875,4,4,1.2244,1.060235,73.978803,2.09178,255,2736201126,596495821,255,0.000796,0.000646,0.00015,96,91,0,0,10,0,11,5,1,6,0,0,0,7,12,0,Normal,0,3,Exploits
13094,2e-06,udp,dns,INT,2,0,114,0,500000.0013,254,0,228000000.0,0.0,0,0,0.002,0.0,0.0,0.0,0,0,0,0,0.0,0.0,0.0,57,0,0,0,21,2,18,18,18,21,0,0,0,19,21,0,Generic,1,3,Exploits
40618,0.628249,tcp,http,FIN,10,8,814,1084,27.059335,62,252,9333.878906,12084.38086,2,2,69.805444,78.067859,3613.277172,140.789125,255,3737520432,3684338426,255,0.099733,0.045571,0.054162,81,136,1,140,3,1,2,1,1,4,0,0,1,2,3,0,Normal,0,3,Exploits
18546,1e-06,udp,dns,INT,2,0,114,0,1000000.003,254,0,456000000.0,0.0,0,0,0.001,0.0,0.0,0.0,0,0,0,0,0.0,0.0,0.0,57,0,0,0,33,2,25,25,25,33,0,0,0,25,33,0,Generic,1,3,Exploits
1407,0.454618,tcp,http,FIN,20,76,1228,94630,208.966646,62,252,20535.92188,1643313.75,2,36,23.927264,5.923253,1200.24707,738.853317,255,3645453803,3543698212,255,0.053313,0.006473,0.04684,61,1245,1,45524,2,1,1,1,1,1,0,0,1,1,2,0,Exploits,1,3,Exploits
10592,0.225495,tcp,http,FIN,10,6,1200,268,66.520323,254,252,38315.70703,7946.961426,2,1,25.055,37.483602,1191.233239,61.989992,255,1198372402,1781948583,255,0.062416,0.016092,0.046324,120,45,1,0,2,1,1,1,1,1,0,0,1,1,1,0,Exploits,1,9,Worms
51440,9e-06,udp,dns,INT,2,0,114,0,111111.1072,254,0,50666664.0,0.0,0,0,0.009,0.0,0.0,0.0,0,0,0,0,0.0,0.0,0.0,57,0,0,0,7,2,4,4,4,4,0,0,0,4,7,0,Generic,1,3,Exploits
18533,1e-06,udp,dns,INT,2,0,114,0,1000000.003,254,0,456000000.0,0.0,0,0,0.001,0.0,0.0,0.0,0,0,0,0,0.0,0.0,0.0,57,0,0,0,33,2,25,25,25,33,0,0,0,25,33,0,Generic,1,3,Exploits
54019,3e-06,unas,-,INT,2,0,200,0,333333.3215,254,0,266666656.0,0.0,0,0,0.003,0.0,0.0,0.0,0,0,0,0,0.0,0.0,0.0,100,0,0,0,16,2,3,3,3,3,0,0,0,3,16,0,Exploits,1,3,Exploits
57576,7e-06,udp,dns,INT,2,0,114,0,142857.1409,254,0,65142856.0,0.0,0,0,0.007,0.0,0.0,0.0,0,0,0,0,0.0,0.0,0.0,57,0,0,0,7,2,5,4,4,4,0,0,0,5,7,0,Generic,1,3,Exploits
36195,0.008672,tcp,-,FIN,34,26,4908,2448,6803.505606,31,29,4394834.0,2171586.75,9,6,0.262788,0.31508,19.434241,0.502097,255,528000089,2673735594,255,0.000797,0.000634,0.000163,144,94,0,0,4,0,8,1,1,6,0,0,0,7,9,0,Normal,0,3,Exploits
7432,8e-06,unas,-,INT,2,0,200,0,125000.0003,254,0,100000000.0,0.0,0,0,0.008,0.0,0.0,0.0,0,0,0,0,0.0,0.0,0.0,100,0,0,0,5,2,2,2,2,5,0,0,0,5,5,0,Exploits,1,3,Exploits
7885,8e-06,unas,-,INT,2,0,200,0,125000.0003,254,0,100000000.0,0.0,0,0,0.008,0.0,0.0,0.0,0,0,0,0,0.0,0.0,0.0,100,0,0,0,7,2,3,2,2,7,0,0,0,2,7,0,Fuzzers,1,3,Exploits
73265,2e-06,igmp,-,INT,2,0,82,0,500000.0013,254,0,164000000.0,0.0,0,0,0.002,0.0,0.0,0.0,0,0,0,0,0.0,0.0,0.0,41,0,0,0,1,2,1,1,1,1,0,0,0,3,1,0,Normal,0,3,Exploits
44484,0.566537,tcp,-,FIN,10,6,718,268,26.476646,254,252,9136.208008,3163.07666,2,1,58.495333,94.779,2949.619579,138.625063,255,3646135225,2167063124,255,0.180732,0.092635,0.088097,72,45,0,0,6,1,1,1,1,1,0,0,0,1,4,0,Fuzzers,1,3,Exploits
21679,8e-06,udp,dns,INT,2,0,114,0,125000.0003,254,0,57000000.0,0.0,0,0,0.008,0.0,0.0,0.0,0,0,0,0,0.0,0.0,0.0,57,0,0,0,14,2,6,6,4,14,0,0,0,6,14,0,Generic,1,3,Exploits
77854,1.1e-05,udp,-,INT,2,0,1526,0,90909.0902,254,0,554909056.0,0.0,0,0,0.011,0.0,0.0,0.0,0,0,0,0,0.0,0.0,0.0,763,0,0,0,29,2,12,12,1,28,0,0,0,12,28,0,Normal,0,3,Exploits
59370,2.157087,tcp,-,FIN,10,8,534,354,7.880998,254,252,1783.887207,1149.698608,2,1,239.676333,290.762,14797.86801,473.253438,255,3336825316,4233967536,255,0.116042,0.080227,0.035815,53,44,0,0,5,1,2,2,2,2,0,0,0,3,2,0,Fuzzers,1,3,Exploits
38431,0.019978,tcp,-,FIN,48,50,2958,32368,4855.340911,31,29,1160076.125,12702373.0,7,18,0.417596,0.395571,23.557605,24.035924,255,1381918623,1382235594,255,0.000723,0.000584,0.000139,62,647,0,0,7,0,3,1,1,2,0,0,0,2,3,0,Normal,0,3,Exploits
9933,0.903238,tcp,-,FIN,24,58,1254,58400,89.677361,62,252,10646.1416,508340.0,6,27,39.271218,15.689053,1945.780299,1250.375855,255,1598708279,2794346689,255,0.044348,0.008273,0.036075,52,1007,0,0,1,1,4,1,1,1,0,0,0,1,1,0,Exploits,1,3,Exploits
2189,0.876215,tcp,http,FIN,10,8,820,1626,19.401631,62,252,6738.072266,12992.24512,2,2,97.357222,103.94243,4740.089817,149.028281,255,81456444,2334229472,255,0.213081,0.147739,0.065342,82,203,1,387,1,1,1,1,1,1,0,0,1,2,1,0,Exploits,1,3,Exploits
63481,0.917553,tcp,-,FIN,10,8,564,354,18.52754,254,252,4429.171875,2702.841064,2,1,98.499778,121.59557,6387.168195,178.363641,255,3778564183,483933825,255,0.148699,0.06638,0.082319,56,44,0,0,7,1,1,2,1,1,0,0,0,3,1,0,Reconnaissance,1,3,Exploits
53898,1.7e-05,udp,dns,INT,2,0,114,0,58823.52838,254,0,26823528.0,0.0,0,0,0.017,0.0,0.0,0.0,0,0,0,0,0.0,0.0,0.0,57,0,0,0,4,2,4,4,4,4,0,0,0,5,4,0,Generic,1,3,Exploits
62215,1e-05,unas,-,INT,2,0,200,0,142857.1409,254,0,114285712.0,0.0,0,0,0.007,0.0,0.0,0.0,0,0,0,0,0.0,0.0,0.0,100,0,0,0,12,2,4,4,4,4,0,0,0,11,12,0,Exploits,1,3,Exploits
14504,7e-06,udp,dns,INT,2,0,114,0,142857.1409,254,0,65142856.0,0.0,0,0,0.007,0.0,0.0,0.0,0,0,0,0,0.0,0.0,0.0,57,0,0,0,25,2,26,25,25,25,0,0,0,25,25,0,Generic,1,3,Exploits
74451,1e-05,udp,-,INT,2,0,1064,0,100000.0025,254,0,425600000.0,0.0,0,0,0.01,0.0,0.0,0.0,0,0,0,0,0.0,0.0,0.0,532,0,0,0,3,2,1,1,1,3,0,0,0,1,3,0,Normal,0,9,Worms
71027,1.1e-05,udp,-,INT,2,0,1888,0,90909.0902,254,0,686545472.0,0.0,0,0,0.011,0.0,0.0,0.0,0,0,0,0,0.0,0.0,0.0,944,0,0,0,1,2,1,1,1,1,0,0,0,3,1,0,Normal,0,9,Worms
61433,0.579786,tcp,-,FIN,8,8,364,914,25.871615,62,252,4401.624023,11038.55566,1,2,82.826571,71.39357,5356.033856,151.072516,255,3104962652,446868285,255,0.093104,0.047776,0.045328,46,114,0,0,3,1,2,1,1,2,0,0,0,2,2,0,Exploits,1,3,Exploits
5555,9e-06,unas,-,INT,2,0,200,0,111111.1072,254,0,88888888.0,0.0,0,0,0.009,0.0,0.0,0.0,0,0,0,0,0.0,0.0,0.0,100,0,0,0,6,2,3,3,3,6,0,0,0,11,6,0,DoS,1,3,Exploits
71250,1.0259,tcp,-,FIN,10,8,534,354,16.570816,254,252,3750.852783,2417.389648,2,1,108.624111,134.662422,6769.762835,198.448969,255,2451029815,3292760236,255,0.191762,0.083254,0.108508,53,44,0,0,2,1,1,1,1,2,0,0,0,1,2,0,Normal,0,3,Exploits
50983,1.053418,tcp,-,FIN,10,8,564,354,16.137943,254,252,3857.91748,2354.240967,2,1,114.254889,140.955422,6728.767866,205.123094,255,1968251088,234121529,255,0.146895,0.06672,0.080175,56,44,0,0,2,1,1,1,1,1,0,0,0,2,1,0,Reconnaissance,1,3,Exploits
3394,1.681261,tcp,http,FIN,20,64,1582,74346,49.367708,62,252,7151.774902,348238.625,3,30,88.487424,25.468774,4562.452186,3029.664463,255,572432780,2211057123,255,0.158317,0.101509,0.056808,79,1162,1,78,1,1,1,1,1,1,0,0,1,2,1,0,Exploits,1,3,Exploits
40104,0.007542,tcp,-,FIN,34,26,4908,2448,7822.8585,31,29,5053301.5,2496950.25,9,6,0.228545,0.27132,14.749101,0.440591,255,1315351978,3461071160,255,0.000745,0.000625,0.00012,144,94,0,0,9,0,1,1,1,1,0,0,0,2,5,0,Normal,0,3,Exploits
26052,0.499865,tcp,-,FIN,16,18,1540,1644,66.017825,31,29,23110.24023,24854.71094,4,4,33.301801,29.345295,2715.803933,48.759992,255,3628454982,3661759849,255,0.00112,0.000994,0.000126,96,91,0,0,13,0,5,4,1,4,0,0,0,8,7,0,Normal,0,3,Exploits
51614,3e-06,pri-enc,-,INT,2,0,200,0,333333.3215,254,0,266666656.0,0.0,0,0,0.003,0.0,0.0,0.0,0,0,0,0,0.0,0.0,0.0,100,0,0,0,14,2,4,4,4,4,0,0,0,7,14,0,Exploits,1,3,Exploits
48327,3.203971,tcp,smtp,FIN,30,22,15495,1798,15.917748,62,252,37401.08984,4287.180176,12,8,110.44817,148.064141,6409.800869,175.967078,255,873001101,3787592237,255,0.151082,0.094618,0.056464,517,82,0,0,1,1,1,1,1,1,0,0,0,3,1,0,Exploits,1,3,Exploits
52473,9e-06,udp,dns,INT,2,0,114,0,111111.1072,254,0,50666664.0,0.0,0,0,0.009,0.0,0.0,0.0,0,0,0,0,0.0,0.0,0.0,57,0,0,0,11,2,4,4,4,4,0,0,0,4,11,0,Generic,1,3,Exploits
21202,8e-06,udp,dns,INT,2,0,114,0,125000.0003,254,0,57000000.0,0.0,0,0,0.008,0.0,0.0,0.0,0,0,0,0,0.0,0.0,0.0,57,0,0,0,36,2,25,25,25,36,0,0,0,26,36,0,Generic,1,3,Exploits
62568,8e-06,udp,dns,INT,2,0,114,0,125000.0003,254,0,57000000.0,0.0,0,0,0.008,0.0,0.0,0.0,0,0,0,0,0.0,0.0,0.0,57,0,0,0,10,2,7,7,3,7,0,0,0,8,10,0,Generic,1,3,Exploits
77174,0.935016,tcp,-,FIN,20,10,6114,556,31.015513,254,252,49701.82422,4286.557617,6,3,47.990474,93.078664,3031.986963,139.731656,255,3644035959,2589827052,255,0.151634,0.0973,0.054334,306,56,0,0,6,1,1,1,1,6,0,0,0,1,5,0,Normal,0,3,Exploits
36250,0.153769,tcp,-,FIN,84,86,4862,77276,1099.051164,31,29,249985.3594,3973648.75,7,36,1.848663,1.803577,0.0,94.146243,255,2868528349,2928303309,255,0.000586,0.000462,0.000124,58,899,0,0,4,0,2,1,1,1,0,0,0,1,7,0,Normal,0,3,Exploits
36298,0.001027,udp,dns,CON,2,2,130,162,2921.129446,31,29,506329.0938,630963.9375,0,0,0.008,0.006,0.0,0.0,0,0,0,0,0.0,0.0,0.0,65,81,0,0,6,0,4,1,1,1,0,0,0,3,5,0,Normal,0,3,Exploits
78765,2.492841,tcp,-,FIN,32,14,22150,728,18.051693,254,252,68862.79688,2169.412354,12,3,80.383481,180.799766,6355.226764,350.763156,255,4060955555,1675147906,255,0.207746,0.142437,0.065309,692,52,0,0,1,1,1,1,1,1,0,0,0,1,1,0,Normal,0,3,Exploits
1966,9e-06,il,-,INT,2,0,200,0,111111.1072,254,0,88888888.0,0.0,0,0,0.009,0.0,0.0,0.0,0,0,0,0,0.0,0.0,0.0,100,0,0,0,4,2,1,1,1,4,0,0,0,1,4,0,DoS,1,3,Exploits
31266,0.001132,udp,dns,CON,2,2,146,178,2650.176667,31,29,515901.0625,628975.25,0,0,0.007,0.004,0.0,0.0,0,0,0,0,0.0,0.0,0.0,73,89,0,0,2,0,1,1,1,1,0,0,0,1,1,0,Normal,0,3,Exploits
62741,0.602838,tcp,-,FIN,10,6,782,268,24.882308,254,252,9342.477539,2972.606445,2,1,66.879222,101.323203,3421.556234,164.110969,255,2063453457,3446831376,255,0.21342,0.096216,0.117204,78,45,0,0,8,1,1,1,1,1,0,0,0,2,5,0,Fuzzers,1,3,Exploits
11979,1e-05,udp,dns,INT,2,0,114,0,100000.0025,254,0,45600000.0,0.0,0,0,0.01,0.0,0.0,0.0,0,0,0,0,0.0,0.0,0.0,57,0,0,0,37,2,25,25,25,37,0,0,0,25,37,0,Generic,1,3,Exploits
41386,0.192649,tcp,-,CON,6,2,998,86,36.33551,62,252,34549.87891,1785.630859,2,1,38.5298,0.004,2276.408892,0.0,255,3789455420,3173840904,255,0.15699,0.117286,0.039704,166,43,0,0,3,3,3,3,1,3,0,0,0,4,3,0,Normal,0,3,Exploits
6650,1.246909,mux,-,INT,4,0,400,0,2.405949,254,0,1924.759521,0.0,0,0,415.636344,0.0,587.788625,0.0,0,0,0,0,0.0,0.0,0.0,100,0,0,0,3,2,2,2,2,3,0,0,0,2,3,0,DoS,1,3,Exploits
40649,0.395756,tcp,-,CON,6,2,998,86,17.687666,62,252,16818.44336,869.222412,2,1,79.1512,0.004,4899.078014,0.0,255,1043185125,832935449,255,0.342316,0.153293,0.189023,166,43,0,0,5,3,2,2,1,5,0,0,0,2,5,0,Normal,0,3,Exploits
64863,1e-05,udp,-,INT,2,0,300,0,100000.0025,254,0,120000000.0,0.0,0,0,0.01,0.0,0.0,0.0,0,0,0,0,0.0,0.0,0.0,150,0,0,0,1,2,1,1,1,1,0,0,0,1,1,0,Generic,1,3,Exploits
1425,43.982441,tcp,-,FIN,28,28,1568,1528,1.250499,254,252,275.018829,268.106995,16,10,1628.979295,1626.471125,258304.9003,8014.3895,255,4222814469,2282107141,255,0.094898,0.048388,0.04651,56,55,0,0,4,1,2,2,2,4,0,0,0,2,4,0,Fuzzers,1,3,Exploits
81170,0.44294,tcp,http,FIN,10,8,818,1136,38.379916,62,252,13311.05762,17952.76953,2,2,49.215556,50.114285,2515.692836,67.900055,255,3315611204,891320232,255,0.096302,0.053225,0.043077,82,142,1,160,3,1,1,1,1,3,0,0,1,1,3,0,Normal,0,3,Exploits
30501,0.010002,tcp,-,FIN,36,38,2334,16290,7298.540104,31,29,1815636.875,12687062.0,7,12,0.276543,0.256297,16.932744,15.91729,255,1297504851,3447334676,255,0.000635,0.000515,0.00012,65,429,0,0,8,0,5,1,1,1,0,0,0,2,3,0,Normal,0,3,Exploits
38536,0.004713,udp,-,CON,4,4,568,312,1485.253618,31,29,723106.3125,397199.25,0,0,1.219,1.052333,1.714029,1.479033,0,0,0,0,0.0,0.0,0.0,142,78,0,0,6,0,4,1,1,3,0,0,0,3,5,0,Normal,0,3,Exploits
37542,0.001717,udp,-,CON,4,4,520,304,4076.878192,31,29,1817122.875,1062318.0,0,0,0.450333,0.213333,0.632625,0.293218,0,0,0,0,0.0,0.0,0.0,130,76,0,0,4,0,10,1,1,3,0,0,0,6,7,0,Normal,0,3,Exploits
64701,0.530808,tcp,-,FIN,10,6,756,268,28.258807,254,252,10263.59863,3375.985352,2,1,55.446222,81.904797,3022.264434,124.192312,255,2967798302,500612555,255,0.209778,0.121275,0.088503,76,45,0,0,2,1,1,1,1,1,0,0,0,1,2,0,Fuzzers,1,3,Exploits
14050,9e-06,udp,dns,INT,2,0,114,0,111111.1072,254,0,50666664.0,0.0,0,0,0.009,0.0,0.0,0.0,0,0,0,0,0.0,0.0,0.0,57,0,0,0,29,2,18,18,18,29,0,0,0,18,29,0,Generic,1,3,Exploits
1390,0.22195,tcp,http,FIN,10,10,792,4252,85.604868,62,252,25699.48242,137940.9844,2,2,24.661111,23.872556,1173.478165,1712.22453,255,423436491,529545234,255,0.050886,0.006343,0.044543,79,425,1,1663,1,1,1,1,1,1,0,0,1,1,1,0,Exploits,1,3,Exploits
67693,0.850408,tcp,-,FIN,10,6,2530,268,17.638592,254,252,21420.30664,2107.223877,2,1,89.327222,146.313797,4682.265529,225.518516,255,95999828,4281144994,255,0.164715,0.118838,0.045877,253,45,0,0,4,1,1,1,1,2,0,0,0,1,2,0,Normal,0,3,Exploits
63553,1.4e-05,udp,-,INT,2,0,1064,0,71428.57045,254,0,304000000.0,0.0,0,0,0.014,0.0,0.0,0.0,0,0,0,0,0.0,0.0,0.0,532,0,0,0,5,2,2,2,1,2,0,0,0,2,5,0,Fuzzers,1,3,Exploits
49789,0.633194,tcp,-,FIN,12,10,972,522,33.16519,254,252,11257.21289,5938.148438,3,2,54.696728,66.301,3696.308072,110.698969,255,2192999495,1233147369,255,0.106819,0.036474,0.070345,81,52,0,0,2,1,1,1,1,1,0,0,0,3,1,0,DoS,1,3,Exploits
2055,2.178847,tcp,-,FIN,10,8,564,354,7.802291,254,252,1865.206665,1138.216675,2,1,235.026778,296.489719,14229.25724,434.451875,255,3060006789,4272439981,255,0.186053,0.103418,0.082635,56,44,0,0,5,1,1,1,1,1,0,0,0,3,2,0,Reconnaissance,1,3,Exploits
75969,0.606391,tcp,-,CON,6,2,978,86,11.543707,62,252,10752.13867,567.29071,2,1,121.2782,0.006,6389.288382,0.0,255,3119149682,2436756125,255,0.40404,0.094073,0.309967,163,43,0,0,4,3,2,2,1,4,0,0,0,2,4,0,Normal,0,3,Exploits
54103,1e-05,unas,-,INT,2,0,200,0,100000.0025,254,0,80000000.0,0.0,0,0,0.01,0.0,0.0,0.0,0,0,0,0,0.0,0.0,0.0,100,0,0,0,10,2,6,4,4,5,0,0,0,9,9,0,Backdoor,1,3,Exploits
42568,1.103271,tcp,-,FIN,10,8,534,354,15.408725,254,252,3487.810303,2247.861084,2,1,117.974333,143.242141,9017.196026,196.282531,255,1804561326,2663382533,255,0.157548,0.100567,0.056981,53,44,0,0,7,1,2,2,2,6,0,0,0,5,6,0,Normal,0,3,Exploits
56674,7e-06,udp,dns,INT,2,0,114,0,142857.1409,254,0,65142856.0,0.0,0,0,0.007,0.0,0.0,0.0,0,0,0,0,0.0,0.0,0.0,57,0,0,0,14,2,7,7,3,7,0,0,0,7,14,0,Generic,1,3,Exploits
77697,0.541902,tcp,-,FIN,34,12,29370,642,83.040844,254,252,420843.625,8695.298828,14,3,16.395213,44.669,1190.303138,59.904523,255,39820059,182064650,255,0.083478,0.050541,0.032937,864,54,0,0,5,1,2,2,1,7,0,0,0,2,5,0,Normal,0,3,Exploits
77446,1e-05,udp,-,INT,2,0,1064,0,100000.0025,254,0,425600000.0,0.0,0,0,0.01,0.0,0.0,0.0,0,0,0,0,0.0,0.0,0.0,532,0,0,0,36,2,11,11,1,35,0,0,0,12,35,0,Normal,0,3,Exploits
27873,0.041608,tcp,-,FIN,46,48,2854,30622,2235.147178,31,29,536819.875,5765237.5,7,17,0.917089,0.875447,68.364122,72.05545,255,1116103283,1136779930,255,0.000595,0.000459,0.000136,62,638,0,0,10,0,4,1,1,1,0,0,0,2,3,0,Normal,0,3,Exploits
24360,0.669759,tcp,-,FIN,94,174,5834,202382,398.650873,31,29,68944.20313,2403479.5,11,71,7.197903,3.868734,1371.679803,1003.502924,255,2120286208,4273896993,255,0.000587,0.000463,0.000124,62,1163,0,0,17,0,3,1,1,1,0,0,0,3,6,0,Normal,0,3,Exploits
54427,1.1e-05,unas,-,INT,2,0,200,0,1000000.003,254,0,800000000.0,0.0,0,0,0.001,0.0,0.0,0.0,0,0,0,0,0.0,0.0,0.0,100,0,0,0,15,2,3,2,2,3,0,0,0,3,15,0,Exploits,1,3,Exploits
31430,0.021984,tcp,-,FIN,48,50,2958,32368,4412.299903,31,29,1054221.25,11543304.0,7,18,0.460936,0.435163,28.674287,27.781745,255,1191198561,3341112476,255,0.000786,0.000651,0.000135,62,647,0,0,3,0,1,1,1,1,0,0,0,2,8,0,Normal,0,3,Exploits
32902,0.016847,tcp,-,FIN,44,46,2766,24004,5282.839823,31,29,1284026.875,11151185.0,7,16,0.38414,0.352289,24.793182,24.95735,255,2443156578,307372151,255,0.001186,0.00099,0.000196,63,522,0,0,2,0,3,1,1,1,0,0,0,3,6,0,Normal,0,3,Exploits
59823,2.628377,tcp,-,FIN,28,66,1290,65454,35.383053,62,252,3786.367188,196206.25,7,31,97.347296,38.994691,5448.458613,3396.066872,255,668996464,1152215225,255,0.164471,0.093604,0.070867,46,992,0,0,1,1,1,1,1,1,0,0,0,8,2,0,Exploits,1,3,Exploits
32198,0.00181,udp,-,CON,4,4,520,304,3867.403218,31,29,1723756.875,1007734.813,0,0,0.456667,0.232,0.640167,0.318908,0,0,0,0,0.0,0.0,0.0,130,76,0,0,3,0,5,1,1,3,0,0,0,3,6,0,Normal,0,3,Exploits
2443,9e-06,any,-,INT,2,0,200,0,111111.1072,254,0,88888888.0,0.0,0,0,0.009,0.0,0.0,0.0,0,0,0,0,0.0,0.0,0.0,100,0,0,0,6,2,2,2,2,6,0,0,0,2,6,0,Analysis,1,3,Exploits
13960,9e-06,udp,dns,INT,2,0,114,0,111111.1072,254,0,50666664.0,0.0,0,0,0.009,0.0,0.0,0.0,0,0,0,0,0.0,0.0,0.0,57,0,0,0,18,2,18,18,18,18,0,0,0,20,18,0,Generic,1,3,Exploits
7412,0.632009,tcp,http,FIN,10,8,798,354,26.89835,254,252,9101.135742,3923.994629,2,1,65.366889,80.332,4272.970121,120.223016,255,2759476439,1291819239,255,0.121589,0.069677,0.051912,80,44,1,0,1,1,1,1,1,1,0,0,1,1,1,0,DoS,1,9,Worms
3404,11.279786,tcp,pop3,FIN,26,30,1202,9712,4.875979,62,252,819.873718,6658.991699,7,10,451.19145,385.181698,39888.6513,35242.15344,255,1354542813,2294705323,255,0.159282,0.108838,0.050444,46,324,0,0,1,1,1,1,1,1,0,0,0,2,1,0,Exploits,1,3,Exploits
27298,0.059867,tcp,-,FIN,22,14,1470,1728,584.629278,31,29,187615.8906,214475.4219,5,4,2.850809,4.55,363.899415,14.162856,255,3144504469,3144819589,255,0.000748,0.000581,0.000167,67,123,0,0,9,0,4,1,1,2,0,0,0,2,4,0,Normal,0,3,Exploits
8722,0.596136,sctp,-,CON,4,2,536,440,8.387348,254,60,5394.742188,2952.34668,0,0,198.712,0.008,281.009187,0.0,0,0,0,0,0.0,0.0,0.0,134,220,0,0,1,0,1,1,1,1,0,0,0,1,1,0,Exploits,1,3,Exploits
47258,0.632244,tcp,ftp-data,FIN,8,8,364,996,23.725018,62,252,4036.41626,11033.71484,1,2,90.320571,81.378141,6027.522277,180.071188,255,514023582,634833125,255,0.120449,0.061867,0.058582,46,125,0,0,1,1,2,1,1,2,0,0,0,3,1,0,Exploits,1,3,Exploits
26382,0.011963,tcp,-,FIN,36,38,2334,16290,6102.1485,31,29,1518013.875,10607373.0,7,12,0.342147,0.306649,22.687174,20.971179,255,1907832090,4053526652,255,0.000762,0.000606,0.000156,65,429,0,0,6,0,3,1,1,1,0,0,0,2,6,0,Normal,0,3,Exploits
45576,1.1e-05,udp,-,INT,2,0,168,0,90909.0902,254,0,61090908.0,0.0,0,0,0.011,0.0,0.0,0.0,0,0,0,0,0.0,0.0,0.0,84,0,0,0,1,2,1,1,1,1,0,0,0,1,1,0,Reconnaissance,1,3,Exploits
3768,8e-06,unas,-,INT,2,0,200,0,125000.0003,254,0,100000000.0,0.0,0,0,0.008,0.0,0.0,0.0,0,0,0,0,0.0,0.0,0.0,100,0,0,0,5,2,3,3,3,5,0,0,0,3,5,0,DoS,1,3,Exploits
59115,2e-06,udp,dns,INT,2,0,114,0,500000.0013,254,0,228000000.0,0.0,0,0,0.002,0.0,0.0,0.0,0,0,0,0,0.0,0.0,0.0,57,0,0,0,4,2,1,1,1,1,0,0,0,2,4,0,Generic,1,3,Exploits
67142,5.574608,tcp,-,FIN,32,14,22740,728,8.072317,254,252,31614.7793,970.113098,12,3,179.136351,422.712531,16682.96167,745.21275,255,454924158,2666175115,255,0.230446,0.079336,0.15111,711,52,0,0,3,1,1,1,1,2,0,0,0,1,3,0,Normal,0,3,Exploits
68619,0.529431,tcp,-,FIN,10,6,2516,268,28.332305,254,252,34225.42578,3384.766113,2,1,56.804444,89.395,2862.242827,135.978047,255,2167468206,1499968726,255,0.163689,0.082447,0.081242,252,45,0,0,2,1,1,1,1,2,0,0,0,1,2,0,Normal,0,3,Exploits
41701,0.589405,tcp,-,FIN,10,6,534,268,25.449394,254,252,6528.617676,3040.354248,2,1,65.366667,106.572398,3314.388171,176.657922,255,2895832659,250472709,255,0.198229,0.056534,0.141695,53,45,0,0,7,1,2,1,1,3,0,0,0,1,4,0,Normal,0,3,Exploits
28609,0.759758,tcp,-,FIN,122,126,7814,14682,325.103522,31,29,81604.92969,153375.1563,30,32,6.276066,6.073648,414.861211,411.262183,255,37906790,2188536449,255,0.000705,0.000545,0.00016,64,117,0,0,10,0,3,1,1,1,0,0,0,1,6,0,Normal,0,3,Exploits
2186,1.74224,tcp,ftp,FIN,22,22,1178,1636,24.680871,62,252,5165.763672,7172.375977,7,9,82.963813,79.743714,4457.459859,4728.963178,255,1675806764,622684119,255,0.105607,0.066882,0.038725,54,74,0,0,1,1,2,1,1,2,1,1,0,2,1,0,Exploits,1,3,Exploits
46569,2.372167,tcp,http,FIN,11,6,2588,268,6.744887,255,252,7935.359863,755.427368,6,1,236.639312,473.182187,21533.23148,942.07975,255,2759638527,2844776156,255,0.049659,0.006252,0.043407,235,45,0,0,1,1,1,1,1,1,0,0,0,1,1,0,Exploits,1,3,Exploits
2438,1.016042,tcp,http,FIN,46,12,51099,526,56.100043,254,252,393597.9063,3802.992432,20,1,22.578711,86.546367,2162.038423,141.645125,255,57961930,1717269041,255,0.121139,0.063379,0.05776,1111,44,1,0,3,1,1,1,1,3,0,0,1,1,3,0,Fuzzers,1,3,Exploits
51259,4e-06,udp,-,INT,2,0,2004,0,250000.0006,254,0,2004000000.0,0.0,0,0,0.004,0.0,0.0,0.0,0,0,0,0,0.0,0.0,0.0,1002,0,0,0,15,2,11,11,1,11,0,0,0,12,15,0,Fuzzers,1,3,Exploits
53235,0.400124,tcp,-,FIN,10,6,588,268,37.488377,254,252,10596.71484,4478.611328,2,1,44.458222,63.68,2336.134223,110.283203,255,192092020,2154177519,255,0.117757,0.071116,0.046641,59,45,0,0,10,1,1,1,1,1,0,0,0,2,4,0,Fuzzers,1,3,Exploits
22375,3e-06,udp,dns,INT,2,0,114,0,333333.3215,254,0,152000000.0,0.0,0,0,0.003,0.0,0.0,0.0,0,0,0,0,0.0,0.0,0.0,57,0,0,0,37,2,37,37,22,37,0,0,0,37,37,0,Generic,1,3,Exploits
33408,0.018715,tcp,-,FIN,16,18,1540,1644,1763.291498,31,29,617258.875,663852.5625,4,4,1.226467,1.073706,75.698512,2.069975,255,1377776347,3528889248,255,0.000579,0.000456,0.000123,96,91,0,0,6,0,3,3,1,2,0,0,0,5,4,0,Normal,0,3,Exploits
75087,0.558841,tcp,-,FIN,10,6,2516,268,26.841267,254,252,32424.25,3206.636719,2,1,58.824778,97.156203,2846.458978,136.557859,255,1881710226,322191674,255,0.141582,0.073057,0.068525,252,45,0,0,15,1,2,2,1,5,0,0,0,5,5,0,Normal,0,3,Exploits
45059,1e-05,udp,-,INT,2,0,2898,0,100000.0025,254,0,1159200000.0,0.0,0,0,0.01,0.0,0.0,0.0,0,0,0,0,0.0,0.0,0.0,1449,0,0,0,3,2,1,1,1,1,0,0,0,1,2,0,Fuzzers,1,9,Worms
6040,11.54108,udp,dns,INT,36,0,7956,0,3.032645,254,0,5361.716309,0.0,0,0,329.745156,0.0,550.335625,0.0,0,0,0,0,0.0,0.0,0.0,221,0,0,0,2,2,2,2,2,3,0,0,0,3,2,0,Fuzzers,1,3,Exploits
52898,1.305242,tcp,http,FIN,12,14,968,7158,19.153537,62,252,5442.668945,40740.33984,2,4,118.658365,95.749615,7272.502844,7521.038387,255,2734825682,4046300975,255,0.102059,0.035165,0.066894,81,511,0,0,2,1,3,2,1,2,0,0,0,2,2,0,Generic,1,3,Exploits
72631,3e-06,udp,-,INT,2,0,78,0,333333.3215,254,0,104000000.0,0.0,0,0,0.003,0.0,0.0,0.0,0,0,0,0,0.0,0.0,0.0,39,0,0,0,11,2,1,1,1,3,0,0,0,1,4,0,Normal,0,3,Exploits
27023,0.000941,udp,dns,CON,2,2,132,164,3188.097749,31,29,561105.1875,697130.6875,0,0,0.004,0.008,0.0,0.0,0,0,0,0,0.0,0.0,0.0,66,82,0,0,1,0,5,1,1,1,0,0,0,5,3,0,Normal,0,3,Exploits
16783,4e-06,udp,dns,INT,2,0,114,0,250000.0006,254,0,114000000.0,0.0,0,0,0.004,0.0,0.0,0.0,0,0,0,0,0.0,0.0,0.0,57,0,0,0,45,2,17,17,12,45,0,0,0,17,45,0,Generic,1,3,Exploits
37206,0.047134,tcp,ftp-data,FIN,6,8,320,1890,275.80939,31,29,45317.60547,280731.5313,1,2,9.3634,6.666857,653.062197,15.724966,255,607478011,3256775616,255,0.000621,0.000463,0.000158,53,236,0,0,3,0,3,1,1,1,0,0,0,7,3,0,Normal,0,3,Exploits
58923,8e-06,udp,dns,INT,2,0,114,0,125000.0003,254,0,57000000.0,0.0,0,0,0.008,0.0,0.0,0.0,0,0,0,0,0.0,0.0,0.0,57,0,0,0,17,2,2,2,2,2,0,0,0,2,17,0,Generic,1,3,Exploits
23860,0.802836,tcp,-,FIN,122,126,7812,15762,307.659347,31,29,77206.30469,155817.625,30,32,6.631893,6.41832,439.512898,436.41748,255,3266365935,3263169061,255,0.000706,0.000542,0.000164,64,125,0,0,11,0,4,1,1,1,0,0,0,7,8,0,Normal,0,3,Exploits
64278,4e-06,udp,dns,INT,2,0,114,0,250000.0006,254,0,114000000.0,0.0,0,0,0.004,0.0,0.0,0.0,0,0,0,0,0.0,0.0,0.0,57,0,0,0,7,2,3,3,3,3,0,0,0,3,7,0,Generic,1,3,Exploits
63330,0.845848,tcp,-,FIN,10,14,550,9374,27.191646,62,252,4681.691895,82331.57813,2,5,93.983111,59.419844,4715.853903,4683.012172,255,914683705,3294223289,255,0.17139,0.072718,0.098672,55,670,0,0,2,1,1,1,1,1,0,0,0,1,2,0,Exploits,1,3,Exploits
60565,1e-05,udp,dns,INT,2,0,114,0,100000.0025,254,0,45600000.0,0.0,0,0,0.01,0.0,0.0,0.0,0,0,0,0,0.0,0.0,0.0,57,0,0,0,15,2,7,7,4,7,0,0,0,7,15,0,Generic,1,3,Exploits
61424,2e-06,udp,dns,INT,2,0,114,0,500000.0013,254,0,228000000.0,0.0,0,0,0.002,0.0,0.0,0.0,0,0,0,0,0.0,0.0,0.0,57,0,0,0,7,2,4,4,4,4,0,0,0,6,7,0,Generic,1,3,Exploits
81567,0.254944,tcp,-,CON,6,2,998,86,27.457011,62,252,26107.69531,1349.315918,2,1,50.9888,0.005,2670.619161,0.0,255,811715145,3942773479,255,0.167343,0.102034,0.065309,166,43,0,0,6,3,5,5,1,6,0,0,0,5,6,0,Normal,0,3,Exploits
49845,3e-06,unas,-,INT,2,0,200,0,333333.3215,254,0,266666656.0,0.0,0,0,0.003,0.0,0.0,0.0,0,0,0,0,0.0,0.0,0.0,100,0,0,0,11,2,5,4,4,5,0,0,0,5,11,0,Exploits,1,3,Exploits
66749,0.699396,tcp,-,FIN,10,6,602,268,21.447077,254,252,6199.634766,2562.210693,2,1,75.156667,125.141602,4338.201412,194.122594,255,1682183606,348891903,255,0.183467,0.073684,0.109783,60,45,0,0,4,1,1,1,1,4,0,0,0,1,5,0,Normal,0,3,Exploits
37193,0.081085,tcp,ftp-data,FIN,8,12,424,8824,234.322018,31,29,36603.56641,798076.125,1,4,11.533571,7.323909,952.664272,745.060582,255,4149762169,2108809171,255,0.000656,0.000514,0.000142,53,735,0,0,3,0,5,1,1,3,0,0,0,3,6,0,Normal,0,3,Exploits
24369,0.001018,udp,dns,CON,2,2,146,178,2946.954953,31,29,573673.875,699410.625,0,0,0.007,0.008,0.0,0.0,0,0,0,0,0.0,0.0,0.0,73,89,0,0,3,0,6,3,3,3,0,0,0,6,3,0,Normal,0,3,Exploits
51822,7e-06,udp,dns,INT,2,0,114,0,142857.1409,254,0,65142856.0,0.0,0,0,0.007,0.0,0.0,0.0,0,0,0,0,0.0,0.0,0.0,57,0,0,0,13,2,4,4,4,4,0,0,0,5,13,0,Generic,1,3,Exploits
63466,0.626836,tcp,-,FIN,10,8,564,354,27.120331,254,252,6483.354492,3956.377686,2,1,69.197,88.641289,5442.968196,138.655094,255,369141747,2298324709,255,0.052831,0.006342,0.046489,56,44,0,0,16,1,1,1,1,1,0,0,0,1,1,0,Reconnaissance,1,3,Exploits
76011,0.226764,tcp,-,CON,6,2,978,86,30.869098,62,252,28752.35938,1516.995728,2,1,45.3528,0.031,2910.243228,0.0,255,1201793777,2846457328,255,0.204587,0.126378,0.078209,163,43,0,0,5,3,2,2,1,5,0,0,0,2,5,0,Normal,0,3,Exploits
29458,0.004905,udp,-,CON,4,4,568,304,1427.115228,31,29,694801.25,371865.4688,0,0,1.328,1.176,1.866055,1.653923,0,0,0,0,0.0,0.0,0.0,142,76,0,0,5,0,7,1,1,4,0,0,0,4,6,0,Normal,0,3,Exploits
16956,9e-06,udp,dns,INT,2,0,114,0,111111.1072,254,0,50666664.0,0.0,0,0,0.009,0.0,0.0,0.0,0,0,0,0,0.0,0.0,0.0,57,0,0,0,41,2,16,16,8,41,0,0,0,16,41,0,Generic,1,3,Exploits
81671,0.113634,tcp,-,CON,6,2,998,86,61.601283,62,252,58574.01953,3027.262939,2,1,22.7268,0.002,1496.415545,0.0,255,170426466,757154734,255,0.105513,0.081189,0.024324,166,43,0,0,6,3,4,4,1,6,0,0,0,4,6,0,Normal,0,3,Exploits
22462,5e-06,udp,dns,INT,2,0,114,0,200000.0051,254,0,91200000.0,0.0,0,0,0.005,0.0,0.0,0.0,0,0,0,0,0.0,0.0,0.0,57,0,0,0,31,2,25,25,25,31,0,0,0,25,31,0,Generic,1,3,Exploits
7724,3e-06,unas,-,INT,2,0,200,0,333333.3215,254,0,266666656.0,0.0,0,0,0.003,0.0,0.0,0.0,0,0,0,0,0.0,0.0,0.0,100,0,0,0,7,2,4,3,3,7,0,0,0,6,7,0,Exploits,1,3,Exploits
45599,0.187255,tcp,http,FIN,10,6,1554,268,80.104672,254,252,59768.76563,9569.837891,2,1,19.158556,36.237602,1025.58556,61.75568,255,2339661998,3641525306,255,0.065136,0.006056,0.05908,155,45,1,0,1,1,1,1,1,1,0,0,1,1,1,0,Exploits,1,9,Worms
53017,0.837683,tcp,-,FIN,10,8,756,354,20.294073,254,252,6503.65332,2960.547119,2,1,89.908444,107.162,4836.478944,207.159094,255,3348752434,3555055625,255,0.20698,0.087541,0.119439,76,44,0,0,4,1,2,1,1,1,0,0,0,2,7,0,Fuzzers,1,3,Exploits
38049,0.013951,tcp,-,FIN,34,36,2230,13288,4945.882077,31,29,1241488.125,7408214.5,7,11,0.413,0.366429,24.694859,23.990265,255,1205285269,1205628582,255,0.001248,0.001117,0.000131,66,369,0,0,13,0,4,1,1,2,0,0,0,5,5,0,Normal,0,3,Exploits
20577,8e-06,udp,dns,INT,2,0,114,0,125000.0003,254,0,57000000.0,0.0,0,0,0.008,0.0,0.0,0.0,0,0,0,0,0.0,0.0,0.0,57,0,0,0,44,2,33,33,19,44,0,0,0,33,44,0,Generic,1,3,Exploits
52320,1.305241,tcp,pop3,FIN,30,94,1416,102170,94.235472,62,252,8390.788086,619557.625,7,45,45.008309,13.859538,2152.939144,1194.995981,255,881447992,2617818081,255,0.053004,0.006762,0.046242,47,1087,0,0,1,1,1,1,1,1,0,0,0,1,1,0,Exploits,1,3,Exploits
77055,1.068025,tcp,-,FIN,14,12,846,678,23.407692,254,252,5887.502441,4659.066895,4,4,82.093231,90.145453,4316.716735,124.245555,255,2204576769,2484857757,255,0.127516,0.076424,0.051092,60,57,0,0,3,1,1,1,1,12,0,0,0,1,3,0,Normal,0,3,Exploits
61284,1.1e-05,cphb,-,INT,2,0,200,0,90909.0902,254,0,72727272.0,0.0,0,0,0.011,0.0,0.0,0.0,0,0,0,0,0.0,0.0,0.0,100,0,0,0,12,2,2,2,2,2,0,0,0,2,12,0,Backdoor,1,3,Exploits
65645,0.998219,tcp,-,FIN,14,10,774,556,23.041036,254,252,5762.262695,4015.150879,4,3,74.528541,107.843664,4445.191126,204.381563,255,1219792393,3545756831,255,0.070458,0.027615,0.042843,55,56,0,0,6,1,2,2,1,2,0,0,0,2,5,0,Fuzzers,1,3,Exploits
4017,8e-06,unas,-,INT,2,0,200,0,125000.0003,254,0,100000000.0,0.0,0,0,0.008,0.0,0.0,0.0,0,0,0,0,0.0,0.0,0.0,100,0,0,0,7,2,3,3,3,7,0,0,0,12,7,0,Exploits,1,3,Exploits
4220,2e-06,snp,-,INT,2,0,200,0,500000.0013,254,0,400000000.0,0.0,0,0,0.002,0.0,0.0,0.0,0,0,0,0,0.0,0.0,0.0,100,0,0,0,5,2,1,1,1,5,0,0,0,2,5,0,Exploits,1,3,Exploits
789,1.305125,tcp,-,FIN,10,6,546,268,11.493152,254,252,3015.802979,1373.048584,2,1,134.402778,249.65,7838.685514,335.855406,255,1467191071,1501019528,255,0.207137,0.05687,0.150267,55,45,0,0,3,1,2,2,1,3,0,0,0,2,3,0,Fuzzers,1,3,Exploits
63127,0.249677,tcp,-,FIN,10,6,1734,268,60.07762,254,252,50016.62109,7177.272949,2,1,27.741889,41.211602,1402.206404,66.432867,255,1920284929,2828726953,255,0.035656,0.015944,0.019712,173,45,0,0,1,1,1,1,1,1,0,0,0,1,1,0,Exploits,1,3,Exploits
45050,0.22383,tcp,http,FIN,10,6,1992,268,67.015146,254,252,64084.35156,8006.076172,2,1,22.727,40.092199,1166.745098,61.010578,255,2323444323,604267958,255,0.07136,0.023364,0.047996,199,45,1,0,3,1,1,1,1,1,0,0,1,1,2,0,Exploits,1,9,Worms
30804,0.052887,tcp,-,FIN,44,46,2766,24004,1682.833206,31,29,409023.0,3552177.25,7,16,1.222395,1.163533,72.84582,71.612979,255,260225198,268358485,255,0.000659,0.000524,0.000135,63,522,0,0,4,0,1,1,1,1,0,0,0,4,14,0,Normal,0,3,Exploits
8189,9e-06,unas,-,INT,2,0,200,0,111111.1072,254,0,88888888.0,0.0,0,0,0.009,0.0,0.0,0.0,0,0,0,0,0.0,0.0,0.0,100,0,0,0,6,2,3,3,3,6,0,0,0,11,6,0,Exploits,1,3,Exploits
30743,0.669861,tcp,ssh,FIN,100,102,14512,17238,300.062243,31,29,171581.8594,203851.2344,22,32,6.766273,6.625218,587.906573,581.639249,255,2047702040,2048016404,255,0.000718,0.00058,0.000138,145,169,0,0,2,0,1,1,1,1,0,0,0,4,1,0,Normal,0,3,Exploits
72130,0.260888,tcp,-,FIN,10,6,546,268,57.495935,254,252,15086.93359,6868.847656,2,1,30.267626,39.739602,1516.261201,56.252426,255,2199772700,1646426962,255,0.09379,0.062182,0.031608,55,45,0,0,10,1,2,2,1,9,0,0,0,2,10,0,Normal,0,3,Exploits
65393,4.284158,tcp,-,FIN,24,22,1276,1630,10.503814,62,252,2283.762451,2905.588379,7,9,186.267738,200.061141,11058.87146,360.217781,255,3479963367,2707699838,255,0.133288,0.082552,0.050736,53,74,0,0,5,1,2,1,1,1,0,0,0,6,3,0,Exploits,1,3,Exploits
4636,3e-06,etherip,-,INT,2,0,200,0,333333.3215,254,0,266666656.0,0.0,0,0,0.003,0.0,0.0,0.0,0,0,0,0,0.0,0.0,0.0,100,0,0,0,5,2,2,2,2,5,0,0,0,11,5,0,Reconnaissance,1,3,Exploits
68717,3.226104,tcp,-,FIN,10,8,534,354,5.269514,254,252,1192.77002,768.729065,2,1,358.456,444.631438,22961.87618,779.24975,255,2546406641,2387416206,255,0.135337,0.082148,0.053189,53,44,0,0,1,1,1,1,1,1,0,0,0,1,1,0,Normal,0,3,Exploits
53213,0.476312,tcp,-,FIN,10,6,1014,268,31.491962,254,252,15334.48633,3762.239746,2,1,51.060889,84.26,2601.273599,137.301813,255,1274805800,7837352,255,0.138378,0.05501,0.083368,101,45,0,0,9,1,2,4,1,2,0,0,0,4,5,0,Fuzzers,1,3,Exploits
21968,8e-06,udp,dns,INT,2,0,114,0,125000.0003,254,0,57000000.0,0.0,0,0,0.008,0.0,0.0,0.0,0,0,0,0,0.0,0.0,0.0,57,0,0,0,14,2,14,14,14,15,0,0,0,14,14,0,Generic,1,3,Exploits
52936,1.1e-05,unas,-,INT,2,0,200,0,111111.1072,254,0,88888888.0,0.0,0,0,0.009,0.0,0.0,0.0,0,0,0,0,0.0,0.0,0.0,100,0,0,0,11,2,4,3,3,4,0,0,0,8,11,0,Exploits,1,3,Exploits
18733,3e-06,udp,dns,INT,2,0,114,0,333333.3215,254,0,152000000.0,0.0,0,0,0.003,0.0,0.0,0.0,0,0,0,0,0.0,0.0,0.0,57,0,0,0,41,2,39,39,15,41,0,0,0,39,41,0,Generic,1,3,Exploits
48280,0.446646,tcp,-,FIN,10,8,1460,354,38.061462,254,252,23535.41797,5552.495605,2,1,48.366111,56.234855,3388.028676,107.469508,255,2641294641,2862827920,255,0.102938,0.052999,0.049939,146,44,0,0,9,1,2,2,1,2,0,0,0,2,9,0,Fuzzers,1,3,Exploits
64480,0.386238,tcp,-,FIN,10,14,1190,11762,59.548774,62,252,22183.21289,226223.2031,2,5,42.915333,27.301309,2917.495009,0.0,255,3955699718,2016053449,255,0.073808,0.025789,0.048019,119,840,0,0,1,1,1,1,1,1,0,0,0,1,1,0,Generic,1,3,Exploits
41609,9e-06,udp,-,INT,2,0,104,0,111111.1072,254,0,46222220.0,0.0,0,0,0.009,0.0,0.0,0.0,0,0,0,0,0.0,0.0,0.0,52,0,0,0,3,2,1,1,1,3,0,0,0,1,4,0,Normal,0,3,Exploits
79596,0.223585,tcp,-,FIN,10,6,484,268,67.088581,254,252,15600.33106,8014.849121,2,1,23.048111,39.166801,1201.848195,55.665668,255,898696466,1423378679,255,0.061587,0.027742,0.033845,48,45,0,0,10,1,3,3,1,10,0,0,0,3,10,0,Normal,0,3,Exploits
16818,3e-06,udp,dns,INT,2,0,114,0,333333.3215,254,0,152000000.0,0.0,0,0,0.003,0.0,0.0,0.0,0,0,0,0,0.0,0.0,0.0,57,0,0,0,22,2,20,20,20,22,0,0,0,20,22,0,Generic,1,3,Exploits
77157,0.094569,udp,-,INT,4,0,178,0,31.72287,254,0,11335.63867,0.0,0,0,31.523,0.0,44.568941,0.0,0,0,0,0,0.0,0.0,0.0,45,0,0,0,2,2,2,2,2,2,0,0,0,3,2,0,Normal,0,3,Exploits
45878,1.1e-05,udp,-,INT,2,0,168,0,90909.0902,254,0,61090908.0,0.0,0,0,0.011,0.0,0.0,0.0,0,0,0,0,0.0,0.0,0.0,84,0,0,0,2,2,1,1,1,1,0,0,0,1,1,0,Reconnaissance,1,3,Exploits
80400,4e-06,tcp,-,REQ,2,0,90,0,250000.0006,254,0,90000000.0,0.0,1,0,0.004,0.0,0.0,0.0,255,0,0,0,0.0,0.0,0.0,45,0,0,0,7,6,23,1,1,7,0,0,0,3,8,0,Normal,0,3,Exploits
18491,8e-06,udp,dns,INT,2,0,114,0,125000.0003,254,0,57000000.0,0.0,0,0,0.008,0.0,0.0,0.0,0,0,0,0,0.0,0.0,0.0,57,0,0,0,40,2,40,40,24,40,0,0,0,41,40,0,Generic,1,3,Exploits
31660,0.093923,tcp,-,FIN,22,14,1470,1728,372.645668,31,29,119587.3203,136707.7188,5,4,4.472524,7.167615,409.598206,15.056304,255,3580779231,3581091764,255,0.00075,0.000609,0.000141,67,123,0,0,6,0,7,1,1,1,0,0,0,1,10,0,Normal,0,3,Exploits
33036,0.021639,tcp,smtp,FIN,52,40,37232,3276,4205.369813,31,29,13500069.0,1181200.625,18,8,0.417157,0.540641,22.819826,1.006582,255,4121175008,1972644497,255,0.000704,0.000546,0.000158,716,82,0,0,2,0,3,1,1,1,0,0,0,7,1,0,Normal,0,3,Exploits
20945,5e-06,udp,dns,INT,2,0,114,0,200000.0051,254,0,91200000.0,0.0,0,0,0.005,0.0,0.0,0.0,0,0,0,0,0.0,0.0,0.0,57,0,0,0,37,2,9,8,8,38,0,0,0,9,37,0,Generic,1,3,Exploits
69839,0.799419,tcp,-,CON,6,2,1012,86,8.756359,62,252,8446.133789,430.312531,2,1,159.8838,0.008,10094.72048,0.0,255,3892527302,63099041,255,0.708014,0.280498,0.427516,169,43,0,0,7,3,1,1,1,4,0,0,0,3,4,0,Normal,0,3,Exploits
46460,0.264058,tcp,-,FIN,10,6,1612,268,56.805703,254,252,43960.03906,6786.388184,2,1,28.389333,44.556801,1411.596006,66.100273,255,2891655937,299642756,255,0.081409,0.041269,0.04014,161,45,0,0,10,1,3,3,1,3,0,0,0,3,9,0,Fuzzers,1,3,Exploits
51975,0.367193,tcp,http,FIN,10,6,1214,268,40.85045,254,252,23813.08984,4880.26709,2,1,37.461667,61.904602,1824.705281,83.823602,255,2637678635,544944914,255,0.103717,0.05766,0.046057,121,45,0,0,2,1,1,2,1,1,0,0,0,2,1,0,Exploits,1,9,Worms
12703,9e-06,udp,dns,INT,2,0,114,0,111111.1072,254,0,50666664.0,0.0,0,0,0.009,0.0,0.0,0.0,0,0,0,0,0.0,0.0,0.0,57,0,0,0,8,2,8,8,8,8,0,0,0,8,8,0,Generic,1,3,Exploits
1386,0.921987,ospf,-,INT,20,0,1280,0,20.607666,254,0,10551.125,0.0,0,0,48.525633,0.0,52.253805,0.0,0,0,0,0,0.0,0.0,0.0,64,0,0,0,1,2,1,1,1,2,0,0,0,1,1,0,Exploits,1,3,Exploits
6725,0.321456,tcp,http,FIN,10,6,864,268,46.662687,254,252,19361.9043,5574.635742,2,1,30.521,55.917602,1526.712556,75.298586,255,913194572,2715828620,255,0.097989,0.04186,0.056129,86,45,1,0,1,1,1,1,1,1,0,0,1,1,2,0,Reconnaissance,1,9,Worms
25117,1.133873,tcp,ftp,FIN,52,54,2934,3742,92.602965,31,29,20305.625,25914.71875,11,15,22.226137,21.38432,1704.350597,57.618281,255,1798390194,1799346461,255,0.000624,0.000501,0.000123,56,69,0,0,1,0,4,1,1,2,1,1,0,4,1,0,Normal,0,3,Exploits
22648,9e-06,udp,dns,INT,2,0,114,0,111111.1072,254,0,50666664.0,0.0,0,0,0.009,0.0,0.0,0.0,0,0,0,0,0.0,0.0,0.0,57,0,0,0,43,2,43,43,25,43,0,0,0,43,43,0,Generic,1,3,Exploits
28076,0.059613,tcp,ftp-data,FIN,14,8,8928,424,352.272152,31,29,1112643.25,49787.79688,4,1,4.585615,8.423571,498.063195,20.232168,255,1097643500,3944442733,255,0.000638,0.000504,0.000134,638,53,0,0,2,0,4,1,1,3,0,0,0,5,2,0,Normal,0,3,Exploits
25666,0.001112,udp,dns,CON,2,2,130,162,2697.841802,31,29,467625.9063,582733.8125,0,0,0.013,0.011,0.0,0.0,0,0,0,0,0.0,0.0,0.0,65,81,0,0,4,0,3,1,1,1,0,0,0,3,2,0,Normal,0,3,Exploits
12089,7e-06,udp,dns,INT,2,0,114,0,142857.1409,254,0,65142856.0,0.0,0,0,0.007,0.0,0.0,0.0,0,0,0,0,0.0,0.0,0.0,57,0,0,0,26,2,20,20,20,26,0,0,0,20,26,0,Generic,1,3,Exploits
56757,4e-06,udp,dns,INT,2,0,114,0,250000.0006,254,0,114000000.0,0.0,0,0,0.004,0.0,0.0,0.0,0,0,0,0,0.0,0.0,0.0,57,0,0,0,7,2,4,4,4,4,0,0,0,4,7,0,Generic,1,3,Exploits
479,0.192322,tcp,-,FIN,12,6,5098,268,88.393423,254,252,194423.9375,9317.707031,3,1,16.351728,36.284398,966.663892,63.554484,255,831472909,494833922,255,0.058036,0.010891,0.047145,425,45,0,0,1,1,1,1,1,1,0,0,0,1,1,0,Exploits,1,3,Exploits
76041,0.141146,tcp,-,CON,6,2,978,86,49.594036,62,252,46193.30078,2437.192627,2,1,28.2292,0.008,1598.595265,0.0,255,790445731,3987972400,255,0.108127,0.070561,0.037566,163,43,0,0,9,3,6,6,1,9,0,0,0,6,9,0,Normal,0,3,Exploits
43890,0.51547,tcp,-,FIN,14,8,8860,354,40.739517,254,252,127697.0469,4811.143066,4,1,39.651539,62.571285,2942.109684,112.49475,255,2420702993,1422405766,255,0.078622,0.045352,0.03327,633,44,0,0,2,1,2,1,1,2,0,0,0,2,2,0,Generic,1,3,Exploits
81592,0.12965,tcp,-,CON,6,2,998,86,53.991517,62,252,51338.21875,2653.297363,2,1,25.93,0.003,1649.918361,0.0,255,2324990237,714671845,255,0.115863,0.085641,0.030222,166,43,0,0,5,3,2,2,1,5,0,0,0,2,5,0,Normal,0,3,Exploits
54017,4e-06,unas,-,INT,2,0,200,0,250000.0006,254,0,200000000.0,0.0,0,0,0.004,0.0,0.0,0.0,0,0,0,0,0.0,0.0,0.0,100,0,0,0,15,2,6,6,6,6,0,0,0,11,15,0,Exploits,1,3,Exploits
50444,1.1e-05,udp,dns,INT,2,0,114,0,90909.0902,254,0,41454544.0,0.0,0,0,0.011,0.0,0.0,0.0,0,0,0,0,0.0,0.0,0.0,57,0,0,0,13,2,7,7,3,7,0,0,0,7,13,0,Generic,1,3,Exploits
63938,4e-06,unas,-,INT,2,0,200,0,250000.0006,254,0,200000000.0,0.0,0,0,0.004,0.0,0.0,0.0,0,0,0,0,0.0,0.0,0.0,100,0,0,0,10,2,3,2,2,2,0,0,0,5,10,0,Fuzzers,1,3,Exploits
26870,0.001073,udp,dns,CON,2,2,146,178,2795.899292,31,29,544268.375,663560.125,0,0,0.01,0.008,0.0,0.0,0,0,0,0,0.0,0.0,0.0,73,89,0,0,4,0,3,1,1,2,0,0,0,2,6,0,Normal,0,3,Exploits
78526,0.438598,tcp,-,FIN,10,6,2322,268,34.199882,254,252,38121.46875,4085.74585,2,1,48.662889,68.761797,2403.017801,97.52782,255,4217553382,2245845215,255,0.155144,0.094787,0.060357,232,45,0,0,9,1,3,2,1,3,0,0,0,4,4,0,Normal,0,3,Exploits
31279,0.01641,tcp,-,FIN,6,3,320,2756,487.507599,31,30,130164.5313,896038.9375,1,0,1.5956,0.1455,112.531918,6.372545,255,2082276150,2082574944,255,0.0,0.0,0.0,53,919,0,0,2,0,1,1,1,1,0,0,0,1,4,0,Normal,0,3,Exploits
53098,3e-06,udp,dns,INT,2,0,114,0,333333.3215,254,0,152000000.0,0.0,0,0,0.003,0.0,0.0,0.0,0,0,0,0,0.0,0.0,0.0,57,0,0,0,12,2,3,3,3,3,0,0,0,3,12,0,Generic,1,3,Exploits
46462,7e-06,udp,-,INT,2,0,104,0,142857.1409,254,0,59428572.0,0.0,0,0,0.007,0.0,0.0,0.0,0,0,0,0,0.0,0.0,0.0,52,0,0,0,2,2,3,2,2,3,0,0,0,3,2,0,Fuzzers,1,3,Exploits
78789,2.049728,tcp,-,FIN,16,14,2208,728,14.148219,254,252,8079.121094,2638.398926,5,3,136.610201,151.392078,7562.926924,222.740297,255,2207185365,3205016176,255,0.160216,0.08163,0.078586,138,52,0,0,2,1,1,1,1,2,0,0,0,1,2,0,Normal,0,3,Exploits
20357,9e-06,udp,dns,INT,2,0,114,0,111111.1072,254,0,50666664.0,0.0,0,0,0.009,0.0,0.0,0.0,0,0,0,0,0.0,0.0,0.0,57,0,0,0,30,2,25,25,25,30,0,0,0,25,30,0,Generic,1,3,Exploits
23495,0.000975,udp,-,CON,2,2,130,162,3076.92316,31,29,533333.375,664615.375,0,0,0.002,0.007,0.0,0.0,0,0,0,0,0.0,0.0,0.0,65,81,0,0,10,0,2,1,1,2,0,0,0,4,10,0,Normal,0,3,Exploits
24383,0.301222,udp,-,CON,4,4,536,304,23.238675,31,29,10676.51074,6055.334473,0,0,95.337,7.686667,134.821922,10.856446,0,0,0,0,0.0,0.0,0.0,134,76,0,0,16,0,4,1,1,2,0,0,0,3,10,0,Normal,0,3,Exploits
58010,1.1e-05,udp,dns,INT,2,0,114,0,90909.0902,254,0,41454544.0,0.0,0,0,0.011,0.0,0.0,0.0,0,0,0,0,0.0,0.0,0.0,57,0,0,0,18,2,4,4,4,4,0,0,0,5,18,0,Generic,1,3,Exploits
24766,0.816873,tcp,-,FIN,122,126,7816,15876,302.372579,31,29,75918.77344,154246.7344,30,32,6.747835,6.528432,438.980237,435.583898,255,4178220354,4179270438,255,0.000946,0.000815,0.000131,64,126,0,0,3,0,1,1,1,1,0,0,0,5,4,0,Normal,0,3,Exploits
43102,1.1e-05,udp,-,INT,2,0,1066,0,90909.0902,254,0,387636352.0,0.0,0,0,0.011,0.0,0.0,0.0,0,0,0,0,0.0,0.0,0.0,533,0,0,0,31,2,13,13,1,31,0,0,0,13,31,0,Normal,0,3,Exploits
27292,0.040877,tcp,-,FIN,72,74,4238,63878,3547.227091,31,29,818063.9375,12332608.0,7,30,0.571268,0.551836,34.286115,33.286999,255,923584789,923897916,255,0.00072,0.000583,0.000137,59,863,0,0,9,0,2,1,1,1,0,0,0,5,5,0,Normal,0,3,Exploits
30070,0.249145,udp,-,CON,4,4,568,304,28.096088,31,29,13678.78125,7321.038086,0,0,77.986,35.936,110.274008,50.807035,0,0,0,0,0.0,0.0,0.0,142,76,0,0,9,0,5,1,1,2,0,0,0,3,18,0,Normal,0,3,Exploits
24881,0.224119,tcp,ftp-data,FIN,14,6,8928,320,84.776394,31,29,295949.9375,9530.651367,4,1,17.239923,44.691199,1574.490217,67.397312,255,513360032,739507919,255,0.000675,0.000526,0.000149,638,53,0,0,2,0,3,1,1,2,0,0,0,4,5,0,Normal,0,3,Exploits
58789,1e-05,udp,dns,INT,2,0,114,0,100000.0025,254,0,45600000.0,0.0,0,0,0.01,0.0,0.0,0.0,0,0,0,0,0.0,0.0,0.0,57,0,0,0,12,2,3,3,3,3,0,0,0,3,12,0,Generic,1,3,Exploits
32249,0.001061,udp,dns,CON,2,2,146,178,2827.521083,31,29,550424.125,671065.0,0,0,0.001,0.01,0.0,0.0,0,0,0,0,0.0,0.0,0.0,73,89,0,0,5,0,4,1,1,1,0,0,0,1,1,0,Normal,0,3,Exploits
82289,0.0,arp,-,INT,1,0,46,0,0.0,0,0,0.0,0.0,0,0,60000.76,0.0,0.0,0.0,0,0,0,0,0.0,0.0,0.0,46,0,0,0,1,2,1,1,1,1,0,0,0,1,1,1,Normal,0,3,Exploits
4469,9e-06,unas,-,INT,2,0,200,0,111111.1072,254,0,88888888.0,0.0,0,0,0.009,0.0,0.0,0.0,0,0,0,0,0.0,0.0,0.0,100,0,0,0,6,2,3,3,3,6,0,0,0,11,6,0,DoS,1,3,Exploits
36734,0.000911,udp,dns,CON,2,2,146,178,3293.084486,31,29,641053.75,781558.6875,0,0,0.008,0.003,0.0,0.0,0,0,0,0,0.0,0.0,0.0,73,89,0,0,2,0,3,2,1,1,0,0,0,3,2,0,Normal,0,3,Exploits
59554,1.1e-05,udp,dns,INT,2,0,114,0,90909.0902,254,0,41454544.0,0.0,0,0,0.011,0.0,0.0,0.0,0,0,0,0,0.0,0.0,0.0,57,0,0,0,7,2,3,3,3,3,0,0,0,9,7,0,Generic,1,3,Exploits
53838,1.1e-05,udp,dns,INT,2,0,114,0,90909.0902,254,0,41454544.0,0.0,0,0,0.011,0.0,0.0,0.0,0,0,0,0,0.0,0.0,0.0,57,0,0,0,11,2,7,7,4,7,0,0,0,11,11,0,Generic,1,3,Exploits
3715,0.198056,tcp,http,FIN,10,8,1042,1074,85.834311,62,252,37888.27344,37969.05859,2,2,22.006222,24.625428,1141.510512,39.016512,255,3865324480,1551580817,255,0.039962,0.025029,0.014933,104,134,1,109,1,1,1,1,1,1,0,0,1,1,1,0,DoS,1,3,Exploits
3588,1.244202,ospf,-,INT,28,0,3024,0,21.700656,254,0,18749.36719,0.0,0,0,46.081555,0.0,57.727293,0.0,0,0,0,0,0.0,0.0,0.0,108,0,0,0,1,2,1,1,1,1,0,0,0,1,1,0,Exploits,1,3,Exploits
50724,2e-06,udp,dns,INT,2,0,114,0,500000.0013,254,0,228000000.0,0.0,0,0,0.002,0.0,0.0,0.0,0,0,0,0,0.0,0.0,0.0,57,0,0,0,10,2,3,3,3,3,0,0,0,3,10,0,Generic,1,3,Exploits
45195,1.1e-05,udp,-,INT,2,0,168,0,90909.0902,254,0,61090908.0,0.0,0,0,0.011,0.0,0.0,0.0,0,0,0,0,0.0,0.0,0.0,84,0,0,0,1,2,1,1,1,1,0,0,0,1,1,0,Reconnaissance,1,3,Exploits
37510,0.001104,udp,dns,CON,2,2,132,164,2717.391244,31,29,478260.8438,594202.875,0,0,0.01,0.001,0.0,0.0,0,0,0,0,0.0,0.0,0.0,66,82,0,0,4,0,4,2,1,2,0,0,0,10,5,0,Normal,0,3,Exploits
44245,1.509044,tcp,http,FIN,20,78,1210,96840,64.279104,62,252,6096.574707,506805.625,2,37,79.423365,17.49739,4126.732627,2115.758944,255,3494910597,1558075599,255,0.260206,0.161113,0.099093,61,1242,1,46592,2,1,1,1,1,1,0,0,1,2,1,0,Exploits,1,3,Exploits
44583,1.023026,tcp,smtp,FIN,88,30,94052,2108,114.366596,62,252,727129.125,15937.03418,41,8,11.75892,35.054172,990.987667,41.220633,255,2142056177,2094607672,255,0.051605,0.005807,0.045798,1069,70,0,0,2,1,1,1,1,1,0,0,0,1,1,0,Exploits,1,3,Exploits
19314,9e-06,udp,dns,INT,2,0,114,0,111111.1072,254,0,50666664.0,0.0,0,0,0.009,0.0,0.0,0.0,0,0,0,0,0.0,0.0,0.0,57,0,0,0,35,2,25,25,25,35,0,0,0,25,35,0,Generic,1,3,Exploits
52503,2.267825,tcp,pop3,FIN,26,62,1192,59224,38.36275,62,252,4046.167725,205550.2656,7,29,90.713,35.860835,4935.047821,3059.662256,255,2562475171,3406270623,255,0.155217,0.079565,0.075652,46,955,0,0,2,1,6,2,1,6,0,0,0,7,2,0,Exploits,1,3,Exploits
45209,0.557169,tcp,ftp-data,FIN,8,10,364,3754,30.511388,62,252,4580.297852,48516.69531,1,3,79.595571,55.877778,5166.633979,4495.14766,255,762166554,3042779733,255,0.09435,0.035944,0.058406,46,375,0,0,1,1,2,1,1,2,0,0,0,2,1,0,Exploits,1,3,Exploits
57775,4e-06,udp,dns,INT,2,0,114,0,250000.0006,254,0,114000000.0,0.0,0,0,0.004,0.0,0.0,0.0,0,0,0,0,0.0,0.0,0.0,57,0,0,0,6,2,2,2,2,2,0,0,0,2,6,0,Generic,1,3,Exploits
68406,0.772861,tcp,http,FIN,10,10,864,1212,24.583981,62,252,8053.194336,11293.10449,2,2,85.782333,78.651555,5567.610364,108.037555,255,4022513260,1012556791,255,0.118115,0.064991,0.053124,86,121,1,141,4,1,2,2,1,4,0,0,1,3,4,0,Normal,0,3,Exploits
35035,0.001036,udp,dns,CON,2,2,146,178,2895.752973,31,29,563706.5625,687258.6875,0,0,0.002,0.002,0.0,0.0,0,0,0,0,0.0,0.0,0.0,73,89,0,0,5,0,3,3,1,1,0,0,0,4,2,0,Normal,0,3,Exploits
40216,0.022899,tcp,-,FIN,46,48,2854,30622,4061.312726,31,29,975413.75,10475567.0,7,17,0.500889,0.475681,36.679065,32.527697,255,4224862702,2094685896,255,0.000778,0.000537,0.000241,62,638,0,0,5,0,4,1,1,1,0,0,0,2,3,0,Normal,0,3,Exploits
52069,1.1e-05,udp,dns,INT,2,0,114,0,90909.0902,254,0,41454544.0,0.0,0,0,0.011,0.0,0.0,0.0,0,0,0,0,0.0,0.0,0.0,57,0,0,0,10,2,9,7,4,8,0,0,0,8,10,0,Generic,1,3,Exploits
70221,2.392186,tcp,-,FIN,10,8,534,354,7.106471,254,252,1608.570679,1036.70874,2,1,265.676556,335.456844,16135.24396,521.000375,255,1504242839,992176560,255,0.14716,0.043987,0.103173,53,44,0,0,4,1,2,1,1,2,0,0,0,2,3,0,Normal,0,3,Exploits
63460,1.1e-05,udp,dns,INT,2,0,114,0,90909.0902,254,0,41454544.0,0.0,0,0,0.011,0.0,0.0,0.0,0,0,0,0,0.0,0.0,0.0,57,0,0,0,7,2,4,4,4,4,0,0,0,4,7,0,Generic,1,3,Exploits
80940,0.692061,tcp,http,FIN,10,8,820,1098,24.564308,62,252,8531.040039,11108.84766,2,2,76.895667,84.115141,3928.38988,148.760828,255,498902493,1091683906,255,0.146559,0.079758,0.066801,82,137,1,141,5,1,1,1,1,5,0,0,1,1,5,0,Normal,0,3,Exploits
44982,1.203239,tcp,-,FIN,12,10,3022,846,17.452892,254,252,18423.60547,5066.325195,3,2,102.71082,120.578109,5506.589783,206.273313,255,2513116417,3199423499,255,0.230168,0.118028,0.11214,252,85,0,0,9,1,1,2,1,1,0,0,0,2,5,0,Fuzzers,1,3,Exploits
44492,3.612881,tcp,ftp,FIN,24,22,1244,1658,12.455434,62,252,2641.65918,3505.23584,7,9,157.081779,167.353241,8332.121776,10246.7409,255,379309341,2637866499,255,0.267194,0.09759,0.169604,52,75,0,0,1,1,2,1,1,2,0,0,0,4,1,0,Exploits,1,3,Exploits
14431,9e-06,udp,dns,INT,2,0,114,0,111111.1072,254,0,50666664.0,0.0,0,0,0.009,0.0,0.0,0.0,0,0,0,0,0.0,0.0,0.0,57,0,0,0,29,2,25,25,25,29,0,0,0,25,29,0,Generic,1,3,Exploits
11924,0.413119,tcp,http,FIN,10,6,940,268,36.309152,254,252,16382.68945,4337.733398,2,1,40.434556,64.624801,2256.064613,93.371727,255,1582474505,3227861852,255,0.17551,0.089987,0.085523,94,45,1,0,1,1,1,1,1,1,0,0,1,1,1,0,Reconnaissance,1,9,Worms
7330,2e-06,cphb,-,INT,2,0,200,0,500000.0013,254,0,400000000.0,0.0,0,0,0.002,0.0,0.0,0.0,0,0,0,0,0.0,0.0,0.0,100,0,0,0,6,2,2,2,2,7,0,0,0,2,6,0,Fuzzers,1,3,Exploits
38731,0.001089,udp,dns,CON,2,2,146,178,2754.820869,31,29,536271.8125,653810.8125,0,0,0.011,0.009,0.0,0.0,0,0,0,0,0.0,0.0,0.0,73,89,0,0,4,0,5,1,1,1,0,0,0,7,6,0,Normal,0,3,Exploits
60643,44.16214,tcp,http,FIN,20,16,1220,708,0.792534,254,252,209.953598,120.284027,6,1,2323.462737,2939.593,308751.3118,10591.118,255,2471914418,3165818776,255,0.138588,0.068242,0.070346,61,44,0,0,3,1,3,2,2,2,0,0,0,2,3,0,Fuzzers,1,3,Exploits
50007,1.095938,tcp,ftp,FIN,64,20,68216,1026,75.734214,254,252,490181.0313,7117.190918,29,4,17.381857,55.617262,1577.004295,68.50207,255,292331771,216920422,255,0.093467,0.039199,0.054268,1066,51,0,0,2,1,1,1,1,1,0,0,0,2,2,0,Fuzzers,1,3,Exploits
18574,1e-05,udp,dns,INT,2,0,114,0,100000.0025,254,0,45600000.0,0.0,0,0,0.01,0.0,0.0,0.0,0,0,0,0,0.0,0.0,0.0,57,0,0,0,29,2,18,18,18,29,0,0,0,18,29,0,Generic,1,3,Exploits
72402,3e-06,udp,-,INT,2,0,78,0,333333.3215,254,0,104000000.0,0.0,0,0,0.003,0.0,0.0,0.0,0,0,0,0,0.0,0.0,0.0,39,0,0,0,5,2,2,2,1,5,0,0,0,2,5,0,Normal,0,3,Exploits
38019,0.001049,udp,dns,CON,2,2,146,178,2859.866662,31,29,556720.6875,678741.6875,0,0,0.005,0.009,0.0,0.0,0,0,0,0,0.0,0.0,0.0,73,89,0,0,4,0,5,3,1,2,0,0,0,5,5,0,Normal,0,3,Exploits
58300,1.1e-05,udp,dns,INT,2,0,114,0,90909.0902,254,0,41454544.0,0.0,0,0,0.011,0.0,0.0,0.0,0,0,0,0,0.0,0.0,0.0,57,0,0,0,17,2,7,7,4,7,0,0,0,7,17,0,Generic,1,3,Exploits
8195,9e-06,unas,-,INT,2,0,200,0,111111.1072,254,0,88888888.0,0.0,0,0,0.009,0.0,0.0,0.0,0,0,0,0,0.0,0.0,0.0,100,0,0,0,6,2,3,3,3,6,0,0,0,11,6,0,Exploits,1,3,Exploits
37778,0.001039,udp,dns,CON,2,2,146,178,2887.391736,31,29,562078.9375,685274.3125,0,0,0.011,0.008,0.0,0.0,0,0,0,0,0.0,0.0,0.0,73,89,0,0,3,0,6,1,1,1,0,0,0,1,3,0,Normal,0,3,Exploits
68363,0.832346,tcp,http,FIN,10,8,856,1102,20.424198,62,252,7410.379395,9274.988281,2,2,92.482889,91.32957,4933.978227,135.126266,255,414371015,3252010285,255,0.23236,0.158846,0.073514,86,138,1,180,4,1,1,1,1,4,0,0,4,1,4,0,Normal,0,3,Exploits
50595,2.230532,tcp,-,FIN,16,20,865,1598,15.691324,62,252,5448.027832,2908.723145,4,8,140.076869,117.39642,7537.014665,5686.632868,255,2450096919,821991239,255,0.0,0.0,0.0,54,80,0,0,5,1,2,1,1,2,0,0,0,3,2,0,Exploits,1,3,Exploits
7781,8e-06,unas,-,INT,2,0,200,0,125000.0003,254,0,100000000.0,0.0,0,0,0.008,0.0,0.0,0.0,0,0,0,0,0.0,0.0,0.0,100,0,0,0,7,2,2,2,2,7,0,0,0,5,7,0,DoS,1,3,Exploits
68030,0.605868,tcp,-,FIN,10,6,738,268,24.757869,254,252,8780.791016,2957.73999,2,1,62.397889,113.049203,3415.476187,167.940797,255,736807362,3486939893,255,0.095004,0.040613,0.054391,74,45,0,0,7,1,1,1,1,6,0,0,0,1,6,0,Normal,0,3,Exploits
12482,9e-06,udp,dns,INT,2,0,114,0,111111.1072,254,0,50666664.0,0.0,0,0,0.009,0.0,0.0,0.0,0,0,0,0,0.0,0.0,0.0,57,0,0,0,28,2,23,23,23,28,0,0,0,23,28,0,Generic,1,3,Exploits
70782,2.812814,tcp,-,FIN,10,10,608,646,6.754801,254,252,1558.581543,1655.28186,2,3,312.534889,301.981,24723.61911,722.24225,255,2286288282,2674536746,255,0.216177,0.067627,0.14855,61,65,0,0,2,1,2,1,1,1,0,0,0,2,3,0,Normal,0,3,Exploits
25547,3.561756,tcp,ftp,FIN,46,48,2610,3238,26.110717,31,29,5736.496582,7122.32959,10,13,79.143356,75.770018,5295.408384,5567.162517,255,455940869,482113929,255,0.000695,0.000562,0.000133,57,67,0,0,1,0,7,1,1,2,0,0,0,2,2,0,Normal,0,3,Exploits
12230,7e-06,udp,-,INT,2,0,168,0,142857.1409,254,0,96000000.0,0.0,0,0,0.007,0.0,0.0,0.0,0,0,0,0,0.0,0.0,0.0,84,0,0,0,1,2,2,1,1,1,0,0,0,4,2,0,Reconnaissance,1,3,Exploits
5736,0.234258,tcp,http,FIN,10,8,758,1820,72.569561,62,252,23324.71094,54401.55859,2,2,26.028667,31.507428,1393.043581,56.58525,255,3354614220,827230141,255,0.05456,0.007358,0.047202,76,228,1,513,2,1,1,1,1,1,0,0,1,1,1,0,Exploits,1,3,Exploits
34363,0.022926,tcp,-,FIN,60,62,3598,46036,5277.850273,31,29,1234929.75,15805286.0,7,24,0.383186,0.367475,20.746602,20.359047,255,3602839038,1453496429,255,0.000641,0.000507,0.000134,60,743,0,0,5,0,9,1,1,2,0,0,0,5,16,0,Normal,0,3,Exploits
2531,8e-06,unas,-,INT,2,0,200,0,125000.0003,254,0,100000000.0,0.0,0,0,0.008,0.0,0.0,0.0,0,0,0,0,0.0,0.0,0.0,100,0,0,0,9,2,4,4,4,9,0,0,0,13,9,0,Exploits,1,3,Exploits
71280,1.043102,tcp,-,FIN,10,6,588,268,14.380185,254,252,4064.798828,1717.952759,2,1,113.794111,168.384594,6728.032079,299.117563,255,503600177,2910699390,255,0.28388,0.20117,0.08271,59,45,0,0,3,1,2,2,1,3,0,0,0,2,3,0,Normal,0,3,Exploits
70580,1.129024,tcp,-,FIN,10,8,534,354,15.057253,254,252,3408.253418,2196.587402,2,1,125.447111,153.466578,7304.714273,258.907656,255,3455987665,2523986087,255,0.087688,0.054,0.033688,53,44,0,0,3,1,1,1,1,2,0,0,0,2,2,0,Normal,0,3,Exploits
65059,2e-06,udp,dns,INT,2,0,114,0,500000.0013,254,0,228000000.0,0.0,0,0,0.002,0.0,0.0,0.0,0,0,0,0,0.0,0.0,0.0,57,0,0,0,4,2,3,3,3,3,0,0,0,3,4,0,Generic,1,3,Exploits
52846,1e-05,udp,dns,INT,2,0,114,0,100000.0025,254,0,45600000.0,0.0,0,0,0.01,0.0,0.0,0.0,0,0,0,0,0.0,0.0,0.0,57,0,0,0,14,2,6,6,2,6,0,0,0,6,14,0,Generic,1,3,Exploits
21352,5e-06,udp,dns,INT,2,0,114,0,200000.0051,254,0,91200000.0,0.0,0,0,0.005,0.0,0.0,0.0,0,0,0,0,0.0,0.0,0.0,57,0,0,0,22,2,22,22,22,22,0,0,0,22,22,0,Generic,1,3,Exploits
36892,0.001052,udp,dns,CON,2,2,130,162,2851.711087,31,29,494296.5938,615969.625,0,0,0.007,0.009,0.0,0.0,0,0,0,0,0.0,0.0,0.0,65,81,0,0,4,0,2,1,1,2,0,0,0,3,3,0,Normal,0,3,Exploits
59817,9e-06,udp,dns,INT,2,0,114,0,111111.1072,254,0,50666664.0,0.0,0,0,0.009,0.0,0.0,0.0,0,0,0,0,0.0,0.0,0.0,57,0,0,0,7,2,3,3,3,3,0,0,0,3,7,0,Generic,1,3,Exploits
54093,9e-06,udp,dns,INT,2,0,114,0,111111.1072,254,0,50666664.0,0.0,0,0,0.009,0.0,0.0,0.0,0,0,0,0,0.0,0.0,0.0,57,0,0,0,7,2,3,3,3,3,0,0,0,4,7,0,Generic,1,3,Exploits
60055,3e-06,udp,dns,INT,2,0,114,0,333333.3215,254,0,152000000.0,0.0,0,0,0.003,0.0,0.0,0.0,0,0,0,0,0.0,0.0,0.0,57,0,0,0,18,2,7,7,4,7,0,0,0,7,18,0,Generic,1,3,Exploits
34749,0.05301,tcp,-,FIN,72,74,4238,63878,2735.332864,31,29,630824.375,9509903.0,7,30,0.742183,0.717164,49.682561,48.64871,255,2770975595,2771325138,255,0.000779,0.000646,0.000133,59,863,0,0,2,0,1,1,1,1,0,0,0,1,3,0,Normal,0,3,Exploits
70653,3e-06,udp,-,INT,2,0,104,0,333333.3215,254,0,138666656.0,0.0,0,0,0.003,0.0,0.0,0.0,0,0,0,0,0.0,0.0,0.0,52,0,0,0,4,2,1,1,1,4,0,0,0,1,5,0,Normal,0,3,Exploits
40401,5e-06,udp,-,INT,2,0,104,0,200000.0051,254,0,83200000.0,0.0,0,0,0.005,0.0,0.0,0.0,0,0,0,0,0.0,0.0,0.0,52,0,0,0,5,2,1,1,1,4,0,0,0,2,4,0,Normal,0,3,Exploits
5955,0.178147,tcp,-,FIN,10,6,512,268,84.200125,254,252,20702.00391,10059.1084,2,1,17.967778,34.138602,961.350912,57.512297,255,3572105704,1848592347,255,0.052153,0.007445,0.044708,51,45,0,0,1,1,1,1,1,1,0,0,0,1,1,0,Exploits,1,3,Exploits
61286,1.1e-05,udp,dns,INT,2,0,114,0,90909.0902,254,0,41454544.0,0.0,0,0,0.011,0.0,0.0,0.0,0,0,0,0,0.0,0.0,0.0,57,0,0,0,14,2,7,7,4,7,0,0,0,7,14,0,Generic,1,3,Exploits
52748,9e-06,udp,dns,INT,2,0,114,0,111111.1072,254,0,50666664.0,0.0,0,0,0.009,0.0,0.0,0.0,0,0,0,0,0.0,0.0,0.0,57,0,0,0,7,2,3,3,3,3,0,0,0,3,7,0,Generic,1,3,Exploits
52637,0.86748,tcp,-,FIN,10,10,608,646,21.902523,254,252,5053.71875,5367.270996,2,3,96.386667,87.909,5131.978967,127.153133,255,1507922111,2549611256,255,0.134233,0.076175,0.058058,61,65,0,0,3,1,1,1,1,1,0,0,0,1,3,0,Exploits,1,3,Exploits
79494,1.037721,tcp,-,FIN,10,8,546,354,16.382052,254,252,3792.926758,2389.852295,2,1,115.287333,134.492719,6541.501235,203.945734,255,3706131009,1790680908,255,0.162027,0.096263,0.065764,55,44,0,0,5,1,1,2,1,2,0,0,0,2,2,0,Normal,0,3,Exploits
33694,0.001016,udp,dns,CON,2,2,132,164,2952.755752,31,29,519685.0,645669.25,0,0,0.011,0.008,0.0,0.0,0,0,0,0,0.0,0.0,0.0,66,82,0,0,1,0,9,1,1,7,0,0,0,10,4,0,Normal,0,3,Exploits
67140,1.855927,tcp,-,FIN,10,8,906,354,9.159843,254,252,3517.379639,1336.259521,2,1,206.214111,247.800281,12162.50681,382.350531,255,4188037371,4107702589,255,0.229879,0.100658,0.129221,91,44,0,0,3,1,1,1,1,1,0,0,0,1,1,0,Normal,0,3,Exploits
39685,0.049485,tcp,-,CON,62,60,3702,49102,2445.185325,31,29,588946.125,7805840.0,7,25,0.81123,0.826983,0.0,55.769099,255,1275615223,3461366150,255,0.000626,0.000491,0.000135,60,818,0,0,9,0,2,1,1,1,0,0,0,5,5,0,Normal,0,3,Exploits
39472,0.003504,udp,-,CON,4,4,528,304,1997.716949,31,29,904109.625,520547.9688,0,0,0.796333,0.842667,1.122651,1.188175,0,0,0,0,0.0,0.0,0.0,132,76,0,0,5,0,5,1,1,3,0,0,0,4,6,0,Normal,0,3,Exploits
71090,0.655524,tcp,ftp,FIN,12,12,632,682,35.086434,254,252,7078.306641,7639.689453,3,4,59.593094,55.46091,2868.523747,61.602113,255,4186038155,3784052024,255,0.086544,0.04475,0.041794,53,57,0,0,2,1,1,1,1,2,0,0,0,1,2,0,Normal,0,3,Exploits
46350,0.371126,tcp,-,FIN,10,6,758,268,40.417541,254,252,14722.7627,4828.548828,2,1,39.255222,67.96,2628.723649,117.681797,255,2355546099,2284478306,255,0.061711,0.031322,0.030389,76,45,0,0,9,1,3,3,1,3,0,0,0,4,10,0,Fuzzers,1,3,Exploits
24448,0.118635,tcp,-,FIN,48,50,2974,33882,817.633927,31,29,196434.4375,2239136.75,7,18,2.571456,2.410041,147.131346,141.907203,255,2752367528,675644663,255,0.000691,0.000539,0.000152,62,678,0,0,5,0,7,1,1,1,0,0,0,1,12,0,Normal,0,3,Exploits
68336,0.556625,tcp,http,FIN,10,8,828,1116,30.541208,62,252,10721.76074,14041.76953,2,2,61.847222,72.051859,3394.822789,92.723922,255,1040391657,308113875,255,0.116859,0.051517,0.065342,83,140,1,136,4,1,1,1,1,4,0,0,1,1,4,0,Normal,0,3,Exploits
36083,0.001811,udp,-,CON,4,4,528,304,3865.267695,31,29,1749309.75,1007178.313,0,0,0.456333,0.239667,0.639696,0.32975,0,0,0,0,0.0,0.0,0.0,132,76,0,0,13,0,3,1,1,3,0,0,0,6,9,0,Normal,0,3,Exploits
15756,9e-06,udp,dns,INT,2,0,114,0,111111.1072,254,0,50666664.0,0.0,0,0,0.009,0.0,0.0,0.0,0,0,0,0,0.0,0.0,0.0,57,0,0,0,26,2,18,18,18,26,0,0,0,18,26,0,Generic,1,3,Exploits
65144,0.759027,tcp,-,FIN,10,6,1034,268,19.762143,254,252,9812.5625,2360.917236,2,1,84.262444,144.301406,4985.845024,248.730234,255,2539856436,3187464829,255,0.131223,0.037519,0.093704,103,45,0,0,8,1,2,1,1,2,0,0,0,3,5,0,Generic,1,3,Exploits
23128,8e-06,udp,dns,INT,2,0,114,0,125000.0003,254,0,57000000.0,0.0,0,0,0.008,0.0,0.0,0.0,0,0,0,0,0.0,0.0,0.0,57,0,0,0,43,2,43,43,25,43,0,0,0,43,43,0,Generic,1,3,Exploits
30322,1.018747,tcp,http,FIN,14,18,1684,10168,30.429538,31,29,12281.75391,75418.14063,3,5,78.310305,59.897235,8766.787827,7685.864233,255,689762107,2836802406,255,0.001665,0.000491,0.001174,120,565,1,3924,2,0,3,1,1,1,0,0,1,4,2,0,Normal,0,3,Exploits
72494,1e-06,udp,-,INT,2,0,104,0,1000000.003,254,0,416000000.0,0.0,0,0,0.001,0.0,0.0,0.0,0,0,0,0,0.0,0.0,0.0,52,0,0,0,14,2,2,4,1,8,0,0,0,4,8,0,Normal,0,3,Exploits
41364,0.296941,tcp,-,CON,6,2,998,86,23.573706,62,252,22415.22656,1158.479248,2,1,59.3882,0.002,3796.468005,0.0,255,109029114,186723488,255,0.266785,0.081322,0.185463,166,43,0,0,3,3,2,2,1,3,0,0,0,2,3,0,Normal,0,3,Exploits
61208,8e-06,udp,-,INT,2,0,168,0,125000.0003,254,0,84000000.0,0.0,0,0,0.008,0.0,0.0,0.0,0,0,0,0,0.0,0.0,0.0,84,0,0,0,8,2,1,1,1,1,0,0,0,2,1,0,Reconnaissance,1,3,Exploits
16270,1e-06,udp,dns,INT,2,0,114,0,1000000.003,254,0,456000000.0,0.0,0,0,0.001,0.0,0.0,0.0,0,0,0,0,0.0,0.0,0.0,57,0,0,0,21,2,14,14,8,21,0,0,0,14,21,0,Generic,1,3,Exploits
33208,1.047085,tcp,http,FIN,14,18,1684,10168,29.606,31,29,11949.36328,73377.03906,3,5,80.515844,61.561528,8991.906062,7875.4195,255,2954137665,2959436656,255,0.000678,0.000532,0.000146,120,565,1,0,1,0,2,1,1,1,0,0,1,2,2,0,Normal,0,3,Exploits
10951,1.622119,tcp,http,FIN,10,14,820,7536,14.178985,62,252,3639.683838,34512.88281,2,4,180.226,120.738612,12654.26327,8789.462678,255,3584472669,1119774385,255,0.125723,0.052509,0.073214,82,538,1,3232,2,1,1,1,1,1,0,0,1,4,1,0,Exploits,1,3,Exploits
15693,8e-06,udp,dns,INT,2,0,114,0,125000.0003,254,0,57000000.0,0.0,0,0,0.008,0.0,0.0,0.0,0,0,0,0,0.0,0.0,0.0,57,0,0,0,26,2,17,16,9,27,0,0,0,17,26,0,Generic,1,3,Exploits
27025,0.009859,tcp,-,FIN,36,38,2334,16290,7404.401819,31,29,1841971.75,12871082.0,7,12,0.272486,0.249784,15.673401,14.600173,255,4091987694,4092313802,255,0.000761,0.000607,0.000154,65,429,0,0,3,0,2,1,1,1,0,0,0,2,5,0,Normal,0,3,Exploits
5041,0.694578,tcp,ftp-data,FIN,8,12,364,8656,27.354739,62,252,3674.17334,91393.625,1,4,99.225429,60.696091,6968.416357,5846.164863,255,1421091415,1463782199,255,0.090383,0.026299,0.064084,46,721,0,0,1,1,1,1,1,1,0,0,0,1,1,0,Exploits,1,3,Exploits
33754,0.004156,tcp,http,FIN,8,10,1044,824,4090.471626,31,29,1759384.0,1428296.5,2,2,0.539143,0.406556,35.14933,0.735328,255,256626845,257624129,255,0.000624,0.00049,0.000134,131,82,1,83,6,0,2,1,1,1,0,0,1,11,2,0,Normal,0,3,Exploits
30681,0.00105,udp,dns,CON,2,2,146,178,2857.142959,31,29,556190.5,678095.25,0,0,0.001,0.011,0.0,0.0,0,0,0,0,0.0,0.0,0.0,73,89,0,0,3,0,3,2,2,2,0,0,0,3,3,0,Normal,0,3,Exploits
61818,1.2e-05,udp,-,INT,2,0,716,0,83333.33039,254,0,238666656.0,0.0,0,0,0.012,0.0,0.0,0.0,0,0,0,0,0.0,0.0,0.0,358,0,0,0,5,2,1,1,1,1,0,0,0,2,3,0,Fuzzers,1,3,Exploits
60424,3.4e-05,udp,-,INT,2,0,168,0,29411.76419,254,0,19764706.0,0.0,0,0,0.034,0.0,0.0,0.0,0,0,0,0,0.0,0.0,0.0,84,0,0,0,2,2,2,1,1,1,0,0,0,1,3,0,Reconnaissance,1,3,Exploits
51915,1.080662,tcp,http,FIN,12,12,1342,6832,21.28325,62,252,9112.932617,46364.17188,3,4,98.242003,91.025635,5077.388075,5720.326676,255,543750325,3895636693,255,0.174649,0.078857,0.095792,112,569,0,0,2,1,2,2,1,2,0,0,0,3,1,0,Exploits,1,3,Exploits
62368,1.1e-05,udp,dns,INT,2,0,114,0,90909.0902,254,0,41454544.0,0.0,0,0,0.011,0.0,0.0,0.0,0,0,0,0,0.0,0.0,0.0,57,0,0,0,11,2,5,4,4,4,0,0,0,4,11,0,Generic,1,3,Exploits
30719,1.13833,tcp,http,FIN,14,18,1684,10168,27.232877,31,29,10991.54004,67495.36719,3,5,87.535459,66.925059,9443.349873,8270.881034,255,3777284899,3778787176,255,0.000733,0.000593,0.00014,120,565,1,3924,2,0,2,1,1,1,0,0,1,1,3,0,Normal,0,3,Exploits
12801,9e-06,udp,dns,INT,2,0,114,0,111111.1072,254,0,50666664.0,0.0,0,0,0.009,0.0,0.0,0.0,0,0,0,0,0.0,0.0,0.0,57,0,0,0,30,2,30,30,14,30,0,0,0,30,30,0,Generic,1,3,Exploits
43378,0.180342,tcp,-,FIN,10,6,1612,268,83.175299,254,252,64366.58984,9936.675781,2,1,18.797667,31.794,981.331403,51.869176,255,2635969512,2540100436,255,0.05595,0.021364,0.034586,161,45,0,0,11,1,5,5,1,11,0,0,0,5,11,0,Normal,0,3,Exploits
9009,1.448074,tcp,smtp,FIN,80,28,82791,2212,73.891252,62,252,451673.0625,11783.92871,37,8,18.565051,52.346109,1618.79534,63.183477,255,421537698,1879739733,255,0.092446,0.033864,0.058582,1035,79,0,0,1,1,1,1,1,1,0,0,0,9,1,0,Exploits,1,3,Exploits
74517,4e-06,udp,-,INT,2,0,1614,0,250000.0006,254,0,1614000000.0,0.0,0,0,0.004,0.0,0.0,0.0,0,0,0,0,0.0,0.0,0.0,807,0,0,0,6,2,3,2,1,6,0,0,0,4,6,0,Normal,0,9,Worms
69086,0.894038,tcp,http,FIN,10,8,862,1292,19.014851,62,252,6943.776367,10120.375,2,2,99.239667,115.36243,5623.647441,210.78925,255,1313467208,796680981,255,0.217731,0.086498,0.131233,86,162,1,225,3,1,1,1,1,3,0,0,1,1,3,0,Normal,0,3,Exploits
43441,9e-06,udp,-,INT,2,0,78,0,111111.1072,254,0,34666664.0,0.0,0,0,0.009,0.0,0.0,0.0,0,0,0,0,0.0,0.0,0.0,39,0,0,0,26,2,9,9,1,25,0,0,0,10,25,0,Normal,0,3,Exploits
17191,3.3e-05,udp,dns,INT,2,0,114,0,30303.03007,254,0,13818182.0,0.0,0,0,0.033,0.0,0.0,0.0,0,0,0,0,0.0,0.0,0.0,57,0,0,0,31,2,24,24,24,31,0,0,0,24,31,0,Generic,1,3,Exploits
16672,8e-06,udp,dns,INT,2,0,114,0,125000.0003,254,0,57000000.0,0.0,0,0,0.008,0.0,0.0,0.0,0,0,0,0,0.0,0.0,0.0,57,0,0,0,15,2,15,15,15,15,0,0,0,16,15,0,Generic,1,3,Exploits
66341,9e-06,udp,-,INT,2,0,104,0,111111.1072,254,0,46222220.0,0.0,0,0,0.009,0.0,0.0,0.0,0,0,0,0,0.0,0.0,0.0,52,0,0,0,2,2,1,1,1,1,0,0,0,2,1,0,Normal,0,3,Exploits
58257,1.138088,tcp,-,FIN,12,6,3696,268,14.937334,254,252,23815.38281,1574.570679,3,1,103.382906,199.140797,6261.950097,345.190875,255,322108022,422176904,255,0.272491,0.142374,0.130117,308,45,0,0,2,1,1,1,1,1,0,0,0,1,1,0,Exploits,1,3,Exploits
58303,0.838648,tcp,-,FIN,10,14,868,10546,27.425093,62,252,7459.625488,93417.02344,2,5,93.183111,58.326002,5005.017981,5467.675692,255,2525356205,2977357090,255,0.113375,0.079711,0.033664,87,753,0,0,8,1,1,2,1,1,0,0,0,2,1,0,Exploits,1,3,Exploits
60249,1e-05,udp,dns,INT,2,0,114,0,100000.0025,254,0,45600000.0,0.0,0,0,0.01,0.0,0.0,0.0,0,0,0,0,0.0,0.0,0.0,57,0,0,0,18,2,4,4,4,4,0,0,0,4,18,0,Generic,1,3,Exploits
6492,0.395779,tcp,-,FIN,10,6,1862,268,37.899938,254,252,33877.49219,4527.779297,2,1,38.445,69.504602,1893.135952,87.70075,255,2122428452,3743165169,255,0.088338,0.048251,0.040087,186,45,0,0,1,1,1,1,1,1,0,0,0,1,1,0,Shellcode,1,3,Exploits
66356,0.754019,tcp,http,FIN,10,8,826,1076,22.54585,62,252,7893.700195,9994.442383,2,2,83.779889,98.59343,4841.65917,132.876766,255,1963974702,3810442477,255,0.143044,0.063121,0.079923,83,135,1,136,3,1,2,1,1,3,0,0,1,1,3,0,Normal,0,3,Exploits
60098,9e-06,udp,dns,INT,2,0,114,0,111111.1072,254,0,50666664.0,0.0,0,0,0.009,0.0,0.0,0.0,0,0,0,0,0.0,0.0,0.0,57,0,0,0,7,2,4,4,4,4,0,0,0,5,7,0,Generic,1,3,Exploits
80147,1.2e-05,udp,-,INT,2,0,2036,0,83333.33039,254,0,678666624.0,0.0,0,0,0.012,0.0,0.0,0.0,0,0,0,0,0.0,0.0,0.0,1018,0,0,0,3,2,4,2,1,8,0,0,0,5,3,0,Normal,0,9,Worms
33670,0.029498,tcp,smtp,FIN,52,40,37268,3276,3084.954944,31,29,9913079.0,866499.4375,18,8,0.571333,0.743769,34.345884,1.605693,255,2881436331,2878218707,255,0.000589,0.000487,0.000102,717,82,0,0,1,0,2,1,1,1,0,0,0,4,1,0,Normal,0,3,Exploits
40027,0.020948,tcp,-,FIN,48,50,2958,32368,4630.513597,31,29,1106358.625,12114187.0,7,18,0.43883,0.41602,0.0,26.872776,255,1239467045,1239726499,255,0.000705,0.00056,0.000145,62,647,0,0,4,0,3,1,1,1,0,0,0,3,6,0,Normal,0,3,Exploits
30075,0.544577,tcp,ssh,FIN,70,60,12472,12716,236.881101,31,29,180602.5625,183702.2188,17,17,7.89242,9.217305,575.632709,617.106072,255,2535747879,386469201,255,0.000843,0.000607,0.000236,178,212,0,0,1,0,4,1,1,1,0,0,0,3,1,0,Normal,0,3,Exploits
81122,0.573217,tcp,http,FIN,10,8,814,1248,29.657182,62,252,10229.9834,15240.30273,2,2,63.690778,59.270145,3302.556673,97.266563,255,3264854310,600617148,255,0.212485,0.13747,0.075015,81,156,1,217,3,1,1,1,1,3,0,0,1,2,3,0,Normal,0,3,Exploits
38276,0.050128,tcp,-,FIN,64,66,3806,52014,2573.411977,31,29,597989.125,8175231.0,7,26,0.790143,0.751523,50.514192,48.763524,255,497810394,2676384289,255,0.001379,0.001275,0.000104,59,788,0,0,7,0,4,1,1,2,0,0,0,9,9,0,Normal,0,3,Exploits
30711,0.13176,tcp,-,FIN,90,164,5592,192828,1920.157846,31,29,335762.0,11636490.0,10,71,1.47636,0.805362,85.358167,48.705387,255,550680198,2703840419,255,0.000614,0.000482,0.000132,62,1176,0,0,8,0,8,6,1,6,0,0,0,12,17,0,Normal,0,3,Exploits
75662,3.5e-05,udp,-,INT,2,0,1206,0,28571.42781,254,0,137828560.0,0.0,0,0,0.035,0.0,0.0,0.0,0,0,0,0,0.0,0.0,0.0,603,0,0,0,2,2,1,1,1,2,0,0,0,2,2,0,Normal,0,9,Worms
25456,0.011269,tcp,-,FIN,36,38,2334,16290,6477.948148,31,29,1611500.5,11260626.0,7,12,0.311743,0.286784,21.596943,20.334096,255,2221660588,72430170,255,0.000803,0.000648,0.000155,65,429,0,0,10,0,7,1,1,1,0,0,0,5,3,0,Normal,0,3,Exploits
56804,1.1e-05,udp,dns,INT,2,0,114,0,90909.0902,254,0,41454544.0,0.0,0,0,0.011,0.0,0.0,0.0,0,0,0,0,0.0,0.0,0.0,57,0,0,0,12,2,4,4,4,4,0,0,0,5,12,0,Generic,1,3,Exploits
980,0.240818,tcp,ftp-data,FIN,8,18,364,16744,103.812841,254,252,10597.21484,525342.8125,1,7,34.40257,13.321412,2304.959332,1320.013626,255,2758146903,2901687447,255,0.024292,0.013741,0.010551,46,930,0,0,1,1,2,1,1,2,0,0,0,2,1,0,DoS,1,3,Exploits
65016,1.033445,tcp,-,FIN,72,26,72664,1922,93.860825,62,252,554688.4375,14313.29199,33,8,14.555564,41.018801,1154.229003,45.147758,255,2169563637,1467591866,255,0.052794,0.007283,0.045511,1009,74,0,0,3,1,1,1,1,1,0,0,0,1,2,0,Exploits,1,3,Exploits
52744,4e-06,udp,dns,INT,2,0,114,0,250000.0006,254,0,114000000.0,0.0,0,0,0.004,0.0,0.0,0.0,0,0,0,0,0.0,0.0,0.0,57,0,0,0,14,2,4,4,4,4,0,0,0,4,14,0,Generic,1,3,Exploits
65992,6.948473,tcp,-,REQ,4,0,180,0,0.43175,254,0,155.42984,0.0,3,0,2316.15775,0.0,3275.5325,0.0,255,0,0,0,0.0,0.0,0.0,45,0,0,0,37,6,32,2,2,35,0,0,0,33,35,0,Normal,0,3,Exploits
39371,0.000987,udp,dns,CON,2,2,130,162,3039.513836,31,29,526849.0625,656535.0,0,0,0.008,0.006,0.0,0.0,0,0,0,0,0.0,0.0,0.0,65,81,0,0,3,0,2,1,1,1,0,0,0,2,1,0,Normal,0,3,Exploits
74422,1.372961,tcp,http,FIN,10,10,812,1328,13.838703,62,252,4259.407227,6968.879395,2,2,152.551222,143.251,9820.879188,350.316125,255,241589323,2822730597,255,0.101468,0.083058,0.01841,81,133,1,219,1,1,1,1,1,1,0,0,1,1,1,0,Normal,0,3,Exploits
81764,0.135165,tcp,-,CON,6,2,998,86,51.788552,62,252,49243.51563,2545.037354,2,1,27.033,0.006,1736.060938,0.0,255,4127308731,2405166671,255,0.12207,0.061239,0.060831,166,43,0,0,11,3,6,6,1,11,0,0,0,6,11,0,Normal,0,3,Exploits
20331,8e-06,udp,dns,INT,2,0,114,0,125000.0003,254,0,57000000.0,0.0,0,0,0.008,0.0,0.0,0.0,0,0,0,0,0.0,0.0,0.0,57,0,0,0,38,2,16,16,16,38,0,0,0,16,38,0,Generic,1,3,Exploits
46418,2.674214,tcp,-,FIN,10,8,620,354,6.357008,254,252,1669.275635,927.375305,2,1,294.866889,368.980281,21972.90846,613.625875,255,1229272315,4259824000,255,0.182308,0.091351,0.090957,62,44,0,0,4,1,2,1,1,1,0,0,0,3,1,0,Backdoor,1,3,Exploits
55556,4e-06,ipv6-frag,-,INT,2,0,200,0,111111.1072,254,0,88888888.0,0.0,0,0,0.009,0.0,0.0,0.0,0,0,0,0,0.0,0.0,0.0,100,0,0,0,23,2,8,8,8,8,0,0,0,8,18,0,Exploits,1,3,Exploits
55975,0.501215,tcp,http,FIN,10,6,860,268,29.927278,254,252,12353.98047,3575.312012,2,1,52.974,81.538797,2899.335347,127.545508,255,3968951098,3182170181,255,0.166363,0.093517,0.072846,86,45,0,0,2,1,1,1,1,1,0,0,0,2,1,0,Exploits,1,9,Worms
80054,0.836989,tcp,http,FIN,10,8,832,1072,20.3109,62,252,7158.995117,8965.470703,2,2,92.888111,108.702859,5070.443339,177.935047,255,1766421294,3964020279,255,0.116655,0.07606,0.040595,83,134,1,128,2,1,1,1,1,2,0,0,1,1,2,0,Normal,0,3,Exploits
6063,0.531047,tcp,http,FIN,14,38,1000,45298,96.0367,62,252,13994.99512,664438.375,2,17,40.773847,14.088919,2235.161347,1533.852176,255,3850441925,3800973833,255,0.057151,0.009736,0.047415,71,1192,1,21629,1,1,1,1,1,1,0,0,1,1,1,0,Exploits,1,3,Exploits
38545,1.050096,tcp,http,FIN,14,18,1684,10168,29.521109,31,29,11915.10059,73166.64063,3,5,80.749536,61.742882,8772.986847,7682.76684,255,3042144442,898243474,255,0.000616,0.000464,0.000152,120,565,1,3924,1,0,4,1,1,2,0,0,1,3,1,0,Normal,0,3,Exploits
13974,6e-06,udp,dns,INT,2,0,114,0,166666.6608,254,0,76000000.0,0.0,0,0,0.006,0.0,0.0,0.0,0,0,0,0,0.0,0.0,0.0,57,0,0,0,34,2,15,15,15,34,0,0,0,16,34,0,Generic,1,3,Exploits
54695,4e-06,idpr,-,INT,2,0,200,0,250000.0006,254,0,200000000.0,0.0,0,0,0.004,0.0,0.0,0.0,0,0,0,0,0.0,0.0,0.0,100,0,0,0,22,2,4,4,4,4,0,0,0,6,17,0,Exploits,1,3,Exploits
15445,8e-06,udp,dns,INT,2,0,114,0,125000.0003,254,0,57000000.0,0.0,0,0,0.008,0.0,0.0,0.0,0,0,0,0,0.0,0.0,0.0,57,0,0,0,25,2,25,25,25,28,0,0,0,27,25,0,Generic,1,3,Exploits
31398,1.079132,tcp,http,FIN,14,18,1684,10168,28.726793,31,29,11594.50391,71197.96875,3,5,82.970075,63.449,8785.605487,7695.168972,255,3485606860,3486626965,255,0.000625,0.000492,0.000133,120,565,1,3924,3,0,2,1,1,1,0,0,1,3,3,0,Normal,0,3,Exploits
38960,0.001048,udp,dns,CON,2,2,130,162,2862.595564,31,29,496183.2188,618320.625,0,0,0.011,0.008,0.0,0.0,0,0,0,0,0.0,0.0,0.0,65,81,0,0,3,0,4,1,1,1,0,0,0,1,6,0,Normal,0,3,Exploits
29187,0.012945,tcp,-,FIN,44,46,2766,24004,6875.241362,31,29,1671069.875,14512476.0,7,16,0.291884,0.277356,0.0,15.291763,255,1250416461,1256093213,255,0.000583,0.00046,0.000123,63,522,0,0,4,0,3,1,1,1,0,0,0,4,5,0,Normal,0,3,Exploits
31883,2.883394,tcp,-,FIN,150,148,12352,27312,103.003613,31,29,34043.21484,75266.85938,39,45,19.349328,19.610986,1472.715849,1485.706314,255,870936525,3016619219,255,0.000714,0.000568,0.000146,82,185,0,0,6,0,3,1,1,3,0,0,0,5,3,0,Normal,0,3,Exploits
39262,0.000973,udp,dns,CON,2,2,130,162,3083.247635,31,29,534429.5625,665981.5,0,0,0.011,0.021,0.0,0.0,0,0,0,0,0.0,0.0,0.0,65,81,0,0,2,0,3,1,1,1,0,0,0,5,3,0,Normal,0,3,Exploits
63643,1.1e-05,udp,dns,INT,2,0,114,0,90909.0902,254,0,41454544.0,0.0,0,0,0.011,0.0,0.0,0.0,0,0,0,0,0.0,0.0,0.0,57,0,0,0,16,2,4,4,4,4,0,0,0,4,16,0,Generic,1,3,Exploits
43140,10.178288,udp,-,INT,4,0,2128,0,0.294745,254,0,1254.434814,0.0,0,0,3392.76275,0.0,4798.084,0.0,0,0,0,0,0.0,0.0,0.0,532,0,0,0,32,2,10,10,1,32,0,0,0,10,32,0,Normal,0,3,Exploits
22600,9e-06,udp,dns,INT,2,0,114,0,111111.1072,254,0,50666664.0,0.0,0,0,0.009,0.0,0.0,0.0,0,0,0,0,0.0,0.0,0.0,57,0,0,0,31,2,25,25,25,31,0,0,0,28,31,0,Generic,1,3,Exploits
19708,9e-06,udp,dns,INT,2,0,114,0,111111.1072,254,0,50666664.0,0.0,0,0,0.009,0.0,0.0,0.0,0,0,0,0,0.0,0.0,0.0,57,0,0,0,36,2,18,18,18,36,0,0,0,18,36,0,Generic,1,3,Exploits
51816,34.679878,ospf,-,INT,42,0,18480,0,1.182242,254,0,4161.490723,0.0,0,0,845.85075,0.0,969.603875,0.0,0,0,0,0,0.0,0.0,0.0,440,0,0,0,2,2,2,2,2,2,0,0,0,2,2,0,Backdoor,1,3,Exploits
37619,0.006131,tcp,-,FIN,18,18,4216,2456,5708.693631,31,29,5195890.0,3027238.75,7,7,0.341176,0.327529,17.279415,0.403463,255,625550900,629116115,255,0.000691,0.000559,0.000132,234,136,0,0,5,0,4,1,1,3,0,0,0,4,6,0,Normal,0,3,Exploits
75711,0.657473,tcp,http,FIN,60,14,68199,612,111.031171,254,252,816009.125,6923.478027,27,1,10.846848,51.35,1155.219026,66.722898,255,3835355355,3945170234,255,0.063855,0.041263,0.022592,1137,44,1,0,1,1,1,1,1,1,0,0,1,1,1,0,Normal,0,3,Exploits
1367,1.218422,tcp,-,FIN,12,10,3030,842,17.235407,254,252,18239.98438,4976.928711,3,2,105.689729,128.020219,6004.576564,223.702328,255,637361862,2696051786,255,0.171705,0.066239,0.105466,253,84,0,0,3,1,2,2,2,3,0,0,0,3,3,0,Fuzzers,1,3,Exploits
49388,0.743744,tcp,-,FIN,10,8,564,354,22.857327,254,252,5464.245605,3334.480713,2,1,79.654667,98.759,5756.124797,134.466734,255,896470739,1611156183,255,0.09927,0.052425,0.046845,56,44,0,0,1,1,1,1,1,1,0,0,0,1,1,0,Reconnaissance,1,3,Exploits
62861,1.004808,tcp,-,FIN,10,8,564,354,16.918656,254,252,4044.553955,2468.133301,2,1,109.810111,134.715422,6684.28494,207.298406,255,1592776592,1781647461,255,0.105645,0.061793,0.043852,56,44,0,0,1,1,1,1,1,1,0,0,0,1,1,0,Reconnaissance,1,3,Exploits
56802,2e-06,udp,dns,INT,2,0,114,0,500000.0013,254,0,228000000.0,0.0,0,0,0.002,0.0,0.0,0.0,0,0,0,0,0.0,0.0,0.0,57,0,0,0,9,2,7,7,3,7,0,0,0,12,9,0,Generic,1,3,Exploits
20407,8e-06,udp,dns,INT,2,0,114,0,125000.0003,254,0,57000000.0,0.0,0,0,0.008,0.0,0.0,0.0,0,0,0,0,0.0,0.0,0.0,57,0,0,0,26,2,8,8,8,26,0,0,0,8,26,0,Generic,1,3,Exploits
42657,0.661764,tcp,-,FIN,10,8,534,354,25.688915,254,252,5814.761719,3747.559326,2,1,69.339333,85.072,4668.439744,128.40682,255,2284549108,2275970642,255,0.119861,0.066259,0.053602,53,44,0,0,2,1,2,1,1,2,0,0,0,2,2,0,Normal,0,3,Exploits
24753,0.003901,tcp,ftp-data,FIN,6,8,320,1930,3332.478935,31,29,547551.9375,3463727.25,1,2,0.7202,0.486143,42.44113,0.880654,255,4266228832,4270110923,255,0.000655,0.000493,0.000162,53,241,0,0,3,0,5,1,1,5,0,0,0,7,6,0,Normal,0,3,Exploits
39152,0.170991,tcp,-,FIN,42,34,3022,17186,438.619567,31,29,138065.75,780438.75,8,11,4.274775,5.159394,598.740523,20.255963,255,2246859392,97595274,255,0.000732,0.000591,0.000141,72,505,0,0,5,0,2,1,1,1,0,0,0,2,5,0,Normal,0,3,Exploits
76115,0.082171,tcp,-,CON,6,2,978,86,85.188205,62,252,79346.72656,4186.391602,2,1,16.4342,0.003,962.609102,0.0,255,2434400470,2342994424,255,0.066173,0.037067,0.029106,163,43,0,0,9,3,2,2,1,9,0,0,0,2,9,0,Normal,0,3,Exploits
64334,6e-06,udp,dns,INT,2,0,114,0,166666.6608,254,0,76000000.0,0.0,0,0,0.006,0.0,0.0,0.0,0,0,0,0,0.0,0.0,0.0,57,0,0,0,13,2,7,7,3,7,0,0,0,7,13,0,Generic,1,3,Exploits
12473,9e-06,udp,dns,INT,2,0,114,0,111111.1072,254,0,50666664.0,0.0,0,0,0.009,0.0,0.0,0.0,0,0,0,0,0.0,0.0,0.0,57,0,0,0,18,2,18,18,18,19,0,0,0,18,18,0,Generic,1,3,Exploits
26488,0.226412,tcp,-,FIN,94,164,5800,192828,1135.098855,31,29,202780.7656,6771832.0,10,71,2.431193,1.386117,123.308377,80.529888,255,999701709,3152887478,255,0.000631,0.000471,0.00016,62,1176,0,0,4,0,5,2,1,2,0,0,0,2,8,0,Normal,0,3,Exploits
1732,0.860687,tcp,-,FIN,12,8,992,716,22.075388,254,252,8458.359375,5827.902344,3,2,74.362366,107.949859,3747.29076,144.87725,255,2449718802,2488416045,255,0.201758,0.105034,0.096724,83,90,0,0,7,1,2,2,2,3,0,0,0,4,3,0,Fuzzers,1,3,Exploits
30097,0.001021,udp,dns,CON,2,2,146,178,2938.295862,31,29,571988.25,697355.5625,0,0,0.011,0.009,0.0,0.0,0,0,0,0,0.0,0.0,0.0,73,89,0,0,4,0,3,1,1,2,0,0,0,3,3,0,Normal,0,3,Exploits
9773,1.553394,tcp,smtp,FIN,36,20,26968,1322,35.406343,62,252,135028.2031,6468.416992,14,6,44.382687,77.713734,3705.211366,128.261078,255,2106332731,1462579204,255,0.077869,0.066374,0.011495,749,66,0,0,1,1,1,1,1,1,0,0,0,1,1,0,DoS,1,3,Exploits
81940,1.201891,tcp,-,CON,6,2,998,86,5.824156,62,252,5537.939941,286.215637,2,1,240.3782,0.004,12879.83623,0.0,255,607564690,4135820760,255,0.369088,0.18753,0.181558,166,43,0,0,2,3,1,1,1,2,0,0,0,1,2,0,Normal,0,3,Exploits
54491,2.978684,tcp,http,FIN,14,4,2576,182,5.707218,254,252,6424.313477,367.947723,7,1,229.129534,127.646664,18227.88043,180.514703,255,1171474855,4006664612,255,0.141872,0.083683,0.058189,184,46,0,0,1,1,4,1,1,2,0,0,0,3,1,0,Exploits,1,3,Exploits
36147,0.155218,tcp,-,FIN,84,86,4862,77276,1088.791212,31,29,247651.6875,3936553.5,7,36,1.864735,1.819435,95.640625,94.574848,255,162445786,2335659765,255,0.000698,0.000563,0.000135,58,899,0,0,7,0,2,1,1,1,0,0,0,2,10,0,Normal,0,3,Exploits
68449,0.749628,tcp,http,FIN,10,8,858,1204,22.677915,62,252,8249.424805,11248.24609,2,2,83.292,93.77,4385.64449,164.681312,255,3991090386,3025753251,255,0.125541,0.066521,0.05902,86,151,1,181,2,1,1,1,1,2,0,0,1,2,2,0,Normal,0,3,Exploits
37351,0.00122,udp,dns,CON,2,2,146,178,2459.016441,31,29,478688.5313,583606.5625,0,0,0.011,0.011,0.0,0.0,0,0,0,0,0.0,0.0,0.0,73,89,0,0,5,0,2,3,1,1,0,0,0,9,2,0,Normal,0,3,Exploits
46674,0.212334,tcp,http,FIN,10,6,994,268,70.643418,254,252,33720.45703,8439.533203,2,1,21.764556,40.558199,1158.344966,68.036078,255,1630895362,1762614206,255,0.066538,0.009533,0.057005,99,45,1,0,2,1,1,1,1,1,0,0,1,1,1,0,Reconnaissance,1,9,Worms
63069,0.195852,tcp,-,FIN,10,6,762,268,76.588446,254,252,28021.16016,9149.766602,2,1,20.038222,37.397602,1062.710117,62.369953,255,2635758529,4263740517,255,0.055225,0.008857,0.046368,76,45,0,0,1,1,1,1,1,1,0,0,0,1,1,0,Reconnaissance,1,3,Exploits
63284,0.560498,tcp,-,FIN,14,8,774,470,37.466681,254,252,10262.30273,5880.484863,4,3,41.971231,74.546141,2094.379985,90.451719,255,3964061682,3208476135,255,0.095918,0.038674,0.057244,55,59,0,0,5,1,1,1,1,1,0,0,0,3,4,0,Fuzzers,1,3,Exploits
17774,0.860103,tcp,smtp,FIN,38,22,31148,1954,68.596435,254,252,282096.4375,17356.06055,16,8,23.246026,39.281617,1566.229697,50.678625,255,2294885529,2490636951,255,0.066217,0.013393,0.052824,820,89,0,0,1,1,1,1,1,1,0,0,0,27,1,0,Generic,1,3,Exploits
27497,0.0046,udp,-,CON,4,4,568,304,1521.739097,31,29,740869.5625,396521.7188,0,0,1.206333,1.033667,1.67849,1.450512,0,0,0,0,0.0,0.0,0.0,142,76,0,0,9,0,3,1,1,2,0,0,0,4,13,0,Normal,0,3,Exploits
78540,8e-06,udp,-,INT,2,0,1064,0,125000.0003,254,0,532000000.0,0.0,0,0,0.008,0.0,0.0,0.0,0,0,0,0,0.0,0.0,0.0,532,0,0,0,5,2,3,1,1,4,0,0,0,1,9,0,Normal,0,3,Exploits
43904,1.616316,tcp,-,FIN,10,8,512,354,10.517746,254,252,2281.732178,1534.353516,2,1,175.315333,220.371281,11149.76165,305.045344,255,3011577467,8046366,255,0.182226,0.073713,0.108513,51,44,0,0,4,1,1,1,1,1,0,0,0,2,1,0,Fuzzers,1,3,Exploits
82176,0.52215,tcp,-,FIN,10,6,534,268,28.727378,254,252,7369.530273,3431.964111,2,1,54.334667,92.483203,2783.588544,145.497281,255,2890661089,1130039488,255,0.157317,0.059727,0.09759,53,45,0,0,3,1,1,1,1,3,0,0,0,1,3,0,Normal,0,3,Exploits
34620,0.017957,tcp,-,FIN,46,48,2854,30622,5179.038797,31,29,1243860.375,13358579.0,7,17,0.390533,0.370936,0.0,22.677069,255,4138467530,4144771915,255,0.000658,0.00052,0.000138,62,638,0,0,5,0,5,1,1,1,0,0,0,3,8,0,Normal,0,3,Exploits
69774,0.433365,tcp,-,CON,6,2,1012,86,16.152666,62,252,15580.40039,793.788147,2,1,86.673,0.009,4593.551566,0.0,255,1142423764,3658302401,255,0.292976,0.188699,0.104277,169,43,0,0,5,3,1,1,1,5,0,0,0,2,5,0,Normal,0,3,Exploits
52052,8e-06,udp,dns,INT,2,0,114,0,125000.0003,254,0,57000000.0,0.0,0,0,0.008,0.0,0.0,0.0,0,0,0,0,0.0,0.0,0.0,57,0,0,0,8,2,4,4,4,4,0,0,0,4,8,0,Generic,1,3,Exploits
40419,0.696873,tcp,http,FIN,10,8,822,1102,24.394689,62,252,8495.091797,11078.05859,2,2,77.430333,83.136141,3956.148236,137.485703,255,2272337917,150044563,255,0.176698,0.114285,0.062413,82,138,1,159,3,1,3,3,2,3,0,0,4,3,4,0,Normal,0,3,Exploits
19918,8e-06,udp,dns,INT,2,0,114,0,125000.0003,254,0,57000000.0,0.0,0,0,0.008,0.0,0.0,0.0,0,0,0,0,0.0,0.0,0.0,57,0,0,0,58,2,43,43,18,58,0,0,0,43,58,0,Generic,1,3,Exploits
66411,0.521871,tcp,http,FIN,10,8,798,1224,32.575102,62,252,11021.88184,16417.85156,2,2,57.985667,56.504,3122.036805,80.016109,255,1294802281,1310708839,255,0.1496,0.082356,0.067244,80,153,1,210,4,1,1,1,1,4,0,0,1,1,4,0,Normal,0,3,Exploits
77606,5e-06,udp,-,INT,2,0,1064,0,200000.0051,254,0,851200000.0,0.0,0,0,0.005,0.0,0.0,0.0,0,0,0,0,0.0,0.0,0.0,532,0,0,0,29,2,16,16,1,29,0,0,0,16,29,0,Normal,0,3,Exploits
49026,1e-05,sprite-rpc,-,INT,2,0,200,0,100000.0025,254,0,80000000.0,0.0,0,0,0.01,0.0,0.0,0.0,0,0,0,0,0.0,0.0,0.0,100,0,0,0,15,2,2,2,2,2,0,0,0,7,12,0,Exploits,1,3,Exploits
49156,1.347181,tcp,-,FIN,12,12,678,642,17.072688,254,252,3497.674072,3693.638916,3,3,114.407547,120.719273,142.628594,197.736391,255,1372274092,1939264212,255,0.0,0.0,0.0,57,54,0,0,3,1,1,1,1,1,0,0,0,1,2,0,Fuzzers,1,3,Exploits
54272,8e-06,udp,dns,INT,2,0,114,0,125000.0003,254,0,57000000.0,0.0,0,0,0.008,0.0,0.0,0.0,0,0,0,0,0.0,0.0,0.0,57,0,0,0,7,2,3,3,3,3,0,0,0,3,7,0,Generic,1,3,Exploits
37771,0.000921,udp,dns,CON,2,2,130,162,3257.328891,31,29,564603.6875,703583.0625,0,0,0.003,0.008,0.0,0.0,0,0,0,0,0.0,0.0,0.0,65,81,0,0,5,0,2,2,1,1,0,0,0,3,4,0,Normal,0,3,Exploits
15491,9e-06,udp,dns,INT,2,0,114,0,111111.1072,254,0,50666664.0,0.0,0,0,0.009,0.0,0.0,0.0,0,0,0,0,0.0,0.0,0.0,57,0,0,0,50,2,7,7,4,50,0,0,0,7,50,0,Generic,1,3,Exploits
56709,4e-06,udp,dns,INT,2,0,114,0,250000.0006,254,0,114000000.0,0.0,0,0,0.004,0.0,0.0,0.0,0,0,0,0,0.0,0.0,0.0,57,0,0,0,14,2,8,7,3,7,0,0,0,7,14,0,Generic,1,3,Exploits
52140,8e-06,aris,-,INT,2,0,200,0,125000.0003,254,0,100000000.0,0.0,0,0,0.008,0.0,0.0,0.0,0,0,0,0,0.0,0.0,0.0,100,0,0,0,9,2,2,2,2,2,0,0,0,2,9,0,Backdoor,1,3,Exploits
21843,6e-06,udp,dns,INT,2,0,114,0,166666.6608,254,0,76000000.0,0.0,0,0,0.006,0.0,0.0,0.0,0,0,0,0,0.0,0.0,0.0,57,0,0,0,17,2,17,17,17,17,0,0,0,17,17,0,Generic,1,3,Exploits
38825,1.247211,tcp,-,FIN,24,20,2158,1918,34.476925,31,29,13271.21094,11693.29004,6,5,54.226565,65.599102,4367.100851,4803.438961,255,3442088137,3442408346,255,0.000804,0.000647,0.000157,90,96,0,0,6,0,4,1,1,1,0,0,0,1,6,0,Normal,0,3,Exploits
74673,0.390476,tcp,-,FIN,10,6,534,268,38.414654,254,252,9854.639648,4589.270508,2,1,41.55,64.37,2060.210772,96.368094,255,1002443289,543639788,255,0.108616,0.068617,0.039999,53,45,0,0,4,1,2,1,1,4,0,0,0,2,4,0,Normal,0,3,Exploits
44510,0.720992,tcp,http,FIN,10,6,1206,268,20.804668,254,252,12050.06348,2485.464355,2,1,75.802,118.714797,4004.97105,162.958469,255,1888471062,1983605202,255,0.191019,0.12741,0.063609,121,45,1,0,1,1,1,1,1,1,0,0,1,1,2,0,Exploits,1,9,Worms
35439,0.000976,udp,dns,CON,2,2,132,164,3073.770551,31,29,540983.625,672131.1875,0,0,0.001,0.006,0.0,0.0,0,0,0,0,0.0,0.0,0.0,66,82,0,0,4,0,7,2,1,3,0,0,0,5,5,0,Normal,0,3,Exploits
29882,1.00477,tcp,http,FIN,14,18,1684,10168,30.852831,31,29,12452.60059,76467.25,3,5,77.263,59.072824,8765.084221,7674.191164,255,1253391890,3404048001,255,0.00068,0.000525,0.000155,120,565,1,0,2,0,2,2,1,1,0,0,1,14,2,0,Normal,0,3,Exploits
8290,1.401446,tcp,http,FIN,10,8,786,1242,12.130328,62,252,4041.540039,6205.019531,2,2,155.716222,189.328422,9697.510088,402.220094,255,1613131306,1992559816,255,0.140842,0.074975,0.065867,79,155,1,221,2,1,1,1,1,1,0,0,1,9,1,0,Exploits,1,3,Exploits
6878,3e-06,pim,-,INT,2,0,200,0,333333.3215,254,0,266666656.0,0.0,0,0,0.003,0.0,0.0,0.0,0,0,0,0,0.0,0.0,0.0,100,0,0,0,3,2,2,2,2,3,0,0,0,11,3,0,Exploits,1,3,Exploits
10844,1.15261,tcp,ftp-data,FIN,8,8,364,768,13.013943,62,252,2214.105469,4664.197266,1,2,164.658567,143.686859,10468.48151,266.567594,255,21368230,1059757461,255,0.180976,0.096224,0.084752,46,96,0,0,1,1,1,1,1,2,0,0,0,1,1,0,Exploits,1,3,Exploits
7341,3.526822,tcp,pop3,FIN,20,24,942,3126,12.192279,62,252,2030.15625,6795.919922,7,8,185.622209,150.839484,12163.7552,288.63625,255,840658727,318156485,255,0.139755,0.056782,0.082973,47,130,0,0,1,1,2,1,1,1,0,0,0,2,1,0,Exploits,1,3,Exploits
68271,7e-06,udp,-,INT,2,0,1064,0,142857.1409,254,0,608000000.0,0.0,0,0,0.007,0.0,0.0,0.0,0,0,0,0,0.0,0.0,0.0,532,0,0,0,2,2,2,1,1,2,0,0,0,17,4,0,Normal,0,3,Exploits
11873,0.454931,tcp,http,FIN,10,12,838,4404,46.160847,62,252,13276.73926,70990.98438,2,3,50.547889,36.398363,3366.27839,3293.228502,255,2935347626,2097560264,255,0.077223,0.030468,0.046755,84,367,1,1706,1,1,1,1,1,1,0,0,1,1,1,0,Exploits,1,3,Exploits
2686,5e-06,wb-expak,-,INT,2,0,200,0,200000.0051,254,0,160000000.0,0.0,0,0,0.005,0.0,0.0,0.0,0,0,0,0,0.0,0.0,0.0,100,0,0,0,3,2,2,2,2,4,0,0,0,19,3,0,DoS,1,3,Exploits
81678,0.133702,tcp,-,CON,6,2,998,86,52.35524,62,252,49782.35547,2572.885986,2,1,26.7404,0.007,1753.68991,0.0,255,2252380336,1519915180,255,0.123603,0.056667,0.066936,166,43,0,0,8,3,5,5,1,8,0,0,0,5,8,0,Normal,0,3,Exploits
68034,0.37325,tcp,-,FIN,20,8,17266,354,72.337574,254,252,351571.3125,6644.340332,7,1,19.593843,45.123855,1428.753977,76.479563,255,3931230037,2196664264,255,0.103742,0.05738,0.046362,863,44,0,0,4,1,2,2,1,4,0,0,0,2,4,0,Normal,0,3,Exploits
54179,4e-06,udp,dns,INT,2,0,114,0,250000.0006,254,0,114000000.0,0.0,0,0,0.004,0.0,0.0,0.0,0,0,0,0,0.0,0.0,0.0,57,0,0,0,11,2,7,7,4,7,0,0,0,8,11,0,Generic,1,3,Exploits
31788,0.02397,tcp,-,FIN,48,50,2958,32368,4046.724998,31,29,966875.25,10586900.0,7,18,0.503319,0.476,30.204172,28.699911,255,1911198542,4056903660,255,0.000772,0.000635,0.000137,62,647,0,0,14,0,2,1,1,1,0,0,0,10,3,0,Normal,0,3,Exploits
43405,5e-06,udp,-,INT,2,0,1656,0,200000.0051,254,0,1324800000.0,0.0,0,0,0.005,0.0,0.0,0.0,0,0,0,0,0.0,0.0,0.0,828,0,0,0,32,2,10,9,1,32,0,0,0,10,32,0,Normal,0,3,Exploits
21100,3e-06,udp,dns,INT,2,0,114,0,333333.3215,254,0,152000000.0,0.0,0,0,0.003,0.0,0.0,0.0,0,0,0,0,0.0,0.0,0.0,57,0,0,0,32,2,5,5,5,32,0,0,0,5,32,0,Generic,1,3,Exploits
41735,0.933994,tcp,-,FIN,10,6,534,268,16.06006,254,252,4119.940918,1918.641846,2,1,98.879889,178.318203,5792.293243,300.086156,255,4228278091,1456717102,255,0.083987,0.042394,0.041593,53,45,0,0,1,1,1,1,1,1,0,0,0,2,1,0,Normal,0,3,Exploits
25972,0.178178,udp,-,CON,4,4,536,304,39.286557,31,29,18049.36719,10236.9541,0,0,41.69,45.011332,58.946543,63.647152,0,0,0,0,0.0,0.0,0.0,134,76,0,0,11,0,4,1,1,3,0,0,0,3,11,0,Normal,0,3,Exploits
6607,3e-06,igp,-,INT,2,0,180,0,333333.3215,254,0,239999984.0,0.0,0,0,0.003,0.0,0.0,0.0,0,0,0,0,0.0,0.0,0.0,90,0,0,0,10,2,10,10,10,10,0,0,0,10,10,0,Exploits,1,3,Exploits
78784,2.831695,tcp,ftp,FIN,12,12,762,682,8.122343,254,252,1974.78894,1768.552002,3,4,257.417193,250.452359,20920.17558,599.108062,255,863473403,916022719,255,0.16612,0.076713,0.089407,64,57,0,0,1,1,1,1,1,1,0,0,0,10,1,0,Normal,0,3,Exploits
33555,0.005092,tcp,-,FIN,18,18,4256,2456,6873.526935,31,29,6315789.5,3644933.25,7,7,0.280118,0.269824,13.705617,0.348976,255,2621753919,479640152,255,0.000626,0.000502,0.000124,236,136,0,0,12,0,4,1,1,4,0,0,0,5,7,0,Normal,0,3,Exploits
81629,0.751376,tcp,-,CON,6,2,998,86,9.316241,62,252,8858.415039,457.826721,2,1,150.2752,0.007,7980.47394,0.0,255,2711353167,1578761665,255,0.241,0.186815,0.054185,166,43,0,0,3,3,2,2,1,3,0,0,0,2,4,0,Normal,0,3,Exploits
44655,0.224308,tcp,http,FIN,10,12,758,7844,93.621271,62,252,24359.36328,256468.7813,2,4,24.923111,19.771546,1191.027606,1558.438744,255,2584186615,2018590347,255,0.049897,0.006084,0.043813,76,654,1,3444,1,1,1,1,1,1,0,0,1,1,1,0,Exploits,1,3,Exploits
33648,0.020519,tcp,ftp,FIN,52,54,2934,3742,5117.208554,31,29,1122082.0,1432038.625,11,15,0.395882,0.376943,26.170978,0.616608,255,2861751498,717379167,255,0.000675,0.000537,0.000138,56,69,0,0,1,0,5,1,1,4,1,1,0,7,1,0,Normal,0,3,Exploits
69901,1.285268,tcp,-,CON,6,2,1012,86,5.446335,62,252,5253.379395,267.648468,2,1,257.0536,0.002,16577.15797,0.0,255,3482531510,1514505763,255,1.166268,0.380621,0.785647,169,43,0,0,3,3,1,1,1,2,0,0,0,2,2,0,Normal,0,3,Exploits
34990,0.00541,tcp,-,FIN,24,20,2158,1918,7948.243675,31,29,3059519.25,2695748.5,6,5,0.235217,0.237,13.976304,14.081094,255,3774472791,3770680057,255,0.000912,0.000762,0.00015,90,96,0,0,7,0,5,1,1,2,0,0,0,6,9,0,Normal,0,3,Exploits
62535,4e-06,udp,dns,INT,2,0,114,0,250000.0006,254,0,114000000.0,0.0,0,0,0.004,0.0,0.0,0.0,0,0,0,0,0.0,0.0,0.0,57,0,0,0,14,2,5,4,4,4,0,0,0,4,14,0,Generic,1,3,Exploits
30300,0.018381,tcp,-,FIN,16,18,1540,1644,1795.332179,31,29,628475.0625,675915.375,4,4,1.204733,1.054235,73.212687,2.221697,255,2631298441,490124982,255,0.000578,0.000455,0.000123,96,91,0,0,8,0,6,5,1,5,0,0,0,6,7,0,Normal,0,3,Exploits
30702,0.001002,udp,dns,CON,2,2,146,178,2994.012136,31,29,582834.375,710578.875,0,0,0.01,0.011,0.0,0.0,0,0,0,0,0.0,0.0,0.0,73,89,0,0,2,0,4,1,1,1,0,0,0,1,4,0,Normal,0,3,Exploits
3209,9e-06,i-nlsp,-,INT,2,0,200,0,111111.1072,254,0,88888888.0,0.0,0,0,0.009,0.0,0.0,0.0,0,0,0,0,0.0,0.0,0.0,100,0,0,0,5,2,1,1,1,5,0,0,0,1,5,0,DoS,1,3,Exploits
60002,1.1e-05,udp,-,INT,2,0,168,0,90909.0902,254,0,61090908.0,0.0,0,0,0.011,0.0,0.0,0.0,0,0,0,0,0.0,0.0,0.0,84,0,0,0,2,2,2,1,1,1,0,0,0,2,4,0,Reconnaissance,1,3,Exploits
79417,2.364837,tcp,-,FIN,10,8,738,354,7.188656,254,252,2249.626465,1048.69812,2,1,262.617556,323.172844,18990.12546,498.289031,255,3786329607,376523167,255,0.308391,0.102625,0.205766,74,44,0,0,4,1,1,2,1,1,0,0,0,2,1,0,Normal,0,3,Exploits
12419,3e-06,udp,dns,INT,2,0,114,0,333333.3215,254,0,152000000.0,0.0,0,0,0.003,0.0,0.0,0.0,0,0,0,0,0.0,0.0,0.0,57,0,0,0,21,2,8,8,8,21,0,0,0,8,21,0,Generic,1,3,Exploits
18046,9e-06,udp,dns,INT,2,0,114,0,111111.1072,254,0,50666664.0,0.0,0,0,0.009,0.0,0.0,0.0,0,0,0,0,0.0,0.0,0.0,57,0,0,0,35,2,20,20,20,35,0,0,0,20,35,0,Generic,1,3,Exploits
34996,0.001064,udp,dns,CON,2,2,146,178,2819.548997,31,29,548872.1875,669172.9375,0,0,0.01,0.008,0.0,0.0,0,0,0,0,0.0,0.0,0.0,73,89,0,0,2,0,5,1,1,1,0,0,0,7,5,0,Normal,0,3,Exploits
49624,0.733346,tcp,-,FIN,10,8,564,354,23.181418,254,252,5541.722656,3381.759766,2,1,80.705,98.46857,5669.189212,145.831844,255,2806729262,2339950233,255,0.060737,0.044055,0.016682,56,44,0,0,5,1,1,1,1,1,0,0,0,3,1,0,Reconnaissance,1,3,Exploits
30915,0.62096,tcp,ftp-data,FIN,14,6,8928,320,30.597784,31,29,106815.2578,3439.835205,4,1,47.766155,123.953203,4000.468601,164.005672,255,2009766374,2794495814,255,0.00062,0.000495,0.000125,638,53,0,0,4,0,2,1,1,1,0,0,0,2,3,0,Normal,0,3,Exploits
77911,0.579838,tcp,-,FIN,10,8,548,354,29.318535,254,252,6815.697266,4277.056641,2,1,64.426444,65.87543,3934.53736,121.80643,255,869948613,449255481,255,0.149389,0.080488,0.068901,55,44,0,0,9,1,2,2,1,8,0,0,0,2,8,0,Normal,0,3,Exploits
29260,0.262796,tcp,-,FIN,16,18,1540,1644,125.572681,31,29,43958.04688,47276.21094,4,4,17.497134,15.428412,1019.871272,30.027738,255,3826526234,1708430883,255,0.000628,0.000503,0.000125,96,91,0,0,11,0,8,6,1,6,0,0,0,8,7,0,Normal,0,3,Exploits
32961,0.223459,tcp,ftp-data,FIN,14,6,8928,320,85.026781,31,29,296824.0313,9558.799805,4,1,17.189154,44.562398,1586.85325,67.722305,255,3256722819,1637535437,255,0.00065,0.000514,0.000136,638,53,0,0,3,0,7,1,1,3,0,0,0,6,6,0,Normal,0,3,Exploits
79944,0.522697,tcp,http,FIN,10,8,832,1098,32.523624,62,252,11463.62109,14708.33106,2,2,57.975222,66.319,2943.706165,106.062578,255,1056941738,2310223677,255,0.118933,0.058457,0.060476,83,137,1,126,5,1,2,2,2,5,0,0,4,2,5,0,Normal,0,3,Exploits
24427,0.007067,tcp,-,FIN,24,24,2024,4312,6650.629661,31,29,2196122.75,4678647.0,6,6,0.289652,0.278913,17.810934,16.591814,255,4223390938,4219531957,255,0.000806,0.00064,0.000166,84,180,0,0,9,0,2,1,1,1,0,0,0,3,5,0,Normal,0,3,Exploits
19865,8e-06,udp,dns,INT,2,0,114,0,125000.0003,254,0,57000000.0,0.0,0,0,0.008,0.0,0.0,0.0,0,0,0,0,0.0,0.0,0.0,57,0,0,0,20,2,20,20,14,20,0,0,0,20,20,0,Generic,1,3,Exploits
57872,1.1e-05,udp,dns,INT,2,0,114,0,90909.0902,254,0,41454544.0,0.0,0,0,0.011,0.0,0.0,0.0,0,0,0,0,0.0,0.0,0.0,57,0,0,0,9,2,6,6,2,6,0,0,0,6,9,0,Generic,1,3,Exploits
49713,0.699644,tcp,-,FIN,10,8,1378,354,24.298071,254,252,14190.07324,3544.659668,2,1,73.025556,87.636,4486.11545,144.868953,255,3892454700,882525247,255,0.148734,0.086188,0.062546,138,44,0,0,4,1,1,1,1,1,0,0,0,3,2,0,Exploits,1,3,Exploits
63920,0.617309,tcp,-,FIN,10,6,590,268,24.299015,254,252,6881.480957,2902.922363,2,1,64.890667,103.424203,3184.548702,146.938625,255,174331597,2452129640,255,0.160141,0.100187,0.059954,59,45,0,0,6,1,2,1,1,2,0,0,0,2,6,0,Fuzzers,1,3,Exploits
62235,7e-06,udp,dns,INT,2,0,114,0,142857.1409,254,0,65142856.0,0.0,0,0,0.007,0.0,0.0,0.0,0,0,0,0,0.0,0.0,0.0,57,0,0,0,13,2,7,7,3,7,0,0,0,7,13,0,Generic,1,3,Exploits
78814,9e-06,udp,-,INT,2,0,104,0,111111.1072,254,0,46222220.0,0.0,0,0,0.009,0.0,0.0,0.0,0,0,0,0,0.0,0.0,0.0,52,0,0,0,3,2,2,2,2,3,0,0,0,2,4,0,Normal,0,3,Exploits
24180,0.00104,udp,-,CON,2,2,146,178,2884.615377,31,29,561538.4375,684615.375,0,0,0.012,0.008,0.0,0.0,0,0,0,0,0.0,0.0,0.0,73,89,0,0,10,0,1,1,1,1,0,0,0,3,11,0,Normal,0,3,Exploits
37163,0.049816,tcp,smtp,FIN,52,42,37268,3380,1866.870037,31,29,5869921.0,529950.1875,18,8,0.969196,1.200756,65.929143,3.008466,255,2602274871,457851055,255,0.000731,0.000581,0.00015,717,80,0,0,1,0,4,1,1,2,0,0,0,12,1,0,Normal,0,3,Exploits
4560,9e-06,unas,-,INT,2,0,200,0,111111.1072,254,0,88888888.0,0.0,0,0,0.009,0.0,0.0,0.0,0,0,0,0,0.0,0.0,0.0,100,0,0,0,7,2,3,3,3,7,0,0,0,3,7,0,DoS,1,3,Exploits
59048,8e-06,udp,dns,INT,2,0,114,0,125000.0003,254,0,57000000.0,0.0,0,0,0.008,0.0,0.0,0.0,0,0,0,0,0.0,0.0,0.0,57,0,0,0,7,2,4,3,3,3,0,0,0,5,7,0,Generic,1,3,Exploits
37338,0.11988,tcp,-,FIN,122,125,7814,14788,2052.052082,31,29,517183.8438,978979.0,30,32,0.98776,0.95875,87.087459,84.053318,255,4018418704,4019356362,255,0.001148,0.00099,0.000158,64,118,0,0,3,0,2,1,1,1,0,0,0,3,4,0,Normal,0,3,Exploits
30415,0.012873,tcp,ftp-data,FIN,8,12,424,8824,1475.957377,31,29,230560.0781,5026955.5,1,4,1.787714,1.128636,101.533901,66.815106,255,1886173036,1894660049,255,0.000575,0.000452,0.000123,53,735,0,0,3,0,6,1,1,4,0,0,0,8,3,0,Normal,0,3,Exploits
582,3e-06,rdp,-,INT,2,0,200,0,333333.3215,254,0,266666656.0,0.0,0,0,0.003,0.0,0.0,0.0,0,0,0,0,0.0,0.0,0.0,100,0,0,0,4,2,2,2,2,4,0,0,0,4,4,0,Exploits,1,3,Exploits
31581,1.362477,tcp,http,FIN,14,18,1684,10168,22.752679,31,29,9183.274414,56391.41406,3,5,104.777692,80.113529,9032.765564,7913.997309,255,452736338,2605150967,255,0.00072,0.000539,0.000181,120,565,1,3924,1,0,3,1,1,1,0,0,1,4,1,0,Normal,0,3,Exploits
54961,8e-06,udp,-,INT,2,0,1496,0,125000.0003,254,0,748000000.0,0.0,0,0,0.008,0.0,0.0,0.0,0,0,0,0,0.0,0.0,0.0,748,0,0,0,1,2,1,1,1,1,0,0,0,1,1,0,Generic,1,9,Worms
81610,0.175858,tcp,-,CON,6,2,998,86,39.804841,62,252,37848.71875,1956.123657,2,1,35.1716,0.006,2002.495018,0.0,255,1027941179,807890027,255,0.135852,0.094088,0.041764,166,43,0,0,5,3,2,2,1,5,0,0,0,2,5,0,Normal,0,3,Exploits
17747,3e-06,udp,dns,INT,2,0,114,0,333333.3215,254,0,152000000.0,0.0,0,0,0.003,0.0,0.0,0.0,0,0,0,0,0.0,0.0,0.0,57,0,0,0,18,2,18,18,18,18,0,0,0,19,18,0,Generic,1,3,Exploits
65737,5e-06,udp,dns,INT,2,0,114,0,200000.0051,254,0,91200000.0,0.0,0,0,0.005,0.0,0.0,0.0,0,0,0,0,0.0,0.0,0.0,57,0,0,0,7,2,4,4,4,4,0,0,0,4,7,0,Generic,1,3,Exploits
7428,8e-06,unas,-,INT,2,0,200,0,125000.0003,254,0,100000000.0,0.0,0,0,0.008,0.0,0.0,0.0,0,0,0,0,0.0,0.0,0.0,100,0,0,0,5,2,2,2,2,5,0,0,0,5,5,0,DoS,1,3,Exploits
64900,0.24998,tcp,-,FIN,10,10,832,4094,76.00608,62,252,23969.91797,117929.4297,2,3,27.671444,25.374778,1338.901779,1589.062441,255,1014161418,3537151568,255,0.066462,0.021584,0.044878,83,409,0,0,8,1,1,1,1,1,0,0,0,2,2,0,Exploits,1,3,Exploits
63802,1.2e-05,udp,dns,INT,2,0,114,0,83333.33039,254,0,38000000.0,0.0,0,0,0.012,0.0,0.0,0.0,0,0,0,0,0.0,0.0,0.0,57,0,0,0,6,2,2,2,2,2,0,0,0,2,6,0,Generic,1,3,Exploits
73483,0.718946,tcp,-,FIN,10,6,646,268,20.863876,254,252,6476.146973,2492.537842,2,1,79.776222,126.12,4066.461086,207.3875,255,3566181528,3936689647,255,0.20482,0.088338,0.116482,65,45,0,0,3,1,1,1,1,2,0,0,0,2,2,0,Normal,0,3,Exploits
57270,1.25196,tcp,-,FIN,18,16,990,996,26.358669,62,252,5974.631348,5968.241699,6,6,73.644706,77.583398,3461.082463,95.98618,255,3760202768,444324065,255,0.127262,0.061382,0.06588,55,62,0,0,5,1,1,1,1,1,0,0,0,3,1,0,Exploits,1,3,Exploits
9756,0.702046,tcp,http,FIN,10,8,1074,354,24.214938,254,252,11019.22168,3532.532227,2,1,78.005111,87.508711,4056.214822,159.894094,255,3117086994,1299209574,255,0.157879,0.088782,0.069097,107,44,1,0,2,1,1,1,1,1,0,0,1,1,1,0,Exploits,1,9,Worms
81391,0.886025,tcp,-,CON,6,2,998,86,7.900454,62,252,7512.203125,388.250885,2,1,177.205,0.002,10065.59437,0.0,255,693528217,2788236961,255,0.681992,0.381324,0.300668,166,43,0,0,5,3,1,1,1,3,0,0,0,1,3,0,Normal,0,3,Exploits
79273,2e-06,igmp,-,INT,2,0,86,0,500000.0013,254,0,172000000.0,0.0,0,0,0.002,0.0,0.0,0.0,0,0,0,0,0.0,0.0,0.0,43,0,0,0,1,2,1,1,1,1,0,0,0,3,1,0,Normal,0,3,Exploits
64813,5e-06,udp,dns,INT,2,0,114,0,200000.0051,254,0,91200000.0,0.0,0,0,0.005,0.0,0.0,0.0,0,0,0,0,0.0,0.0,0.0,57,0,0,0,7,2,7,7,4,7,0,0,0,7,7,0,Generic,1,3,Exploits
55582,2e-06,udp,-,INT,2,0,104,0,500000.0013,254,0,208000000.0,0.0,0,0,0.002,0.0,0.0,0.0,0,0,0,0,0.0,0.0,0.0,52,0,0,0,4,2,2,1,1,1,0,0,0,3,6,0,Fuzzers,1,3,Exploits
39288,0.329235,tcp,ftp-data,FIN,8,12,424,8824,57.709541,31,29,9014.837891,196552.625,1,4,46.982714,29.878728,2780.264659,2209.738736,255,277289224,892967184,255,0.000715,0.000565,0.00015,53,735,0,0,2,0,2,1,1,2,0,0,0,3,2,0,Normal,0,3,Exploits
33416,0.004928,tcp,-,FIN,18,18,3672,2456,7102.273007,31,29,5629870.5,3766234.0,7,7,0.270294,0.257941,13.415228,0.331859,255,1468751864,3617404590,255,0.000665,0.000539,0.000126,204,136,0,0,5,0,7,1,1,4,0,0,0,4,8,0,Normal,0,3,Exploits
38951,0.001075,udp,dns,CON,2,2,146,178,2790.69758,31,29,543255.8125,662325.5625,0,0,0.01,0.002,0.0,0.0,0,0,0,0,0.0,0.0,0.0,73,89,0,0,2,0,1,1,1,1,0,0,0,4,3,0,Normal,0,3,Exploits
29227,0.004295,tcp,http,FIN,8,10,1040,824,3958.090918,31,29,1694994.25,1382072.25,2,2,0.559143,0.400222,34.67819,0.739979,255,105645013,106661086,255,0.000849,0.000688,0.000161,130,82,1,83,1,0,8,1,1,7,0,0,1,9,1,0,Normal,0,3,Exploits
2402,0.188665,tcp,http,FIN,10,6,2002,268,79.506002,254,252,76410.57031,9498.317383,2,1,19.636667,36.386602,999.423884,59.160223,255,2895830976,3712993237,255,0.050782,0.006728,0.044054,200,45,1,0,1,1,1,1,1,1,0,0,1,1,1,0,Exploits,1,9,Worms
23356,9e-06,udp,dns,INT,2,0,114,0,111111.1072,254,0,50666664.0,0.0,0,0,0.009,0.0,0.0,0.0,0,0,0,0,0.0,0.0,0.0,57,0,0,0,18,2,18,18,18,18,0,0,0,18,18,0,Generic,1,3,Exploits
5995,0.251676,tcp,http,FIN,42,10,48858,440,202.641497,254,252,1516076.25,12587.61328,18,1,6.138439,27.166445,580.144706,42.558738,255,584616620,844469331,255,0.050915,0.006127,0.044788,1163,44,1,0,2,1,1,1,1,1,0,0,1,1,1,0,DoS,1,3,Exploits
79648,0.558339,tcp,-,FIN,10,6,1506,268,26.865399,254,252,19429.05664,3209.519775,2,1,58.968444,93.035,2936.843276,136.48025,255,2868249150,2346119555,255,0.167203,0.093161,0.074042,151,45,0,0,4,1,1,1,1,3,0,0,0,1,3,0,Normal,0,3,Exploits
45868,0.402221,tcp,-,FIN,10,6,566,268,37.292932,254,252,10143.67773,4455.262207,2,1,42.779667,62.693602,2253.305353,97.245984,255,1361232383,3957375663,255,0.124275,0.088749,0.035526,57,45,0,0,7,1,1,1,1,1,0,0,0,2,4,0,Fuzzers,1,3,Exploits
31394,0.291149,tcp,-,FIN,26,26,4672,2872,175.168047,31,29,123455.6953,75892.41406,7,7,11.6328,11.62544,765.114455,21.011613,255,3132782052,3135956012,255,0.000647,0.000509,0.000138,180,110,0,0,8,0,5,1,1,3,0,0,0,3,4,0,Normal,0,3,Exploits
57790,0.453621,tcp,-,FIN,12,6,3666,268,37.476219,254,252,59274.15234,3950.434326,3,1,35.213908,77.217398,2251.784462,112.775312,255,160096830,2208009794,255,0.127134,0.06753,0.059604,306,45,0,0,4,1,1,1,1,1,0,0,0,4,4,0,Fuzzers,1,3,Exploits
38029,0.081105,tcp,-,FIN,72,74,4238,63878,1787.805903,31,29,412305.0313,6215646.5,7,30,1.137775,1.118264,0.0,79.727854,255,3994788474,1849731832,255,0.000721,0.000588,0.000133,59,863,0,0,4,0,7,1,1,1,0,0,0,1,8,0,Normal,0,3,Exploits
59932,1e-06,udp,dns,INT,2,0,114,0,1000000.003,254,0,456000000.0,0.0,0,0,0.001,0.0,0.0,0.0,0,0,0,0,0.0,0.0,0.0,57,0,0,0,16,2,4,4,4,4,0,0,0,4,16,0,Generic,1,3,Exploits
46279,3e-05,udp,-,INT,2,0,168,0,33333.33418,254,0,22400000.0,0.0,0,0,0.03,0.0,0.0,0.0,0,0,0,0,0.0,0.0,0.0,84,0,0,0,2,2,1,1,1,1,0,0,0,2,1,0,Reconnaissance,1,3,Exploits
48558,7e-06,udp,dns,INT,2,0,114,0,142857.1409,254,0,65142856.0,0.0,0,0,0.007,0.0,0.0,0.0,0,0,0,0,0.0,0.0,0.0,57,0,0,0,14,2,4,4,4,4,0,0,0,6,14,0,Generic,1,3,Exploits
80428,5e-06,tcp,-,REQ,2,0,90,0,200000.0051,254,0,72000000.0,0.0,1,0,0.005,0.0,0.0,0.0,255,0,0,0,0.0,0.0,0.0,45,0,0,0,5,6,1,1,1,4,0,0,0,2,4,0,Normal,0,3,Exploits
62050,1.704149,tcp,-,FIN,24,60,1252,61398,48.704661,62,252,5633.310059,283425.9063,6,28,74.093437,27.743711,4332.392096,2636.580277,255,96036901,4236551967,255,0.124031,0.066659,0.057372,52,1023,0,0,2,1,1,1,1,1,0,0,0,1,4,0,Exploits,1,3,Exploits
78296,0.62249,tcp,-,FIN,10,6,602,268,24.096773,254,252,6965.57373,2878.76123,2,1,65.048,110.615398,3439.657233,151.240719,255,2665823106,3676178190,255,0.132375,0.069412,0.062963,60,45,0,0,5,1,2,1,1,5,0,0,0,1,7,0,Normal,0,3,Exploits
56763,7e-06,udp,dns,INT,2,0,114,0,142857.1409,254,0,65142856.0,0.0,0,0,0.007,0.0,0.0,0.0,0,0,0,0,0.0,0.0,0.0,57,0,0,0,13,2,8,7,4,7,0,0,0,7,13,0,Generic,1,3,Exploits
41852,0.638321,tcp,-,FIN,10,6,588,268,23.499149,254,252,6642.42627,2807.36499,2,1,64.777667,111.913797,3475.692917,174.388609,255,1785152976,569251769,255,0.15562,0.078747,0.076873,59,45,0,0,3,1,1,1,1,2,0,0,0,2,2,0,Normal,0,3,Exploits
79892,0.896492,tcp,-,FIN,10,8,534,354,18.962802,254,252,4292.286133,2766.338135,2,1,99.610222,120.205289,6849.397232,171.565531,255,3623437015,4206168744,255,0.108646,0.054321,0.054325,53,44,0,0,2,1,1,1,1,2,0,0,0,1,2,0,Normal,0,3,Exploits
39066,0.013848,tcp,-,FIN,16,18,1540,1644,2383.015562,31,29,834199.875,897169.25,4,4,0.900667,0.786765,62.240978,1.449022,255,4014661664,1875689282,255,0.000592,0.000466,0.000126,96,91,0,0,8,0,8,6,1,6,0,0,0,11,9,0,Normal,0,3,Exploits
9215,1.567986,tcp,-,FIN,10,8,564,354,10.841933,254,252,2591.859863,1581.646729,2,1,174.207889,213.827141,13097.00742,347.432531,255,3526019411,3257410410,255,0.174777,0.071193,0.103584,56,44,0,0,4,1,1,1,1,1,0,0,0,1,1,0,Reconnaissance,1,3,Exploits
67428,1.512793,tcp,-,FIN,60,16,68023,698,49.577175,254,252,353729.8438,3463.791992,27,1,25.64056,95.791531,2792.216416,115.781344,255,1157928979,3108391304,255,0.152441,0.07512,0.077321,1134,44,0,0,2,1,1,1,1,2,0,0,0,1,2,0,Normal,0,3,Exploits
79151,0.957145,tcp,-,FIN,34,10,34210,440,44.925274,254,252,277525.3438,3309.843506,14,1,27.258182,98.038219,2381.721021,137.742891,255,940890147,467445161,255,0.177139,0.074794,0.102345,1006,44,0,0,3,1,1,1,1,3,0,0,0,1,3,0,Normal,0,3,Exploits
57128,1.3e-05,udp,-,INT,2,0,2896,0,76923.07779,254,0,891076928.0,0.0,0,0,0.013,0.0,0.0,0.0,0,0,0,0,0.0,0.0,0.0,1448,0,0,0,2,2,2,2,1,2,0,0,0,2,2,0,Fuzzers,1,9,Worms
67147,1e-05,udp,-,INT,2,0,104,0,100000.0025,254,0,41600000.0,0.0,0,0,0.01,0.0,0.0,0.0,0,0,0,0,0.0,0.0,0.0,52,0,0,0,5,2,2,2,2,2,0,0,0,3,5,0,Normal,0,3,Exploits
53209,1e-05,wb-expak,-,INT,2,0,200,0,100000.0025,254,0,80000000.0,0.0,0,0,0.01,0.0,0.0,0.0,0,0,0,0,0.0,0.0,0.0,100,0,0,0,12,2,4,4,4,4,0,0,0,5,12,0,Fuzzers,1,3,Exploits
19537,8e-06,udp,dns,INT,2,0,114,0,125000.0003,254,0,57000000.0,0.0,0,0,0.008,0.0,0.0,0.0,0,0,0,0,0.0,0.0,0.0,57,0,0,0,22,2,18,18,18,22,0,0,0,18,22,0,Generic,1,3,Exploits
69413,1.142037,tcp,http,FIN,12,10,918,1174,18.388195,62,252,5898.232422,7404.313477,2,2,103.821547,119.034664,7665.750371,159.572391,255,3218262470,2627781219,255,0.129728,0.070127,0.059601,77,117,1,123,3,1,1,1,1,3,0,0,1,1,3,0,Normal,0,3,Exploits
60984,2.343894,tcp,-,FIN,26,58,1220,49916,35.411158,62,252,4007.00708,167434.1875,7,25,93.755758,40.511368,6945.000649,4394.12527,255,1549932027,2727095563,255,0.04743,0.033966,0.013464,47,861,0,0,3,1,1,1,1,1,0,0,0,2,1,0,Exploits,1,3,Exploits
29207,0.001051,udp,dns,CON,2,2,132,164,2854.424439,31,29,502378.6875,624167.5,0,0,0.01,0.008,0.0,0.0,0,0,0,0,0.0,0.0,0.0,66,82,0,0,2,0,5,1,1,4,0,0,0,10,4,0,Normal,0,3,Exploits
60027,1.1e-05,udp,dns,INT,2,0,114,0,90909.0902,254,0,41454544.0,0.0,0,0,0.011,0.0,0.0,0.0,0,0,0,0,0.0,0.0,0.0,57,0,0,0,9,2,2,2,2,2,0,0,0,2,9,0,Generic,1,3,Exploits
12504,8e-06,udp,dns,INT,2,0,114,0,125000.0003,254,0,57000000.0,0.0,0,0,0.008,0.0,0.0,0.0,0,0,0,0,0.0,0.0,0.0,57,0,0,0,24,2,8,8,8,24,0,0,0,8,24,0,Generic,1,3,Exploits
23797,0.009824,tcp,-,FIN,36,38,2334,16920,7430.781533,31,29,1848534.125,13416123.0,7,12,0.270571,0.251135,15.95328,15.105509,255,1275123192,1285621527,255,0.000678,0.000525,0.000153,65,445,0,0,10,0,2,1,1,1,0,0,0,3,9,0,Normal,0,3,Exploits
46503,0.899321,tcp,ftp-data,FIN,8,8,364,890,16.67925,62,252,2837.696289,6929.672363,1,2,128.474433,113.066711,8354.295233,213.303219,255,3775010838,1166909795,255,0.160085,0.093555,0.06653,46,111,0,0,1,1,2,1,1,2,0,0,0,3,1,0,Exploits,1,3,Exploits
58632,1.1e-05,vines,-,INT,2,0,200,0,90909.0902,254,0,72727272.0,0.0,0,0,0.011,0.0,0.0,0.0,0,0,0,0,0.0,0.0,0.0,100,0,0,0,10,2,4,4,4,4,0,0,0,4,10,0,Fuzzers,1,3,Exploits
9556,5.294557,tcp,http,FIN,64,356,3088,473931,79.137875,62,252,4593.396484,714091.8125,2,176,84.038428,14.741713,4063.134414,1786.515604,255,3782640244,2716889649,255,0.13153,0.061241,0.070289,48,1331,1,229577,2,1,2,1,1,5,0,0,1,2,1,0,Exploits,1,3,Exploits
6096,9e-06,unas,-,INT,2,0,200,0,111111.1072,254,0,88888888.0,0.0,0,0,0.009,0.0,0.0,0.0,0,0,0,0,0.0,0.0,0.0,100,0,0,0,7,2,2,2,2,7,0,0,0,11,7,0,Exploits,1,3,Exploits
18830,1e-05,udp,dns,INT,2,0,114,0,100000.0025,254,0,45600000.0,0.0,0,0,0.01,0.0,0.0,0.0,0,0,0,0,0.0,0.0,0.0,57,0,0,0,28,2,17,17,17,28,0,0,0,17,28,0,Generic,1,3,Exploits
74921,1.7018,tcp,http,FIN,10,10,790,1180,11.164649,62,252,3342.343506,4992.36084,2,2,189.088889,182.114109,11308.71184,345.328438,255,3536284489,1561399561,255,0.127864,0.062075,0.065789,79,118,1,144,1,1,1,1,1,1,0,0,1,1,1,0,Normal,0,3,Exploits
56245,7e-06,compaq-peer,-,INT,2,0,200,0,90909.0902,254,0,72727272.0,0.0,0,0,0.011,0.0,0.0,0.0,0,0,0,0,0.0,0.0,0.0,100,0,0,0,14,2,5,5,5,5,0,0,0,5,13,0,Fuzzers,1,3,Exploits
58749,1e-05,udp,dns,INT,2,0,114,0,100000.0025,254,0,45600000.0,0.0,0,0,0.01,0.0,0.0,0.0,0,0,0,0,0.0,0.0,0.0,57,0,0,0,13,2,6,6,3,6,0,0,0,6,13,0,Generic,1,3,Exploits
6975,2e-06,ipv6,-,INT,2,0,200,0,500000.0013,254,0,400000000.0,0.0,0,0,0.002,0.0,0.0,0.0,0,0,0,0,0.0,0.0,0.0,100,0,0,0,4,2,1,1,1,4,0,0,0,1,4,0,Reconnaissance,1,3,Exploits
73013,2e-06,udp,-,INT,2,0,104,0,500000.0013,254,0,208000000.0,0.0,0,0,0.002,0.0,0.0,0.0,0,0,0,0,0.0,0.0,0.0,52,0,0,0,2,2,1,1,1,2,0,0,0,1,1,0,Normal,0,3,Exploits
19650,6e-06,udp,dns,INT,2,0,114,0,166666.6608,254,0,76000000.0,0.0,0,0,0.006,0.0,0.0,0.0,0,0,0,0,0.0,0.0,0.0,57,0,0,0,36,2,14,13,13,36,0,0,0,13,36,0,Generic,1,3,Exploits
15344,9e-06,udp,dns,INT,2,0,114,0,111111.1072,254,0,50666664.0,0.0,0,0,0.009,0.0,0.0,0.0,0,0,0,0,0.0,0.0,0.0,57,0,0,0,51,2,23,23,10,51,0,0,0,23,51,0,Generic,1,3,Exploits
22936,9e-06,udp,dns,INT,2,0,114,0,111111.1072,254,0,50666664.0,0.0,0,0,0.009,0.0,0.0,0.0,0,0,0,0,0.0,0.0,0.0,57,0,0,0,32,2,32,32,15,32,0,0,0,32,32,0,Generic,1,3,Exploits
80527,0.99927,tcp,-,FIN,10,6,2516,268,15.010958,254,252,18133.23633,1793.309082,2,1,102.194667,184.266406,5455.894032,266.41325,255,2112638200,2201253123,255,0.182779,0.077935,0.104844,252,45,0,0,5,1,1,1,1,2,0,0,0,3,2,0,Normal,0,3,Exploits
40816,0.549601,tcp,http,FIN,10,8,796,1220,30.931529,62,252,10436.66211,15545.82227,2,2,61.066778,66.87043,3434.7632,88.972828,255,2306582129,4021366119,255,0.12225,0.080695,0.041555,80,153,1,207,7,1,7,1,1,6,0,0,4,1,6,0,Normal,0,3,Exploits
52578,2.248443,tcp,-,FIN,28,82,1442,88038,48.477994,62,252,4949.202637,309423.0313,6,39,83.275667,26.921457,4117.45629,2414.132124,255,519257129,2890776670,255,0.179633,0.067083,0.11255,52,1074,0,0,1,1,1,1,1,1,0,0,0,1,1,0,Exploits,1,3,Exploits
38038,13.543748,tcp,http,FIN,364,743,19410,1083390,81.661296,31,29,11433.7627,639073.9375,2,368,37.309715,18.252346,4625.332114,2912.323991,255,1067999719,1079277494,255,0.000629,0.000503,0.000126,53,1458,1,524288,3,0,3,1,1,1,0,0,1,3,4,0,Normal,0,3,Exploits
31419,0.00174,udp,-,CON,4,4,512,304,4022.988557,31,29,1765517.25,1048275.875,0,0,0.454667,0.210333,0.635218,0.289684,0,0,0,0,0.0,0.0,0.0,128,76,0,0,8,0,10,1,1,3,0,0,0,4,13,0,Normal,0,3,Exploits
41072,0.674486,tcp,-,CON,6,2,998,86,10.378274,62,252,9868.255859,510.018005,2,1,134.8972,0.002,8001.796864,0.0,255,2100715188,23093716,255,0.552625,0.220375,0.33225,166,43,0,0,4,3,1,1,1,4,0,0,0,1,5,0,Normal,0,3,Exploits
33632,0.001225,udp,dns,CON,2,2,146,178,2448.979563,31,29,476734.6875,581224.5,0,0,0.011,0.011,0.0,0.0,0,0,0,0,0.0,0.0,0.0,73,89,0,0,3,0,4,1,1,2,0,0,0,2,3,0,Normal,0,3,Exploits
15944,9e-06,udp,dns,INT,2,0,114,0,111111.1072,254,0,50666664.0,0.0,0,0,0.009,0.0,0.0,0.0,0,0,0,0,0.0,0.0,0.0,57,0,0,0,26,2,25,25,25,26,0,0,0,25,26,0,Generic,1,3,Exploits
62265,5.847723,tcp,-,FIN,40,162,1970,195632,34.372353,62,252,2628.031494,265983.875,6,79,149.941616,35.715242,13009.89124,6446.392951,255,1394448985,3088452116,255,0.24181,0.096948,0.144862,49,1208,0,0,9,1,1,1,1,1,0,0,0,1,2,0,Exploits,1,3,Exploits
74112,1.091132,tcp,http,FIN,10,10,822,1214,17.413108,62,252,5425.557617,8013.695312,2,2,121.236889,116.028891,7695.737982,197.862188,255,3859374841,3924936587,255,0.110965,0.046245,0.06472,82,121,1,207,4,1,3,3,3,4,0,0,9,3,4,0,Normal,0,3,Exploits
50271,9e-06,udp,dns,INT,2,0,114,0,111111.1072,254,0,50666664.0,0.0,0,0,0.009,0.0,0.0,0.0,0,0,0,0,0.0,0.0,0.0,57,0,0,0,7,2,4,4,4,4,0,0,0,4,7,0,Generic,1,3,Exploits
70978,1.429217,tcp,-,FIN,10,6,1534,268,10.495257,254,252,7730.106934,1253.833374,2,1,152.720444,268.29,11596.33531,499.204219,255,1189773703,3595566790,255,0.186226,0.087758,0.098468,153,45,0,0,3,1,1,1,1,3,0,0,0,17,3,0,Normal,0,3,Exploits
56882,7e-06,udp,dns,INT,2,0,114,0,142857.1409,254,0,65142856.0,0.0,0,0,0.007,0.0,0.0,0.0,0,0,0,0,0.0,0.0,0.0,57,0,0,0,7,2,4,3,3,3,0,0,0,3,7,0,Generic,1,3,Exploits
9764,1.054913,tcp,http,FIN,28,82,2892,106282,103.326052,62,252,21150.55859,796168.0,6,39,39.069852,12.669556,2003.029191,1298.85177,255,3997927654,422639074,255,0.055244,0.028671,0.026573,103,1296,1,109,1,1,1,1,1,1,0,0,1,1,1,0,Exploits,1,3,Exploits
44728,0.518061,ospf,-,INT,20,0,1040,0,36.675219,254,0,15256.8916,0.0,0,0,27.266369,0.0,31.164342,0.0,0,0,0,0,0.0,0.0,0.0,52,0,0,0,3,2,2,2,2,2,0,0,0,2,2,0,Exploits,1,3,Exploits
14905,4e-06,udp,dns,INT,2,0,114,0,250000.0006,254,0,114000000.0,0.0,0,0,0.004,0.0,0.0,0.0,0,0,0,0,0.0,0.0,0.0,57,0,0,0,29,2,25,24,24,29,0,0,0,24,29,0,Generic,1,3,Exploits
35923,1.222003,tcp,-,FIN,214,396,12346,495632,498.362122,31,29,80451.52344,3236529.0,19,178,5.73561,3.092377,376.760833,257.726299,255,2339250167,199869864,255,0.000652,0.000512,0.00014,58,1252,0,0,4,0,3,1,1,2,0,0,0,5,6,0,Normal,0,3,Exploits
20532,2e-06,udp,dns,INT,2,0,114,0,500000.0013,254,0,228000000.0,0.0,0,0,0.002,0.0,0.0,0.0,0,0,0,0,0.0,0.0,0.0,57,0,0,0,21,2,16,16,16,21,0,0,0,16,21,0,Generic,1,3,Exploits
2997,3e-06,leaf-1,-,INT,2,0,200,0,333333.3215,254,0,266666656.0,0.0,0,0,0.003,0.0,0.0,0.0,0,0,0,0,0.0,0.0,0.0,100,0,0,0,6,2,2,2,2,6,0,0,0,4,6,0,Exploits,1,3,Exploits
67473,0.505371,tcp,-,FIN,20,8,17266,354,53.4261,254,252,259658.7656,4907.286133,7,1,26.549526,58.14657,2032.465628,79.458969,255,2192944082,4130613370,255,0.150023,0.098335,0.051688,863,44,0,0,3,1,1,1,1,3,0,0,0,1,3,0,Normal,0,3,Exploits
10701,1e-05,udp,-,INT,2,0,664,0,100000.0025,254,0,265600000.0,0.0,0,0,0.01,0.0,0.0,0.0,0,0,0,0,0.0,0.0,0.0,332,0,0,0,1,2,2,1,1,1,0,0,0,1,3,0,DoS,1,3,Exploits
64182,1.900068,tcp,-,FIN,8,8,364,1258,7.894454,62,252,1343.109741,4635.623535,1,2,271.438295,251.753719,19284.57547,559.50075,255,3434712357,3246167936,255,0.24637,0.137296,0.109074,46,157,0,0,2,1,2,1,1,2,0,0,0,2,3,0,Exploits,1,3,Exploits
15277,2e-06,udp,dns,INT,2,0,114,0,500000.0013,254,0,228000000.0,0.0,0,0,0.002,0.0,0.0,0.0,0,0,0,0,0.0,0.0,0.0,57,0,0,0,39,2,25,25,25,39,0,0,0,25,39,0,Generic,1,3,Exploits
23620,0.001111,udp,-,CON,2,2,146,178,2700.270121,31,29,525652.5625,640864.125,0,0,0.011,0.009,0.0,0.0,0,0,0,0,0.0,0.0,0.0,73,89,0,0,8,0,2,1,1,1,0,0,0,2,9,0,Normal,0,3,Exploits
52732,1.1e-05,scps,-,INT,2,0,200,0,90909.0902,254,0,72727272.0,0.0,0,0,0.011,0.0,0.0,0.0,0,0,0,0,0.0,0.0,0.0,100,0,0,0,9,2,7,6,6,6,0,0,0,13,9,0,Fuzzers,1,3,Exploits
48294,9e-06,udp,-,INT,2,0,1372,0,111111.1072,254,0,609777728.0,0.0,0,0,0.009,0.0,0.0,0.0,0,0,0,0,0.0,0.0,0.0,686,0,0,0,5,2,4,4,1,4,0,0,0,6,5,0,Fuzzers,1,3,Exploits
64113,1e-06,udp,dns,INT,2,0,114,0,1000000.003,254,0,456000000.0,0.0,0,0,0.001,0.0,0.0,0.0,0,0,0,0,0.0,0.0,0.0,57,0,0,0,12,2,4,4,4,4,0,0,0,4,12,0,Generic,1,3,Exploits
58922,1.1e-05,udp,-,INT,2,0,296,0,90909.0902,254,0,107636360.0,0.0,0,0,0.011,0.0,0.0,0.0,0,0,0,0,0.0,0.0,0.0,148,0,0,0,2,2,1,1,1,1,0,0,0,1,3,0,Shellcode,1,3,Exploits
31371,0.676904,tcp,ssh,FIN,70,64,12472,12924,196.482803,31,29,145296.8125,150366.9531,17,17,9.810203,10.732508,632.12698,662.624423,255,2588579254,2588900446,255,0.000745,0.000609,0.000136,178,202,0,0,1,0,3,1,1,2,0,0,0,2,1,0,Normal,0,3,Exploits
47270,7e-06,unas,-,INT,2,0,200,0,142857.1409,254,0,114285712.0,0.0,0,0,0.007,0.0,0.0,0.0,0,0,0,0,0.0,0.0,0.0,100,0,0,0,6,2,3,2,2,3,0,0,0,7,6,0,Backdoor,1,3,Exploits
71458,0.263433,tcp,-,FIN,10,6,534,268,56.940472,254,252,14607.12891,6802.488281,2,1,26.918889,46.297,1350.417985,65.051629,255,2323552289,2003145840,255,0.087207,0.031947,0.05526,53,45,0,0,9,1,2,2,1,8,0,0,0,3,8,0,Normal,0,3,Exploits
42648,0.478882,tcp,-,FIN,10,6,534,268,31.322955,254,252,8035.382324,3742.049072,2,1,53.101889,83.360203,2715.144483,135.783484,255,4052450442,1412417722,255,0.13593,0.062071,0.073859,53,45,0,0,3,1,2,1,1,3,0,0,0,4,4,0,Normal,0,3,Exploits
74507,1.574455,tcp,http,FIN,10,8,826,1080,10.797387,62,252,3780.355713,4801.661621,2,2,174.939444,220.425,13169.35691,487.719,255,242394998,1146096200,255,0.073287,0.030805,0.042482,83,135,1,138,2,1,1,2,1,1,0,0,4,2,1,0,Normal,0,3,Exploits
44580,0.661795,tcp,-,FIN,10,6,718,268,22.665628,254,252,7821.152832,2707.787109,2,1,65.256889,106.879602,3458.843277,151.103469,255,1841932818,2689302434,255,0.226282,0.127386,0.098896,72,45,0,0,5,1,1,1,1,1,0,0,0,1,4,0,Fuzzers,1,3,Exploits
26639,0.020874,tcp,-,FIN,44,46,2766,24004,4263.677461,31,29,1036313.125,8999905.0,7,16,0.47814,0.417511,29.757315,28.088817,255,2951992078,810811636,255,0.002216,0.002082,0.000134,63,522,0,0,11,0,9,1,1,3,0,0,0,12,15,0,Normal,0,3,Exploits
78549,9e-06,udp,-,INT,2,0,104,0,111111.1072,254,0,46222220.0,0.0,0,0,0.009,0.0,0.0,0.0,0,0,0,0,0.0,0.0,0.0,52,0,0,0,2,2,2,1,1,2,0,0,0,1,10,0,Normal,0,3,Exploits
20729,5e-06,udp,dns,INT,2,0,114,0,200000.0051,254,0,91200000.0,0.0,0,0,0.005,0.0,0.0,0.0,0,0,0,0,0.0,0.0,0.0,57,0,0,0,35,2,35,35,22,35,0,0,0,35,35,0,Generic,1,3,Exploits
37626,0.001787,udp,-,CON,4,4,528,304,3917.17966,31,29,1772803.625,1020705.125,0,0,0.449333,0.243,0.629089,0.333754,0,0,0,0,0.0,0.0,0.0,132,76,0,0,15,0,3,1,1,3,0,0,0,8,4,0,Normal,0,3,Exploits
73840,0.920152,tcp,-,FIN,10,8,490,354,18.475208,254,252,3834.14917,2695.206787,2,1,95.748889,115.109,5986.6325,173.897484,255,1048398929,3642518630,255,0.154354,0.11438,0.039974,49,44,0,0,6,1,1,1,1,5,0,0,0,1,5,0,Normal,0,3,Exploits
79367,2.477196,tcp,http,FIN,60,14,68197,612,29.468803,254,252,216570.6719,1837.561523,27,1,41.131815,182.750313,5095.974392,328.6565,255,4198325741,4292619233,255,0.204931,0.101437,0.103494,1137,44,0,0,3,1,1,1,1,2,0,0,0,1,3,0,Normal,0,3,Exploits
26957,0.018503,tcp,-,FIN,16,18,1540,1644,1783.494655,31,29,624331.25,671458.6875,4,4,1.212133,1.061412,73.606779,2.268641,255,3037605874,896236272,255,0.000575,0.000452,0.000123,96,91,0,0,7,0,7,6,1,6,0,0,0,8,8,0,Normal,0,3,Exploits
20719,7e-06,udp,dns,INT,2,0,114,0,142857.1409,254,0,65142856.0,0.0,0,0,0.007,0.0,0.0,0.0,0,0,0,0,0.0,0.0,0.0,57,0,0,0,33,2,25,25,25,33,0,0,0,25,33,0,Generic,1,3,Exploits
15882,8e-06,udp,dns,INT,2,0,114,0,125000.0003,254,0,57000000.0,0.0,0,0,0.008,0.0,0.0,0.0,0,0,0,0,0.0,0.0,0.0,57,0,0,0,25,2,25,25,25,25,0,0,0,25,25,0,Generic,1,3,Exploits
25245,1.004937,tcp,http,FIN,12,18,1580,10168,28.857529,31,29,11535.05078,76454.53906,3,5,91.326001,59.080703,9529.196788,7676.039274,255,190905270,191880711,255,0.000746,0.00056,0.000186,132,565,1,3924,1,0,4,1,1,1,0,0,1,3,2,0,Normal,0,3,Exploits
6349,0.181975,tcp,http,FIN,10,6,1036,268,82.428902,254,252,41016.62109,9847.505859,2,1,18.674667,35.079602,998.876684,60.038398,255,3441129146,3345851842,255,0.052146,0.006568,0.045578,104,45,1,0,2,1,1,1,1,1,0,0,1,1,1,0,Exploits,1,9,Worms
57461,2e-06,udp,dns,INT,2,0,114,0,500000.0013,254,0,228000000.0,0.0,0,0,0.002,0.0,0.0,0.0,0,0,0,0,0.0,0.0,0.0,57,0,0,0,13,2,4,4,4,4,0,0,0,5,13,0,Generic,1,3,Exploits
44290,1.053881,tcp,-,FIN,12,8,1036,760,18.0286,254,252,7211.439941,5048.007812,3,2,86.004726,137.996859,4787.877305,175.991672,255,3443364184,4275035421,255,0.150777,0.087895,0.062882,86,95,0,0,3,1,1,1,1,1,0,0,0,1,2,0,Fuzzers,1,3,Exploits
50952,1.1e-05,mfe-nsp,-,INT,2,0,200,0,90909.0902,254,0,72727272.0,0.0,0,0,0.011,0.0,0.0,0.0,0,0,0,0,0.0,0.0,0.0,100,0,0,0,22,2,6,4,4,6,0,0,0,7,17,0,Backdoor,1,3,Exploits
30926,0.525994,tcp,smtp,FIN,52,42,37232,3380,176.8081,31,29,555382.75,50190.6875,18,8,10.306196,12.815391,789.237865,25.242738,255,1298685431,1309289738,255,0.000692,0.000559,0.000133,716,80,0,0,2,0,4,1,1,2,0,0,0,5,1,0,Normal,0,3,Exploits
43220,1.1e-05,udp,-,INT,2,0,1064,0,90909.0902,254,0,386909088.0,0.0,0,0,0.011,0.0,0.0,0.0,0,0,0,0,0.0,0.0,0.0,532,0,0,0,31,2,8,8,1,31,0,0,0,8,31,0,Normal,0,3,Exploits
50484,6e-06,udp,dns,INT,2,0,114,0,166666.6608,254,0,76000000.0,0.0,0,0,0.006,0.0,0.0,0.0,0,0,0,0,0.0,0.0,0.0,57,0,0,0,7,2,4,4,4,4,0,0,0,4,7,0,Generic,1,3,Exploits
6791,3e-06,leaf-1,-,INT,2,0,200,0,333333.3215,254,0,266666656.0,0.0,0,0,0.003,0.0,0.0,0.0,0,0,0,0,0.0,0.0,0.0,100,0,0,0,6,2,2,2,2,6,0,0,0,4,6,0,DoS,1,3,Exploits
702,9e-06,skip,-,INT,2,0,200,0,111111.1072,254,0,88888888.0,0.0,0,0,0.009,0.0,0.0,0.0,0,0,0,0,0.0,0.0,0.0,100,0,0,0,6,2,2,2,2,6,0,0,0,2,6,0,DoS,1,3,Exploits
62255,7e-06,unas,-,INT,2,0,200,0,142857.1409,254,0,114285712.0,0.0,0,0,0.007,0.0,0.0,0.0,0,0,0,0,0.0,0.0,0.0,100,0,0,0,12,2,2,2,2,2,0,0,0,2,12,0,Backdoor,1,3,Exploits
73785,1.468677,tcp,-,FIN,10,8,910,354,11.575043,254,252,4461.157715,1688.594482,2,1,158.796222,194.615859,9461.571332,298.284781,255,3137118525,189095347,255,0.175068,0.106357,0.068711,91,44,0,0,2,1,1,1,1,2,0,0,0,1,2,0,Normal,0,3,Exploits
44078,1.276495,tcp,-,FIN,10,8,1100,354,13.317718,254,252,6204.489746,1942.820068,2,1,141.819444,169.938578,7991.626009,280.097812,255,248727432,1595066701,255,0.181085,0.086915,0.09417,110,44,0,0,2,1,1,1,1,1,0,0,0,1,1,0,DoS,1,3,Exploits
43355,0.0,arp,-,INT,1,0,46,0,0.0,0,0,0.0,0.0,0,0,60000.72,0.0,10.954517,0.0,0,0,0,0,0.0,0.0,0.0,46,0,0,0,1,2,1,1,1,1,0,0,0,1,1,1,Normal,0,3,Exploits
42011,0.522369,tcp,-,FIN,10,6,1282,268,28.715332,254,252,17673.33008,3430.524902,2,1,55.373889,84.607797,2871.380192,135.604953,255,2789325201,1737454711,255,0.174309,0.099322,0.074987,128,45,0,0,6,1,3,1,1,2,0,0,0,3,4,0,Normal,0,3,Exploits
33256,0.045006,tcp,-,FIN,72,74,4238,63878,3221.792685,31,29,743012.0625,11201173.0,7,30,0.629338,0.608219,38.004604,36.980258,255,1063846119,1064148267,255,0.000751,0.000596,0.000155,59,863,0,0,9,0,2,1,1,1,0,0,0,3,4,0,Normal,0,3,Exploits
50830,1.2e-05,iso-tp4,-,INT,2,0,200,0,83333.33039,254,0,66666664.0,0.0,0,0,0.012,0.0,0.0,0.0,0,0,0,0,0.0,0.0,0.0,100,0,0,0,22,2,4,4,4,4,0,0,0,4,17,0,Exploits,1,3,Exploits
30484,0.001029,udp,dns,CON,2,2,146,178,2915.451794,31,29,567541.3125,691933.875,0,0,0.01,0.009,0.0,0.0,0,0,0,0,0.0,0.0,0.0,73,89,0,0,3,0,1,2,1,1,0,0,0,3,2,0,Normal,0,3,Exploits
4736,0.336832,tcp,-,FIN,10,6,534,268,44.532588,254,252,11424.09277,5320.159668,2,1,35.057222,56.251801,1706.439891,79.189211,255,1963018526,121575898,255,0.08615,0.055565,0.030585,53,45,0,0,4,1,2,2,1,4,0,0,0,3,4,0,Fuzzers,1,3,Exploits
35718,0.001017,udp,dns,CON,2,2,146,178,2949.852669,31,29,574238.0,700098.375,0,0,0.011,0.005,0.0,0.0,0,0,0,0,0.0,0.0,0.0,73,89,0,0,5,0,3,2,1,2,0,0,0,2,3,0,Normal,0,3,Exploits
40012,0.019702,tcp,-,FIN,46,48,2854,30622,4720.332831,31,29,1133692.0,12175413.0,7,17,0.429378,0.407383,0.0,23.78177,255,1789798201,3948861534,255,0.000687,0.000551,0.000136,62,638,0,0,5,0,2,1,1,1,0,0,0,3,3,0,Normal,0,3,Exploits
59356,0.642701,tcp,-,FIN,10,8,598,354,26.450868,254,252,6709.185059,3858.714844,2,1,71.411222,78.960141,4399.7552,119.756906,255,2237050220,2518756480,255,0.1348,0.089358,0.045442,60,44,0,0,1,1,1,1,1,1,0,0,0,2,1,0,Shellcode,1,3,Exploits
11485,0.765917,tcp,http,FIN,10,6,2390,268,19.584367,254,252,22467.18555,2339.679199,2,1,81.276667,139.146406,4387.344549,227.967844,255,1971335810,998227289,255,0.123424,0.070182,0.053242,239,45,1,0,1,1,1,1,1,1,0,0,1,1,1,0,Exploits,1,9,Worms
14402,8e-06,udp,dns,INT,2,0,114,0,125000.0003,254,0,57000000.0,0.0,0,0,0.008,0.0,0.0,0.0,0,0,0,0,0.0,0.0,0.0,57,0,0,0,24,2,14,14,14,24,0,0,0,14,24,0,Generic,1,3,Exploits
61526,1.309215,tcp,-,FIN,10,10,792,2992,14.512514,62,252,4356.80957,16455.66211,2,2,145.468333,139.562672,8456.327369,307.241938,255,1093738684,2421386563,255,0.108336,0.052648,0.055688,79,299,0,0,1,1,1,1,1,1,0,0,0,1,1,0,Exploits,1,3,Exploits
35521,0.00496,tcp,-,FIN,24,20,2158,1918,8669.354753,31,29,3337096.75,2940322.5,6,5,0.215652,0.225842,13.080256,13.666553,255,426689412,2572355174,255,0.000656,0.000529,0.000127,90,96,0,0,3,0,6,1,1,1,0,0,0,1,5,0,Normal,0,3,Exploits
9468,1.105898,tcp,ftp,FIN,20,22,1092,1654,37.073943,62,252,7508.82959,11422.3916,7,9,58.150317,52.346094,2979.181954,2681.040105,255,245809915,3923855961,255,0.053673,0.006626,0.047047,55,75,0,0,1,1,2,1,1,2,1,1,0,2,1,0,Exploits,1,3,Exploits
48885,0.489045,tcp,-,FIN,10,6,648,268,30.672024,254,252,9553.313477,3664.284424,2,0,10796.9786,17995.07,1074764.726,40068.02,255,3263348231,622235735,255,0.078762,0.050996,0.027766,65,45,0,0,8,1,4,4,3,4,0,0,0,4,8,0,Fuzzers,1,3,Exploits
27094,0.01847,tcp,-,FIN,16,18,1540,1644,1786.681058,31,29,625446.625,672658.375,4,4,1.210133,1.058294,73.091221,2.231696,255,1980354845,4133953638,255,0.000606,0.000476,0.00013,96,91,0,0,8,0,4,4,1,4,0,0,0,5,15,0,Normal,0,3,Exploits
37853,0.001307,udp,dns,CON,2,2,146,178,2295.332723,31,29,446824.7813,544758.9375,0,0,0.011,0.217,0.0,0.0,0,0,0,0,0.0,0.0,0.0,73,89,0,0,3,0,8,2,1,1,0,0,0,3,2,0,Normal,0,3,Exploits
16072,6e-06,udp,dns,INT,2,0,114,0,166666.6608,254,0,76000000.0,0.0,0,0,0.006,0.0,0.0,0.0,0,0,0,0,0.0,0.0,0.0,57,0,0,0,50,2,43,43,25,50,0,0,0,44,50,0,Generic,1,3,Exploits
67225,1e-06,udp,-,INT,2,0,104,0,1000000.003,254,0,416000000.0,0.0,0,0,0.001,0.0,0.0,0.0,0,0,0,0,0.0,0.0,0.0,52,0,0,0,2,2,2,2,2,2,0,0,0,3,3,0,Normal,0,3,Exploits
80840,9e-06,tcp,-,REQ,2,0,90,0,111111.1072,254,0,40000000.0,0.0,1,0,0.009,0.0,0.0,0.0,255,0,0,0,0.0,0.0,0.0,45,0,0,0,13,6,5,1,1,12,0,0,0,5,12,0,Normal,0,3,Exploits
7835,9e-06,unas,-,INT,2,0,200,0,111111.1072,254,0,88888888.0,0.0,0,0,0.009,0.0,0.0,0.0,0,0,0,0,0.0,0.0,0.0,100,0,0,0,8,2,4,4,4,8,0,0,0,13,8,0,Exploits,1,3,Exploits
42265,2.300788,tcp,ftp,FIN,14,14,656,768,11.73511,254,252,2121.012451,2482.627686,3,4,176.909534,162.208234,10342.22411,237.062234,255,157631718,3234942647,255,0.245836,0.192076,0.05376,47,55,0,0,2,1,1,1,1,2,0,0,0,1,2,0,Normal,0,3,Exploits
7286,8e-06,mtp,-,INT,2,0,200,0,125000.0003,254,0,100000000.0,0.0,0,0,0.008,0.0,0.0,0.0,0,0,0,0,0.0,0.0,0.0,100,0,0,0,6,2,2,2,2,6,0,0,0,11,6,0,Exploits,1,3,Exploits
40370,1.20109,tcp,-,FIN,10,8,1726,354,14.153811,254,252,10350.59863,2064.79126,2,1,133.454444,154.673281,7519.275681,327.967938,255,883575868,283795256,255,0.187599,0.097827,0.089772,173,44,0,0,3,1,1,1,1,1,0,0,0,1,1,0,Normal,0,3,Exploits
64464,0.587271,tcp,-,FIN,10,10,826,4338,32.353038,62,252,10135.01465,53195.20703,2,3,65.252333,60.802556,4594.67911,5121.149702,255,1821587719,3363964978,255,0.068317,0.039419,0.028898,83,434,0,0,2,1,1,1,1,1,0,0,0,1,2,0,Exploits,1,3,Exploits
13315,3e-05,udp,dns,INT,2,0,114,0,33333.33418,254,0,15200000.0,0.0,0,0,0.03,0.0,0.0,0.0,0,0,0,0,0.0,0.0,0.0,57,0,0,0,24,2,24,24,24,24,0,0,0,25,24,0,Generic,1,3,Exploits
57540,0.244651,tcp,-,FIN,10,6,534,268,61.311827,254,252,15728.52734,7324.719727,2,1,25.786778,39.547,1417.618873,67.538625,255,1608988164,302686972,255,0.103041,0.046913,0.056128,53,45,0,0,15,1,1,1,1,1,0,0,0,1,15,0,Fuzzers,1,3,Exploits
49296,0.633639,tcp,-,FIN,10,8,564,354,26.829158,254,252,6413.74707,3913.900635,2,1,68.936,89.276711,5420.833975,136.097766,255,3738972380,2704186133,255,0.033806,0.008691,0.025115,56,44,0,0,1,1,1,1,1,1,0,0,0,1,2,0,Reconnaissance,1,3,Exploits
17250,4e-06,udp,dns,INT,2,0,114,0,250000.0006,254,0,114000000.0,0.0,0,0,0.004,0.0,0.0,0.0,0,0,0,0,0.0,0.0,0.0,57,0,0,0,17,2,7,7,4,17,0,0,0,7,17,0,Generic,1,3,Exploits
30791,0.048342,tcp,ftp-data,FIN,6,8,320,2002,268.917294,31,29,44185.17969,289934.2188,1,2,9.6052,6.833857,669.822113,16.414965,255,4282897198,2196626865,255,0.000645,0.000498,0.000147,53,250,0,0,2,0,3,1,1,2,0,0,0,3,2,0,Normal,0,3,Exploits
76698,0.451181,tcp,-,FIN,10,6,766,268,33.246081,254,252,12234.55762,3971.798584,2,1,46.483444,74.413797,2344.158264,108.796602,255,1104227938,3030199254,255,0.129585,0.079093,0.050492,77,45,0,0,4,1,2,2,1,4,0,0,0,2,4,0,Normal,0,3,Exploits
66150,1.408387,tcp,http,FIN,10,10,822,1310,13.490611,62,252,4203.390137,6697.022949,2,2,156.487444,148.041562,8826.187306,302.17,255,1820011579,3987173672,255,0.135679,0.07486,0.060819,82,131,1,210,2,1,2,2,2,3,0,0,4,2,2,0,Normal,0,3,Exploits
4403,8e-06,uti,-,INT,2,0,200,0,125000.0003,254,0,100000000.0,0.0,0,0,0.008,0.0,0.0,0.0,0,0,0,0,0.0,0.0,0.0,100,0,0,0,5,2,2,2,2,5,0,0,0,11,5,0,DoS,1,3,Exploits
14225,9e-06,udp,dns,INT,2,0,114,0,111111.1072,254,0,50666664.0,0.0,0,0,0.009,0.0,0.0,0.0,0,0,0,0,0.0,0.0,0.0,57,0,0,0,18,2,19,18,18,19,0,0,0,19,18,0,Generic,1,3,Exploits
26025,0.001046,udp,dns,CON,2,2,146,178,2868.068701,31,29,558317.375,680688.3125,0,0,0.01,0.008,0.0,0.0,0,0,0,0,0.0,0.0,0.0,73,89,0,0,3,0,3,1,1,1,0,0,0,1,3,0,Normal,0,3,Exploits
12797,3e-06,udp,dns,INT,2,0,114,0,333333.3215,254,0,152000000.0,0.0,0,0,0.003,0.0,0.0,0.0,0,0,0,0,0.0,0.0,0.0,57,0,0,0,17,2,8,8,8,17,0,0,0,9,17,0,Generic,1,3,Exploits
1698,9e-06,cftp,-,INT,2,0,200,0,111111.1072,254,0,88888888.0,0.0,0,0,0.009,0.0,0.0,0.0,0,0,0,0,0.0,0.0,0.0,100,0,0,0,6,2,1,1,1,6,0,0,0,1,6,0,DoS,1,3,Exploits
5158,5e-06,sps,-,INT,2,0,200,0,200000.0051,254,0,160000000.0,0.0,0,0,0.005,0.0,0.0,0.0,0,0,0,0,0.0,0.0,0.0,100,0,0,0,5,2,2,2,2,5,0,0,0,2,5,0,DoS,1,3,Exploits
72042,0.271344,tcp,-,FIN,10,6,1612,268,55.280381,254,252,42779.64453,6604.162598,2,1,30.025111,48.042602,1515.519155,74.028789,255,1227790788,641213517,255,0.092043,0.031122,0.060921,161,45,0,0,7,1,2,2,1,6,0,0,0,3,6,0,Normal,0,3,Exploits
13814,1.4e-05,udp,dns,INT,2,0,114,0,71428.57045,254,0,32571428.0,0.0,0,0,0.014,0.0,0.0,0.0,0,0,0,0,0.0,0.0,0.0,57,0,0,0,25,2,25,25,25,25,0,0,0,25,25,0,Generic,1,3,Exploits
28874,1.021857,tcp,smtp,FIN,52,42,37178,3380,91.010775,31,29,285472.4375,25835.31641,18,8,20.028882,24.909854,1430.50122,45.890305,255,750154789,766212361,255,0.000676,0.000551,0.000125,715,80,0,0,1,0,2,1,1,1,0,0,0,4,1,0,Normal,0,3,Exploits
1292,28.213135,ospf,-,INT,20,0,1280,0,0.673445,254,0,344.803925,0.0,0,0,1484.90175,0.0,1831.332375,0.0,0,0,0,0,0.0,0.0,0.0,64,0,0,0,1,2,1,1,1,1,0,0,0,1,1,0,Exploits,1,3,Exploits
35495,0.046231,tcp,ftp-data,FIN,6,8,320,1828,281.19659,31,29,46202.76172,276870.5,1,2,9.1824,6.533571,640.237965,15.693315,255,1397414966,1544432160,255,0.000623,0.00049,0.000133,53,229,0,0,3,0,3,1,1,2,0,0,0,5,6,0,Normal,0,3,Exploits
50300,1.12954,tcp,-,FIN,10,8,588,354,15.050375,254,252,3753.740479,2195.584229,2,1,123.336556,153.425,7156.329625,290.472969,255,298092308,2616424077,255,0.113493,0.055543,0.05795,59,44,0,0,4,1,1,1,1,1,0,0,0,2,3,0,Fuzzers,1,3,Exploits
27450,0.010917,tcp,-,FIN,36,38,2334,16290,6686.819004,31,29,1663460.75,11623707.0,7,12,0.302771,0.278297,18.729988,17.362406,255,484728531,2630436763,255,0.000768,0.000609,0.000159,65,429,0,0,8,0,5,1,1,4,0,0,0,9,9,0,Normal,0,3,Exploits
66441,1.00275,tcp,-,FIN,10,8,2516,354,16.953378,254,252,18070.30664,2473.198486,2,1,107.281667,131.846,6127.831968,228.366984,255,468584480,1749955002,255,0.172287,0.079824,0.092463,252,44,0,0,20,1,1,1,1,1,0,0,0,20,1,0,Normal,0,3,Exploits
52676,0.774891,tcp,http,FIN,10,10,816,5162,24.519577,62,252,7588.164062,47965.45313,2,3,86.099,77.595,4679.705445,5103.819496,255,28880206,1415398499,255,0.215746,0.076019,0.139727,82,516,1,2114,1,1,1,1,1,1,0,0,1,5,1,0,Exploits,1,3,Exploits
62880,0.643271,tcp,-,FIN,10,6,534,268,23.31832,254,252,5981.92627,2785.761963,2,1,67.725556,114.506398,3907.900351,182.785781,255,609941390,1782829746,255,0.141345,0.070737,0.070608,53,45,0,0,4,1,2,1,1,1,0,0,0,1,3,0,Fuzzers,1,3,Exploits
72074,0.525081,tcp,-,FIN,10,8,1612,354,32.375959,254,252,22107.06641,4723.081055,2,1,55.860222,67.97057,3758.269022,117.905664,255,789059163,4090797488,255,0.122985,0.049279,0.073706,161,44,0,0,6,1,2,2,1,6,0,0,0,2,6,0,Normal,0,3,Exploits
64853,4.89486,tcp,-,FIN,24,22,1256,1628,9.193317,62,252,1967.778564,2539.807129,7,9,212.820005,230.304094,14330.09612,497.268687,255,3045534392,4197912105,255,0.139747,0.05779,0.081957,52,74,0,0,4,1,2,1,1,2,0,0,0,2,2,0,Exploits,1,3,Exploits
26595,1.054188,udp,-,CON,4,4,568,304,6.640182,31,29,3232.819824,1730.241699,0,0,318.329,276.305656,450.171063,390.753094,0,0,0,0,0.0,0.0,0.0,142,76,0,0,5,0,9,1,1,2,0,0,0,4,10,0,Normal,0,3,Exploits
47534,8e-06,udp,-,INT,2,0,168,0,125000.0003,254,0,84000000.0,0.0,0,0,0.008,0.0,0.0,0.0,0,0,0,0,0.0,0.0,0.0,84,0,0,0,1,2,1,1,1,1,0,0,0,1,1,0,Reconnaissance,1,3,Exploits
45471,0.785012,tcp,smtp,FIN,20,20,3352,1744,49.680769,62,252,32458.10156,16886.36523,7,8,41.316421,40.784,2056.415333,49.367102,255,2259159555,1236133303,255,0.053882,0.00681,0.047072,168,87,0,0,1,1,1,1,1,1,0,0,0,1,1,0,Exploits,1,3,Exploits
62951,0.681344,tcp,-,FIN,12,8,1122,732,27.886062,254,252,12082.00293,7526.30127,3,2,61.853818,86.60357,2987.157507,114.160328,255,904490329,116373998,255,0.147986,0.075112,0.072874,94,92,0,0,4,1,2,1,1,2,0,0,0,2,5,0,Fuzzers,1,3,Exploits
65095,0.274035,tcp,-,FIN,12,8,1008,762,69.334207,254,252,26974.65625,19471.96484,3,2,23.627183,35.014,1169.310039,45.939074,255,1257108828,2612629473,255,0.063441,0.028936,0.034505,84,95,0,0,9,1,3,3,1,3,0,0,0,3,8,0,Fuzzers,1,3,Exploits
52677,0.390904,tcp,http,FIN,10,6,890,268,38.372592,254,252,16392.77148,4584.245605,2,1,39.781778,70.558602,2345.199781,118.662555,255,2877920448,3524589418,255,0.108093,0.03811,0.069983,89,45,1,0,1,1,1,1,1,1,0,0,1,1,1,0,Reconnaissance,1,9,Worms
75601,0.648485,tcp,-,FIN,10,6,756,268,23.130836,254,252,8401.119141,2763.36377,2,1,72.053889,102.615203,3541.703925,163.660219,255,3099094153,2479252256,255,0.213544,0.134704,0.07884,76,45,0,0,5,1,2,2,1,4,0,0,0,3,4,0,Normal,0,3,Exploits
63199,1.639096,tcp,-,FIN,22,22,1166,1624,26.233973,62,252,5432.262695,7570.026367,7,9,78.05219,76.772765,4188.989419,4293.326122,255,2093377176,2246671651,255,0.060672,0.026125,0.034547,53,74,0,0,3,1,3,1,1,2,0,0,0,2,5,0,Exploits,1,3,Exploits
71535,0.786635,tcp,-,FIN,14,12,1398,678,31.780941,254,252,13210.70117,6325.678711,4,4,60.510382,66.90918,3036.740616,82.182844,255,900695812,809016053,255,0.078479,0.050189,0.02829,100,57,0,0,4,1,1,1,1,4,0,0,0,1,4,0,Normal,0,3,Exploits
24980,1.258251,tcp,http,FIN,14,18,1684,10168,24.637375,31,29,9943.961914,61062.53906,3,5,96.76031,73.983882,9161.701291,8024.256633,255,1679173544,1680160173,255,0.000658,0.000521,0.000137,120,565,1,3924,1,0,1,1,1,1,0,0,1,1,4,0,Normal,0,3,Exploits
12685,3e-06,udp,dns,INT,2,0,114,0,333333.3215,254,0,152000000.0,0.0,0,0,0.003,0.0,0.0,0.0,0,0,0,0,0.0,0.0,0.0,57,0,0,0,15,2,6,6,6,15,0,0,0,6,15,0,Generic,1,3,Exploits
56904,1.1e-05,swipe,-,INT,2,0,200,0,90909.0902,254,0,72727272.0,0.0,0,0,0.011,0.0,0.0,0.0,0,0,0,0,0.0,0.0,0.0,100,0,0,0,14,2,6,4,4,5,0,0,0,5,14,0,Exploits,1,3,Exploits
59962,4e-06,udp,dns,INT,2,0,114,0,250000.0006,254,0,114000000.0,0.0,0,0,0.004,0.0,0.0,0.0,0,0,0,0,0.0,0.0,0.0,57,0,0,0,15,2,7,7,3,7,0,0,0,7,15,0,Generic,1,3,Exploits
32986,0.004142,tcp,http,FIN,8,10,1040,824,4104.297565,31,29,1757605.125,1433124.125,2,2,0.540286,0.401111,34.821584,0.737364,255,3650902321,1506678430,255,0.000646,0.000504,0.000142,130,82,1,83,2,0,7,2,1,5,0,0,1,11,4,0,Normal,0,3,Exploits
4941,12.871212,udp,-,INT,4,0,2128,0,0.233078,254,0,991.981201,0.0,0,0,4290.404,0.0,6067.5355,0.0,0,0,0,0,0.0,0.0,0.0,532,0,0,0,20,2,7,7,1,20,0,0,0,7,20,0,Fuzzers,1,3,Exploits
9277,0.4328,tcp,irc,FIN,10,8,500,354,39.279113,254,252,8317.929688,5730.129395,2,1,46.492333,54.299855,3278.718546,104.510156,255,484626364,3516553861,255,0.103698,0.052692,0.051006,50,44,0,0,1,1,1,1,1,1,0,0,0,1,1,0,Exploits,1,3,Exploits
80161,0.424128,tcp,http,FIN,10,8,830,1230,40.08224,62,252,14090.08594,20314.62305,2,2,47.125333,55.62757,2315.932152,79.702023,255,351503782,324690317,255,0.102046,0.033732,0.068314,83,154,1,181,4,1,3,3,2,6,0,0,4,3,4,0,Normal,0,3,Exploits
48383,0.506002,tcp,http,FIN,10,4,1270,172,25.691598,254,252,18071.07422,2039.517578,1,0,53.687111,18.438334,2803.68777,26.062307,255,2877680197,507302666,255,0.0,0.0,0.0,127,43,0,0,1,1,1,1,1,1,0,0,0,1,1,0,Exploits,1,3,Exploits
14528,8e-06,udp,dns,INT,2,0,114,0,125000.0003,254,0,57000000.0,0.0,0,0,0.008,0.0,0.0,0.0,0,0,0,0,0.0,0.0,0.0,57,0,0,0,32,2,14,14,14,32,0,0,0,14,32,0,Generic,1,3,Exploits
28945,0.001049,udp,dns,CON,2,2,146,178,2859.866662,31,29,556720.6875,678741.6875,0,0,0.01,0.009,0.0,0.0,0,0,0,0,0.0,0.0,0.0,73,89,0,0,1,0,2,1,1,1,0,0,0,4,4,0,Normal,0,3,Exploits
12466,4e-05,swipe,-,INT,1,0,60,0,0.0,0,0,0.0,0.0,0,0,0.0,0.0,0.0,0.0,0,0,0,0,0.0,0.0,0.0,60,0,0,0,3,2,3,3,3,3,0,0,0,3,3,0,DoS,1,3,Exploits
54630,1.1e-05,udp,dns,INT,2,0,114,0,90909.0902,254,0,41454544.0,0.0,0,0,0.011,0.0,0.0,0.0,0,0,0,0,0.0,0.0,0.0,57,0,0,0,10,2,7,7,3,7,0,0,0,7,10,0,Generic,1,3,Exploits
67354,0.62695,tcp,-,FIN,10,6,534,268,23.925352,254,252,6137.650391,2858.281982,2,1,64.581333,102.033203,3507.63707,164.716391,255,3028328325,1418572100,255,0.227256,0.116775,0.110481,53,45,0,0,5,1,2,1,1,4,0,0,0,1,6,0,Normal,0,3,Exploits
45023,1.818013,tcp,smtp,FIN,20,20,3748,1620,21.451992,62,252,15669.85547,6772.229004,7,8,95.684895,88.941523,4742.258849,110.180383,255,3325938098,4143922320,255,0.117953,0.081333,0.03662,187,81,0,0,2,1,1,2,1,1,0,0,0,2,1,0,Exploits,1,3,Exploits
2946,5e-06,ifmp,-,INT,2,0,200,0,200000.0051,254,0,160000000.0,0.0,0,0,0.005,0.0,0.0,0.0,0,0,0,0,0.0,0.0,0.0,100,0,0,0,5,2,2,2,2,5,0,0,0,2,5,0,DoS,1,3,Exploits
17357,5e-06,udp,dns,INT,2,0,114,0,200000.0051,254,0,91200000.0,0.0,0,0,0.005,0.0,0.0,0.0,0,0,0,0,0.0,0.0,0.0,57,0,0,0,35,2,16,16,16,35,0,0,0,17,35,0,Generic,1,3,Exploits
81064,0.99046,tcp,http,FIN,10,8,828,1100,17.163742,62,252,6025.483398,7778.204102,2,2,110.051111,124.47743,5779.88594,203.778172,255,3619801961,799862908,255,0.193169,0.118317,0.074852,83,138,1,142,6,1,1,1,1,6,0,0,1,1,6,0,Normal,0,3,Exploits
29245,0.010629,tcp,-,FIN,36,38,2334,16290,6868.002542,31,29,1708533.25,11938658.0,7,12,0.294371,0.271,17.887386,16.747155,255,2030414313,4180296783,255,0.000748,0.000591,0.000157,65,429,0,0,5,0,5,1,1,1,0,0,0,3,11,0,Normal,0,3,Exploits
3212,9e-06,i-nlsp,-,INT,2,0,200,0,111111.1072,254,0,88888888.0,0.0,0,0,0.009,0.0,0.0,0.0,0,0,0,0,0.0,0.0,0.0,100,0,0,0,5,2,1,1,1,5,0,0,0,1,5,0,Exploits,1,3,Exploits
30547,0.001665,udp,-,CON,4,4,512,304,4204.204232,31,29,1845045.0,1095495.5,0,0,0.429667,0.212333,0.600571,0.294631,0,0,0,0,0.0,0.0,0.0,128,76,0,0,4,0,4,1,1,3,0,0,0,3,6,0,Normal,0,3,Exploits
42958,0.0,arp,-,INT,1,0,46,0,0.0,0,0,0.0,0.0,0,0,60000.684,0.0,10.954514,0.0,0,0,0,0,0.0,0.0,0.0,46,0,0,0,2,2,2,2,2,2,0,0,0,2,2,1,Normal,0,3,Exploits
13338,8e-06,udp,dns,INT,2,0,114,0,125000.0003,254,0,57000000.0,0.0,0,0,0.008,0.0,0.0,0.0,0,0,0,0,0.0,0.0,0.0,57,0,0,0,34,2,4,4,3,34,0,0,0,4,34,0,Generic,1,3,Exploits
6709,0.748402,tcp,-,FIN,10,8,564,354,22.715065,254,252,5430.236816,3313.727051,2,1,83.155778,105.00757,5735.608864,144.491281,255,1442917653,2723817631,255,0.047698,0.012439,0.035259,56,44,0,0,1,1,1,1,1,1,0,0,0,1,1,0,Reconnaissance,1,3,Exploits
11895,0.941574,tcp,http,FIN,32,112,3180,145388,151.873356,62,252,26177.44336,1224248.0,6,54,30.373354,8.239847,1529.768789,878.810773,255,2477925949,2833216532,255,0.054748,0.00755,0.047198,99,1298,1,109,1,1,1,1,1,1,0,0,1,2,1,0,Exploits,1,3,Exploits
16872,3.5e-05,udp,dns,INT,2,0,114,0,28571.42781,254,0,13028571.0,0.0,0,0,0.035,0.0,0.0,0.0,0,0,0,0,0.0,0.0,0.0,57,0,0,0,38,2,17,17,9,38,0,0,0,17,38,0,Generic,1,3,Exploits
79491,1.122339,tcp,-,FIN,10,6,546,268,13.364946,254,252,3506.96167,1596.665527,2,1,118.917778,200.172,6792.547958,334.791781,255,856054261,3777899774,255,0.237591,0.121476,0.116115,55,45,0,0,5,1,1,2,1,2,0,0,0,2,2,0,Normal,0,3,Exploits
29537,0.004561,udp,-,CON,4,4,568,304,1534.751138,31,29,747204.5625,399912.2813,0,0,1.244,1.022333,1.750801,1.435193,0,0,0,0,0.0,0.0,0.0,142,76,0,0,8,0,4,1,1,3,0,0,0,5,17,0,Normal,0,3,Exploits
80042,59.996918,arp,-,INT,2,0,92,0,0.016668,0,0,6.133648,0.0,0,0,59998.816,0.0,0.0,0.0,0,0,0,0,0.0,0.0,0.0,46,0,0,0,1,2,1,1,1,1,0,0,0,1,1,1,Normal,0,3,Exploits
380,7e-06,udp,-,INT,2,0,168,0,142857.1409,254,0,96000000.0,0.0,0,0,0.007,0.0,0.0,0.0,0,0,0,0,0.0,0.0,0.0,84,0,0,0,2,2,1,1,1,1,0,0,0,1,1,0,Reconnaissance,1,3,Exploits
48192,0.951009,tcp,http,FIN,10,10,846,1694,19.978781,62,252,6410.03418,12828.48047,2,2,105.667667,96.575445,6637.986159,152.4805,255,3809883138,2956552555,255,0.142043,0.08104,0.061003,85,169,0,0,1,1,1,1,1,1,0,0,0,1,1,0,Exploits,1,3,Exploits
72379,4e-06,udp,-,INT,2,0,78,0,250000.0006,254,0,78000000.0,0.0,0,0,0.004,0.0,0.0,0.0,0,0,0,0,0.0,0.0,0.0,39,0,0,0,5,2,2,2,1,5,0,0,0,2,5,0,Normal,0,3,Exploits
63462,1.258177,tcp,-,FIN,12,10,1036,808,16.690815,254,252,6040.485352,4628.919434,3,2,114.366364,131.658328,6238.379061,173.433422,255,3855522948,1259908401,255,0.140529,0.073242,0.067287,86,81,0,0,5,1,1,1,1,1,0,0,0,2,3,0,Fuzzers,1,3,Exploits
75250,0.64277,tcp,-,FIN,10,6,2516,268,23.336497,254,252,28190.48828,2787.933594,2,1,71.382,115.523797,4160.144861,201.857125,255,3560117283,3646818715,255,0.173932,0.065147,0.108785,252,45,0,0,9,1,1,1,1,4,0,0,0,4,3,0,Normal,0,3,Exploits
13091,3e-06,udp,dns,INT,2,0,114,0,333333.3215,254,0,152000000.0,0.0,0,0,0.003,0.0,0.0,0.0,0,0,0,0,0.0,0.0,0.0,57,0,0,0,34,2,25,25,25,34,0,0,0,25,34,0,Generic,1,3,Exploits
54604,1e-05,udp,dns,INT,2,0,114,0,100000.0025,254,0,45600000.0,0.0,0,0,0.01,0.0,0.0,0.0,0,0,0,0,0.0,0.0,0.0,57,0,0,0,12,2,4,4,4,4,0,0,0,4,11,0,Generic,1,3,Exploits
29350,0.02698,tcp,-,FIN,16,18,1540,1644,1223.128261,31,29,428169.0313,460489.25,4,4,1.7796,1.559647,112.820472,3.178005,255,3386265856,1246369272,255,0.000605,0.000462,0.000143,96,91,0,0,18,0,9,7,1,7,0,0,0,9,17,0,Normal,0,3,Exploits
7721,3e-06,unas,-,INT,2,0,200,0,333333.3215,254,0,266666656.0,0.0,0,0,0.003,0.0,0.0,0.0,0,0,0,0,0.0,0.0,0.0,100,0,0,0,7,2,4,3,3,7,0,0,0,6,7,0,Exploits,1,3,Exploits
59324,1e-05,udp,dns,INT,2,0,114,0,100000.0025,254,0,45600000.0,0.0,0,0,0.01,0.0,0.0,0.0,0,0,0,0,0.0,0.0,0.0,57,0,0,0,12,2,4,4,4,4,0,0,0,5,12,0,Generic,1,3,Exploits
4587,0.658853,tcp,-,FIN,10,8,564,354,25.802417,254,252,6168.29541,3764.117432,2,1,72.585222,93.247859,5411.019354,135.293219,255,46168302,1765833043,255,0.050992,0.006104,0.044888,56,44,0,0,3,1,1,1,1,1,0,0,0,1,1,0,Reconnaissance,1,3,Exploits
45317,1.2e-05,udp,-,INT,2,0,1300,0,83333.33039,254,0,433333312.0,0.0,0,0,0.012,0.0,0.0,0.0,0,0,0,0,0.0,0.0,0.0,650,0,0,0,1,2,1,1,1,1,0,0,0,1,1,0,Generic,1,9,Worms
11127,0.738765,tcp,http,FIN,10,10,808,1196,25.718598,62,252,7883.427246,11662.70703,2,2,82.085,70.165781,4967.08469,114.208469,255,17734597,1595159457,255,0.116946,0.078757,0.038189,81,120,1,787,9,1,4,4,4,9,0,0,16,4,9,0,Exploits,1,3,Exploits
7752,45.037312,ospf,-,INT,42,0,18480,0,0.910356,254,0,3204.454102,0.0,0,0,1098.471,0.0,1384.726625,0.0,0,0,0,0,0.0,0.0,0.0,440,0,0,0,1,2,1,1,1,1,0,0,0,2,1,0,Reconnaissance,1,3,Exploits
47560,6e-06,udp,-,INT,2,0,1064,0,166666.6608,254,0,709333312.0,0.0,0,0,0.006,0.0,0.0,0.0,0,0,0,0,0.0,0.0,0.0,532,0,0,0,3,2,1,1,1,1,0,0,0,1,4,0,Fuzzers,1,9,Worms
27784,0.000972,udp,dns,CON,2,2,132,164,3086.419725,31,29,543209.875,674897.125,0,0,0.003,0.008,0.0,0.0,0,0,0,0,0.0,0.0,0.0,66,82,0,0,5,0,6,4,2,3,0,0,0,13,4,0,Normal,0,3,Exploits
29155,0.021342,tcp,smtp,FIN,52,42,37178,3380,4357.604725,31,29,13668447.0,1236997.5,18,8,0.411588,0.508098,22.973133,0.887166,255,3755804937,3761025162,255,0.000631,0.000506,0.000125,715,80,0,0,3,0,1,1,1,1,0,0,0,4,1,0,Normal,0,3,Exploits
25765,0.021547,tcp,-,FIN,16,18,1540,1644,1531.535652,31,29,536130.3125,576599.9375,4,4,1.3478,1.240235,93.573909,2.17404,255,1717121702,1725468140,255,0.00064,0.00046,0.00018,96,91,0,0,19,0,10,6,1,6,0,0,0,10,20,0,Normal,0,3,Exploits
64736,0.411072,tcp,-,FIN,12,12,776,964,55.951271,254,252,13856.4541,17203.79883,3,4,37.370183,32.147,1979.245548,45.784418,255,3432091545,2344556440,255,0.060628,0.029995,0.030633,65,80,0,0,11,1,1,1,1,1,0,0,0,3,1,0,Exploits,1,3,Exploits
61032,2e-06,udp,dns,INT,2,0,114,0,500000.0013,254,0,228000000.0,0.0,0,0,0.002,0.0,0.0,0.0,0,0,0,0,0.0,0.0,0.0,57,0,0,0,4,2,5,4,4,4,0,0,0,6,4,0,Generic,1,3,Exploits
24435,1.04573,tcp,-,FIN,52,54,2934,3742,100.408328,31,29,22017.15625,28099.03125,11,15,20.498234,19.721453,1589.748842,57.453621,255,2392366480,2397546014,255,0.000613,0.000489,0.000124,56,69,0,0,16,0,3,1,1,2,0,0,0,2,15,0,Normal,0,3,Exploits
35999,1.040919,tcp,http,FIN,14,18,1684,10168,29.781377,31,29,12020.14844,73811.70313,3,5,79.967849,61.202588,8770.594648,7680.891617,255,729667314,2880217651,255,0.000596,0.000472,0.000124,120,565,1,3924,2,0,6,1,1,1,0,0,1,2,2,0,Normal,0,3,Exploits
33031,0.02019,tcp,-,FIN,16,18,1540,1644,1634.472468,31,29,572164.4375,615354.125,4,4,1.325067,1.159294,83.055195,2.245813,255,2327355702,183917358,255,0.000603,0.000479,0.000124,96,91,0,0,11,0,9,7,1,7,0,0,0,9,10,0,Normal,0,3,Exploits
32042,0.00458,udp,-,CON,4,4,568,304,1528.384296,31,29,744104.8125,398253.2813,0,0,1.221667,1.038667,1.717801,1.457583,0,0,0,0,0.0,0.0,0.0,142,76,0,0,12,0,5,1,1,3,0,0,0,5,7,0,Normal,0,3,Exploits
33935,0.001002,udp,dns,CON,2,2,132,164,2994.012136,31,29,526946.125,654690.625,0,0,0.011,0.009,0.0,0.0,0,0,0,0,0.0,0.0,0.0,66,82,0,0,3,0,1,2,1,1,0,0,0,13,1,0,Normal,0,3,Exploits
69121,4e-06,tcp,-,REQ,2,0,90,0,250000.0006,254,0,90000000.0,0.0,1,0,0.004,0.0,0.0,0.0,255,0,0,0,0.0,0.0,0.0,45,0,0,0,4,6,1,1,1,3,0,0,0,3,3,0,Normal,0,3,Exploits
21592,9e-06,udp,dns,INT,2,0,114,0,111111.1072,254,0,50666664.0,0.0,0,0,0.009,0.0,0.0,0.0,0,0,0,0,0.0,0.0,0.0,57,0,0,0,33,2,22,22,22,33,0,0,0,22,33,0,Generic,1,3,Exploits
49287,2.334981,tcp,ftp-data,FIN,8,8,364,1486,6.424035,62,252,1092.942505,4457.423828,1,2,333.554286,323.065562,24920.10943,693.96675,255,2059447863,1507527141,255,0.174745,0.073518,0.101227,46,186,0,0,1,1,2,1,1,2,0,0,0,3,1,0,Exploits,1,3,Exploits
81443,0.273213,tcp,-,CON,6,2,998,86,25.621036,62,252,24361.94531,1259.090942,2,1,54.6426,0.007,3313.716271,0.0,255,603271832,854228927,255,0.230399,0.153727,0.076672,166,43,0,0,3,3,2,2,1,3,0,0,0,2,3,0,Normal,0,3,Exploits
27105,0.046803,tcp,ftp-data,FIN,14,6,8928,320,405.956872,31,29,1417174.125,45638.09766,4,1,3.600231,9.2416,377.339209,18.215846,255,23591758,333129071,255,0.000594,0.000463,0.000131,638,53,0,0,7,0,4,1,1,4,0,0,0,5,2,0,Normal,0,3,Exploits
6831,3e-06,etherip,-,INT,2,0,200,0,333333.3215,254,0,266666656.0,0.0,0,0,0.003,0.0,0.0,0.0,0,0,0,0,0.0,0.0,0.0,100,0,0,0,5,2,2,2,2,5,0,0,0,11,5,0,DoS,1,3,Exploits
61329,1.483388,tcp,-,FIN,10,8,2516,354,11.460252,254,252,12215.28027,1671.848511,2,1,164.707778,202.978141,11912.45709,304.8295,255,933964575,3558025658,255,0.143171,0.062531,0.08064,252,44,0,0,10,1,5,1,1,1,0,0,0,3,3,0,Fuzzers,1,3,Exploits
79407,1.533003,tcp,-,FIN,10,8,738,354,11.089346,254,252,3470.312988,1617.739868,2,1,170.320667,186.910422,9876.525148,273.401344,255,3578398853,1127109358,255,0.300466,0.224629,0.075837,74,44,0,0,2,1,1,1,1,2,0,0,0,1,1,0,Normal,0,3,Exploits
72422,8e-06,udp,-,INT,2,0,78,0,125000.0003,254,0,39000000.0,0.0,0,0,0.008,0.0,0.0,0.0,0,0,0,0,0.0,0.0,0.0,39,0,0,0,9,2,2,2,1,8,0,0,0,2,8,0,Normal,0,3,Exploits
26841,0.022664,tcp,-,FIN,16,18,1540,1644,1456.053695,31,29,509707.0313,548182.125,4,4,1.490067,1.306059,93.773081,2.53195,255,545134195,550839910,255,0.000579,0.000457,0.000122,96,91,0,0,19,0,6,6,1,6,0,0,0,11,7,0,Normal,0,3,Exploits
61596,0.310843,tcp,-,FIN,10,8,790,2184,54.68999,62,252,18298.62695,49182.38672,2,2,34.538111,43.14143,1707.493527,56.263852,255,4082761075,3649502090,255,0.052508,0.008034,0.044474,79,273,0,0,1,1,1,1,1,1,0,0,0,1,1,0,Exploits,1,3,Exploits
57686,1.2e-05,udp,dns,INT,2,0,114,0,83333.33039,254,0,38000000.0,0.0,0,0,0.012,0.0,0.0,0.0,0,0,0,0,0.0,0.0,0.0,57,0,0,0,10,2,7,7,3,7,0,0,0,7,10,0,Generic,1,3,Exploits
956,3e-06,sctp,-,INT,2,0,776,0,333333.3215,254,0,1034666624.0,0.0,0,0,0.003,0.0,0.0,0.0,0,0,0,0,0.0,0.0,0.0,388,0,0,0,1,2,1,1,1,1,0,0,0,1,1,0,Exploits,1,9,Worms
45843,1.390155,tcp,ftp,FIN,22,14,17354,768,25.177049,254,252,95333.25781,4108.894531,8,4,66.197857,98.088078,5415.339341,193.646344,255,1655824058,4149039992,255,0.241804,0.115,0.126804,789,55,0,0,2,1,3,1,1,3,0,0,0,4,2,0,Fuzzers,1,3,Exploits
20276,9e-06,udp,dns,INT,2,0,114,0,111111.1072,254,0,50666664.0,0.0,0,0,0.009,0.0,0.0,0.0,0,0,0,0,0.0,0.0,0.0,57,0,0,0,7,2,7,7,7,7,0,0,0,7,7,0,Generic,1,3,Exploits
82103,1.59266,tcp,-,FIN,10,8,534,354,10.673967,254,252,2416.08374,1557.143433,2,1,173.497333,209.353578,12114.79428,308.004281,255,3703449262,686173054,255,0.202633,0.12718,0.075453,53,44,0,0,1,1,1,1,1,1,0,0,0,1,1,0,Normal,0,3,Exploits
80917,0.872277,tcp,http,FIN,10,8,834,1062,19.489221,62,252,6887.720215,8529.400391,2,2,96.898333,105.728,4707.663488,150.430594,255,3381384418,1870560179,255,0.216522,0.132177,0.084345,83,133,1,123,3,1,1,1,1,3,0,0,1,1,3,0,Normal,0,3,Exploits
42814,0.975851,tcp,-,FIN,16,12,2182,642,27.668158,254,252,16773.05273,4828.605957,5,3,63.507602,82.713547,3778.281055,118.628789,255,4224454732,3070063631,255,0.122154,0.065993,0.056161,136,54,0,0,4,1,2,1,1,5,0,0,0,2,4,0,Normal,0,3,Exploits
22820,8e-06,udp,dns,INT,2,0,114,0,125000.0003,254,0,57000000.0,0.0,0,0,0.008,0.0,0.0,0.0,0,0,0,0,0.0,0.0,0.0,57,0,0,0,43,2,18,18,18,43,0,0,0,19,43,0,Generic,1,3,Exploits
26276,1.12494,tcp,http,FIN,12,18,1580,10168,25.779152,31,29,10304.54883,68298.75,3,5,102.235362,66.144761,10494.96307,8451.088027,255,898554338,899587490,255,0.000608,0.000474,0.000134,132,565,1,3924,2,0,3,2,1,1,0,0,1,2,3,0,Normal,0,3,Exploits
58420,1e-05,unas,-,INT,2,0,200,0,100000.0025,254,0,80000000.0,0.0,0,0,0.01,0.0,0.0,0.0,0,0,0,0,0.0,0.0,0.0,100,0,0,0,11,2,4,4,4,4,0,0,0,8,11,0,DoS,1,3,Exploits
36817,0.024946,tcp,-,FIN,48,50,2958,32368,3888.398875,31,29,929046.75,10172693.0,7,18,0.524106,0.494041,32.454324,31.057937,255,911459773,3061438688,255,0.000879,0.000722,0.000157,62,647,0,0,3,0,3,1,1,1,0,0,0,2,4,0,Normal,0,3,Exploits
53772,2e-06,udp,dns,INT,2,0,114,0,500000.0013,254,0,228000000.0,0.0,0,0,0.002,0.0,0.0,0.0,0,0,0,0,0.0,0.0,0.0,57,0,0,0,11,2,7,7,3,7,0,0,0,11,11,0,Generic,1,3,Exploits
18699,6e-06,udp,dns,INT,2,0,114,0,166666.6608,254,0,76000000.0,0.0,0,0,0.006,0.0,0.0,0.0,0,0,0,0,0.0,0.0,0.0,57,0,0,0,24,2,24,24,9,24,0,0,0,24,24,0,Generic,1,3,Exploits
71892,1e-05,udp,-,INT,2,0,1064,0,100000.0025,254,0,425600000.0,0.0,0,0,0.01,0.0,0.0,0.0,0,0,0,0,0.0,0.0,0.0,532,0,0,0,35,2,10,10,1,35,0,0,0,10,35,0,Normal,0,3,Exploits
27859,0.00988,tcp,-,FIN,36,38,2334,16290,7388.664122,31,29,1838056.75,12843725.0,7,12,0.273429,0.26,0.0,16.413758,255,80608995,2230434758,255,0.000648,0.000516,0.000132,65,429,0,0,8,0,7,1,1,1,0,0,0,3,9,0,Normal,0,3,Exploits
56109,1e-06,gre,-,INT,2,0,200,0,83333.33039,254,0,66666664.0,0.0,0,0,0.012,0.0,0.0,0.0,0,0,0,0,0.0,0.0,0.0,100,0,0,0,12,2,6,6,6,6,0,0,0,6,12,0,Backdoor,1,3,Exploits
5982,0.287934,tcp,-,FIN,12,8,2918,356,65.987343,254,252,74322.58594,8668.65332,3,2,24.85891,40.211285,1343.802233,58.743559,255,252400780,2819619687,255,0.052876,0.00644,0.046436,243,45,0,0,1,1,1,1,1,1,0,0,0,1,1,0,Exploits,1,3,Exploits
53915,1.1e-05,3pc,-,INT,2,0,200,0,83333.33039,254,0,66666664.0,0.0,0,0,0.012,0.0,0.0,0.0,0,0,0,0,0.0,0.0,0.0,100,0,0,0,22,2,5,4,4,4,0,0,0,7,17,0,Fuzzers,1,3,Exploits
12914,8e-06,udp,dns,INT,2,0,114,0,125000.0003,254,0,57000000.0,0.0,0,0,0.008,0.0,0.0,0.0,0,0,0,0,0.0,0.0,0.0,57,0,0,0,27,2,11,11,7,27,0,0,0,11,27,0,Generic,1,3,Exploits
31506,0.018143,tcp,-,CON,9,8,665,3278,881.882816,31,29,261037.3125,1265060.875,0,3,2.267875,2.377571,3.697635,197.47683,255,2624372772,475095710,255,0.0,0.0,0.0,74,410,0,0,5,0,1,1,1,1,0,0,0,3,3,0,Normal,0,3,Exploits
24596,0.457039,tcp,-,FIN,24,28,2048,2514,111.587852,31,29,34360.30469,42447.14453,6,7,19.856914,16.905334,1305.22972,0.0,255,3532363621,1387267470,255,0.000765,0.000584,0.000181,85,90,0,0,5,0,3,1,1,1,0,0,0,1,11,0,Normal,0,3,Exploits
73622,2.968318,tcp,-,FIN,12,10,986,824,7.074714,254,252,2436.396729,1999.785767,3,2,269.74854,321.478125,17189.01129,468.3715,255,3032755869,1644368629,255,0.152508,0.075012,0.077496,82,82,0,0,3,1,1,1,1,2,0,0,0,1,2,0,Normal,0,3,Exploits
32916,0.067231,tcp,-,FIN,24,20,2158,1918,639.58591,31,29,246195.9531,216923.75,6,5,2.923087,3.505158,318.169469,353.694708,255,3616716407,3616950282,255,0.000619,0.000492,0.000127,90,96,0,0,6,0,8,2,2,3,0,0,0,3,9,0,Normal,0,3,Exploits
16265,9e-06,udp,dns,INT,2,0,114,0,111111.1072,254,0,50666664.0,0.0,0,0,0.009,0.0,0.0,0.0,0,0,0,0,0.0,0.0,0.0,57,0,0,0,50,2,26,26,13,50,0,0,0,27,50,0,Generic,1,3,Exploits
26091,0.821676,tcp,smtp,FIN,52,42,37496,3380,113.183296,31,29,358048.6563,32129.45117,18,8,16.103293,20.027928,1237.687071,39.109023,255,2245084556,148178042,255,0.000671,0.000523,0.000148,721,80,0,0,2,0,3,2,1,1,0,0,0,3,2,0,Normal,0,3,Exploits
49680,0.283184,tcp,-,FIN,10,6,1324,268,52.969096,62,252,33674.21875,6328.041504,2,1,26.220778,49.371199,1406.995634,68.289094,255,2880008493,3511750301,255,0.100817,0.03632,0.064497,132,45,0,0,5,1,1,1,1,1,0,0,0,2,2,0,DoS,1,3,Exploits
52979,1.1e-05,udp,dns,INT,2,0,114,0,90909.0902,254,0,41454544.0,0.0,0,0,0.011,0.0,0.0,0.0,0,0,0,0,0.0,0.0,0.0,57,0,0,0,7,2,4,4,4,4,0,0,0,4,7,0,Generic,1,3,Exploits
40142,0.001029,udp,dns,CON,2,2,130,162,2915.451794,31,29,505344.9688,629737.5625,0,0,0.006,0.007,0.0,0.0,0,0,0,0,0.0,0.0,0.0,65,81,0,0,2,0,4,1,1,1,0,0,0,1,2,0,Normal,0,3,Exploits
66366,0.32648,tcp,-,FIN,10,6,2516,268,45.944621,254,252,55501.10156,5488.850586,2,1,33.906444,52.558602,1727.750623,69.239375,255,629417261,806136240,255,0.114516,0.06368,0.050836,252,45,0,0,23,1,1,1,1,3,0,0,0,4,3,0,Normal,0,3,Exploits
653,9e-06,ipv6-route,-,INT,2,0,200,0,111111.1072,254,0,88888888.0,0.0,0,0,0.009,0.0,0.0,0.0,0,0,0,0,0.0,0.0,0.0,100,0,0,0,7,2,2,2,2,7,0,0,0,2,7,0,Exploits,1,3,Exploits
73207,1.855079,tcp,ftp,FIN,12,12,1594,682,12.398393,254,252,6304.852539,2699.615479,3,4,168.551543,156.149188,9179.362738,214.949953,255,425642595,314658093,255,0.207191,0.137429,0.069762,133,57,0,0,1,1,1,1,1,1,0,0,0,2,1,0,Normal,0,3,Exploits
72928,4e-06,udp,-,INT,2,0,78,0,250000.0006,254,0,78000000.0,0.0,0,0,0.004,0.0,0.0,0.0,0,0,0,0,0.0,0.0,0.0,39,0,0,0,7,2,1,1,1,4,0,0,0,1,4,0,Normal,0,3,Exploits
7684,3e-06,unas,-,INT,2,0,200,0,333333.3215,254,0,266666656.0,0.0,0,0,0.003,0.0,0.0,0.0,0,0,0,0,0.0,0.0,0.0,100,0,0,0,9,2,5,5,5,9,0,0,0,15,9,0,Exploits,1,3,Exploits
55715,0.650686,tcp,http,FIN,10,6,1590,268,23.052593,254,252,17593.73828,2754.016357,2,1,71.496222,128.468203,5931.276673,248.683859,255,1746602772,4053441976,255,0.046922,0.008343,0.038579,159,45,0,0,1,1,1,1,1,1,0,0,0,1,1,0,Exploits,1,9,Worms
45499,1.003187,tcp,-,FIN,12,8,990,726,18.93964,254,252,7240.923828,5071.836426,3,2,87.674273,124.662141,4771.278127,161.943078,255,2809021083,3812965194,255,0.234436,0.13055,0.103886,83,91,0,0,9,1,1,2,1,1,0,0,0,3,3,0,Fuzzers,1,3,Exploits
6538,0.233039,tcp,http,FIN,10,12,834,8708,90.113669,62,252,25781.0918,274048.5313,2,4,25.893222,19.397273,1294.294919,1612.492418,255,2029787305,415698238,255,0.05444,0.008663,0.045777,83,726,1,3850,2,1,1,1,1,1,0,0,1,1,1,0,Exploits,1,3,Exploits
41512,1.408428,tcp,-,CON,6,2,998,86,4.97008,62,252,4725.836426,244.243942,2,1,281.6856,0.008,15069.27997,0.0,255,775936080,3923561117,255,0.972525,0.679172,0.293353,166,43,0,0,2,3,3,2,2,2,0,0,0,2,4,0,Normal,0,3,Exploits
7738,4.498018,tcp,ftp,FIN,24,22,1240,1624,10.004407,62,252,2114.709229,2758.54834,7,9,204.455364,210.964955,12527.25119,14404.72,255,4121310812,276571947,255,0.138514,0.06713,0.071384,52,74,0,0,1,1,3,1,1,3,1,1,0,3,1,0,Exploits,1,3,Exploits
30040,1.068061,tcp,http,FIN,12,18,1580,10168,27.152007,31,29,10853.3125,71935.96875,3,5,97.062729,62.796707,9978.810832,8037.364118,255,1493391915,1494411233,255,0.000649,0.000513,0.000136,132,565,1,3924,1,0,1,1,1,1,0,0,1,2,2,0,Normal,0,3,Exploits
73575,1.490264,tcp,-,FIN,10,8,534,354,11.407374,254,252,2582.092773,1664.134644,2,1,165.437111,200.072,9377.957166,315.387812,255,3078983828,1119962749,255,0.149171,0.089755,0.059416,53,44,0,0,2,1,1,1,1,1,0,0,0,1,1,0,Normal,0,3,Exploits
4879,8e-06,pgm,-,INT,2,0,200,0,125000.0003,254,0,100000000.0,0.0,0,0,0.008,0.0,0.0,0.0,0,0,0,0,0.0,0.0,0.0,100,0,0,0,4,2,3,3,3,4,0,0,0,18,4,0,Exploits,1,3,Exploits
33703,0.06683,tcp,-,FIN,46,48,2854,30622,1391.590566,31,29,334221.1563,3589405.75,7,17,1.478111,1.410277,84.129065,82.394786,255,2850847095,2935825304,255,0.000689,0.000541,0.000148,62,638,0,0,5,0,2,1,1,1,0,0,0,3,5,0,Normal,0,3,Exploits
11314,4.615476,tcp,ftp,FIN,24,22,1264,1596,9.749807,62,252,2100.758301,2641.547607,7,9,200.67287,216.677,12293.24696,424.932406,255,1602312958,1373303980,255,0.138475,0.064713,0.073762,53,73,0,0,1,1,2,1,1,2,1,1,0,4,1,0,Exploits,1,3,Exploits
29016,0.00418,tcp,http,FIN,8,10,1040,824,4066.985487,31,29,1741626.75,1420095.625,2,2,0.547286,0.405333,35.428817,0.750173,255,3002057072,2999015696,255,0.000658,0.000528,0.00013,130,82,1,83,5,0,5,1,1,2,0,0,1,9,2,0,Normal,0,3,Exploits
54629,1e-05,udp,dns,INT,2,0,114,0,100000.0025,254,0,45600000.0,0.0,0,0,0.01,0.0,0.0,0.0,0,0,0,0,0.0,0.0,0.0,57,0,0,0,7,2,4,4,4,4,0,0,0,4,7,0,Generic,1,3,Exploits
79342,0.616666,tcp,-,FIN,10,6,1506,268,24.32435,254,252,17591.36914,2905.948975,2,1,68.396111,95.224398,3359.931206,147.203625,255,22447112,1653794609,255,0.185818,0.140543,0.045275,151,45,0,0,4,1,1,1,1,4,0,0,0,1,4,0,Normal,0,3,Exploits
5672,9e-06,ib,-,INT,2,0,200,0,111111.1072,254,0,88888888.0,0.0,0,0,0.009,0.0,0.0,0.0,0,0,0,0,0.0,0.0,0.0,100,0,0,0,7,2,3,2,2,7,0,0,0,2,7,0,DoS,1,3,Exploits
18996,6e-06,udp,dns,INT,2,0,114,0,166666.6608,254,0,76000000.0,0.0,0,0,0.006,0.0,0.0,0.0,0,0,0,0,0.0,0.0,0.0,57,0,0,0,20,2,20,20,20,20,0,0,0,20,20,0,Generic,1,3,Exploits
51911,0.652019,tcp,-,FIN,10,6,534,268,23.005464,254,252,5901.668457,2748.385986,2,1,67.506333,109.592,3590.083099,156.071281,255,1524015431,1343000674,255,0.189175,0.104057,0.085118,53,45,0,0,6,1,2,3,2,2,0,0,0,3,3,0,Fuzzers,1,3,Exploits
22231,3e-06,udp,dns,INT,2,0,114,0,333333.3215,254,0,152000000.0,0.0,0,0,0.003,0.0,0.0,0.0,0,0,0,0,0.0,0.0,0.0,57,0,0,0,43,2,43,43,18,43,0,0,0,43,44,0,Generic,1,3,Exploits
42525,0.494001,tcp,-,FIN,10,6,534,268,30.364311,254,252,7789.458008,3627.522949,2,1,54.784111,80.365797,2833.127435,137.85675,255,3194780751,1652624406,255,0.168483,0.092169,0.076314,53,45,0,0,3,1,2,2,1,3,0,0,0,4,3,0,Normal,0,3,Exploits
31914,0.015984,tcp,-,FIN,46,48,2854,30622,5818.318086,31,29,1397397.375,15007507.0,7,17,0.348,0.328809,0.0,19.399423,255,243719909,2405565211,255,0.000658,0.000527,0.000131,62,638,0,0,5,0,4,1,1,2,0,0,0,9,11,0,Normal,0,3,Exploits
36239,0.004008,tcp,http,FIN,8,10,1028,824,4241.517193,31,29,1796407.25,1481038.0,2,2,0.522714,0.372333,32.245275,0.669462,255,3267831859,3268821345,255,0.000784,0.000654,0.00013,129,82,1,83,1,0,5,1,1,1,0,0,1,2,1,0,Normal,0,3,Exploits
12715,9e-06,udp,dns,INT,2,0,114,0,111111.1072,254,0,50666664.0,0.0,0,0,0.009,0.0,0.0,0.0,0,0,0,0,0.0,0.0,0.0,57,0,0,0,43,2,44,43,18,43,0,0,0,44,43,0,Generic,1,3,Exploits
61035,4e-06,udp,dns,INT,2,0,114,0,250000.0006,254,0,114000000.0,0.0,0,0,0.004,0.0,0.0,0.0,0,0,0,0,0.0,0.0,0.0,57,0,0,0,19,2,3,3,3,3,0,0,0,3,19,0,Generic,1,3,Exploits
3223,3e-06,unas,-,INT,2,0,200,0,333333.3215,254,0,266666656.0,0.0,0,0,0.003,0.0,0.0,0.0,0,0,0,0,0.0,0.0,0.0,100,0,0,0,9,2,5,5,5,9,0,0,0,15,9,0,Reconnaissance,1,3,Exploits
74709,4e-06,tcp,-,REQ,2,0,90,0,250000.0006,254,0,90000000.0,0.0,1,0,0.004,0.0,0.0,0.0,255,0,0,0,0.0,0.0,0.0,45,0,0,0,6,6,3,1,1,5,0,0,0,3,5,0,Normal,0,3,Exploits
7256,0.371306,tcp,http,FIN,10,6,796,268,40.397946,254,252,15448.17481,4826.208008,2,1,41.256222,58.411199,2121.334987,82.268984,255,4018418662,187090753,255,0.127864,0.078527,0.049337,80,45,1,0,1,1,8,1,1,21,0,0,1,8,2,0,Reconnaissance,1,9,Worms
30854,0.183724,tcp,-,FIN,88,90,5070,84082,963.401619,31,29,218283.9531,3620561.25,7,38,2.107942,2.057876,127.929075,120.660876,255,2431860250,2455054381,255,0.000723,0.00057,0.000153,58,934,0,0,12,0,5,1,1,1,0,0,0,3,4,0,Normal,0,3,Exploits
61659,3e-06,udp,-,INT,2,0,2448,0,333333.3215,254,0,3264000000.0,0.0,0,0,0.003,0.0,0.0,0.0,0,0,0,0,0.0,0.0,0.0,1224,0,0,0,8,2,1,1,1,1,0,0,0,1,2,0,Exploits,1,9,Worms
9170,1.5e-05,ipv6,-,INT,2,0,86,0,66666.66835,254,0,22933334.0,0.0,0,0,0.015,0.0,0.0,0.0,0,0,0,0,0.0,0.0,0.0,43,0,0,0,1,2,1,1,1,1,0,0,0,1,1,0,Exploits,1,3,Exploits
45895,0.278525,tcp,-,FIN,10,8,878,1044,61.035815,62,252,22719.68359,26252.58008,2,2,30.947222,36.39357,1687.964788,62.35002,255,428829465,2831265014,255,0.084059,0.023159,0.0609,88,131,1,109,1,1,1,1,1,1,0,0,1,1,1,0,Exploits,1,3,Exploits
23374,0.001094,udp,-,CON,2,2,146,178,2742.230477,31,29,533820.875,650822.6875,0,0,0.011,0.008,0.0,0.0,0,0,0,0,0.0,0.0,0.0,73,89,0,0,11,0,2,1,1,1,0,0,0,1,7,0,Normal,0,3,Exploits
3549,0.788317,tcp,pop3,FIN,20,22,970,4182,52.009533,62,252,9356.641602,40511.62109,7,9,41.490369,36.733952,2001.579592,1842.338932,255,3080147808,3255606943,255,0.029892,0.016215,0.013677,49,190,0,0,1,1,1,1,1,1,0,0,0,1,1,0,Exploits,1,3,Exploits
11730,0.04928,udp,dns,CON,2,2,120,798,60.876625,62,252,9740.259766,64772.73047,0,0,0.003,0.003,0.0,0.0,0,0,0,0,0.0,0.0,0.0,60,399,0,0,3,3,3,3,3,4,0,0,0,3,3,0,Exploits,1,3,Exploits
4388,5e-06,srp,-,INT,2,0,200,0,200000.0051,254,0,160000000.0,0.0,0,0,0.005,0.0,0.0,0.0,0,0,0,0,0.0,0.0,0.0,100,0,0,0,5,2,2,2,2,5,0,0,0,11,5,0,DoS,1,3,Exploits
79502,0.929113,tcp,-,FIN,12,8,3678,354,20.449612,254,252,29034.14453,2669.212646,3,1,78.34318,117.73757,4845.027544,177.984641,255,722113323,3245915982,255,0.207213,0.104941,0.102272,307,44,0,0,4,1,1,1,1,2,0,0,0,1,2,0,Normal,0,3,Exploits
9204,0.296582,tcp,-,FIN,10,6,590,268,50.57623,254,252,14323.18848,6042.17334,2,1,32.953556,52.578199,1991.948292,80.972867,255,1917677536,1268807664,255,0.053767,0.032918,0.020849,59,45,0,0,1,1,1,1,1,1,0,0,0,1,1,0,Shellcode,1,3,Exploits
3126,8e-06,l2tp,-,INT,2,0,200,0,125000.0003,254,0,100000000.0,0.0,0,0,0.008,0.0,0.0,0.0,0,0,0,0,0.0,0.0,0.0,100,0,0,0,3,2,2,2,2,3,0,0,0,2,3,0,DoS,1,3,Exploits
12388,8e-06,udp,dns,INT,2,0,114,0,125000.0003,254,0,57000000.0,0.0,0,0,0.008,0.0,0.0,0.0,0,0,0,0,0.0,0.0,0.0,57,0,0,0,33,2,25,25,25,33,0,0,0,25,33,0,Generic,1,3,Exploits
66492,7.426921,tcp,-,REQ,10,0,450,0,1.211808,254,0,436.250763,0.0,9,0,825.213438,0.0,1387.577375,0.0,255,0,0,0,0.0,0.0,0.0,45,0,0,0,17,6,12,2,2,16,0,0,0,13,16,0,Normal,0,3,Exploits
52728,6e-06,unas,-,INT,2,0,200,0,166666.6608,254,0,133333328.0,0.0,0,0,0.006,0.0,0.0,0.0,0,0,0,0,0.0,0.0,0.0,100,0,0,0,10,2,3,2,2,3,0,0,0,4,9,0,Fuzzers,1,3,Exploits
44308,1.663809,tcp,-,FIN,90,18,109144,784,64.310269,254,252,518963.4375,3562.90918,42,1,18.502304,94.487586,2417.137122,149.768828,255,3911106106,2860591481,255,0.130411,0.057509,0.072902,1213,44,0,0,2,1,2,1,1,1,0,0,0,1,3,0,Fuzzers,1,3,Exploits
23769,0.032916,tcp,-,FIN,60,62,3614,49590,3676.024014,31,29,863774.5,11858307.0,7,24,0.552458,0.531836,0.0,29.07273,255,2925242614,2944118262,255,0.000594,0.000471,0.000123,60,800,0,0,9,0,2,1,1,1,0,0,0,3,11,0,Normal,0,3,Exploits
37978,0.001002,udp,dns,CON,2,2,146,178,2994.012136,31,29,582834.375,710578.875,0,0,0.007,0.007,0.0,0.0,0,0,0,0,0.0,0.0,0.0,73,89,0,0,2,0,3,1,1,1,0,0,0,6,1,0,Normal,0,3,Exploits
33076,2.807598,tcp,http,FIN,350,746,18682,1087890,390.013084,31,29,53081.67188,3095691.0,2,370,8.043685,3.767852,477.784225,307.792608,255,1485253710,3683365105,255,0.000693,0.000544,0.000149,53,1458,1,524288,2,0,2,1,1,1,0,0,1,2,1,0,Normal,0,3,Exploits
55907,9e-06,udp,dns,INT,2,0,114,0,111111.1072,254,0,50666664.0,0.0,0,0,0.009,0.0,0.0,0.0,0,0,0,0,0.0,0.0,0.0,57,0,0,0,14,2,8,7,3,7,0,0,0,7,14,0,Generic,1,3,Exploits
18054,5e-06,udp,dns,INT,2,0,114,0,200000.0051,254,0,91200000.0,0.0,0,0,0.005,0.0,0.0,0.0,0,0,0,0,0.0,0.0,0.0,57,0,0,0,34,2,18,18,18,34,0,0,0,19,34,0,Generic,1,3,Exploits
77546,2e-06,udp,-,INT,2,0,1064,0,500000.0013,254,0,2128000000.0,0.0,0,0,0.002,0.0,0.0,0.0,0,0,0,0,0.0,0.0,0.0,532,0,0,0,35,2,9,9,1,35,0,0,0,9,35,0,Normal,0,3,Exploits
52325,1e-05,udp,dns,INT,2,0,114,0,100000.0025,254,0,45600000.0,0.0,0,0,0.01,0.0,0.0,0.0,0,0,0,0,0.0,0.0,0.0,57,0,0,0,7,2,4,4,4,4,0,0,0,4,7,0,Generic,1,3,Exploits
61619,2.9e-05,udp,dns,INT,2,0,114,0,34482.75776,254,0,15724138.0,0.0,0,0,0.029,0.0,0.0,0.0,0,0,0,0,0.0,0.0,0.0,57,0,0,0,18,2,4,4,4,4,0,0,0,4,18,0,Generic,1,3,Exploits
52174,4e-06,udp,-,INT,2,0,104,0,250000.0006,254,0,104000000.0,0.0,0,0,0.004,0.0,0.0,0.0,0,0,0,0,0.0,0.0,0.0,52,0,0,0,12,2,1,2,1,1,0,0,0,4,4,0,Fuzzers,1,3,Exploits
8627,0.867512,tcp,http,FIN,10,8,834,1366,19.596271,62,252,6925.552734,11029.24219,2,2,96.390222,105.96,5606.32913,201.267125,255,3269563307,3194896490,255,0.216878,0.10491,0.111968,83,171,1,260,2,1,1,1,1,2,0,0,1,3,2,0,Exploits,1,3,Exploits
51201,0.446818,tcp,-,FIN,10,6,708,268,33.570716,254,252,11422.99609,4010.581543,2,1,46.676111,75.080398,2554.650181,112.291852,255,3527095168,61984035,255,0.164876,0.071412,0.093464,71,45,0,0,1,1,1,1,1,1,0,0,0,1,1,0,Shellcode,1,3,Exploits
43987,0.453288,tcp,http,FIN,10,10,786,3706,41.915957,62,252,12495.36719,58876.47656,2,3,50.365333,42.403778,2406.974736,2595.592932,255,834337280,3700433975,255,0.123786,0.070829,0.052957,79,371,1,1400,2,1,1,2,1,1,0,0,1,2,1,0,Exploits,1,3,Exploits
11422,4e-05,swipe,-,INT,1,0,60,0,0.0,0,0,0.0,0.0,0,0,0.0,0.0,0.0,0.0,0,0,0,0,0.0,0.0,0.0,60,0,0,0,3,2,3,3,3,3,0,0,0,3,3,0,DoS,1,3,Exploits
39088,0.001117,udp,dns,CON,2,2,130,162,2685.765426,31,29,465532.6875,580125.3125,0,0,0.011,0.009,0.0,0.0,0,0,0,0,0.0,0.0,0.0,65,81,0,0,2,0,1,1,1,1,0,0,0,8,1,0,Normal,0,3,Exploits
63248,1.906542,tcp,-,FIN,66,28,63911,2084,48.779415,62,252,264113.7813,8434.118164,30,8,29.331416,65.686516,2530.620154,90.12382,255,3104817139,1038227197,255,0.218613,0.103419,0.115194,968,74,0,0,2,1,1,1,1,1,0,0,0,2,4,0,Exploits,1,3,Exploits
79728,0.429485,tcp,-,FIN,10,6,536,268,34.925551,254,252,8996.822266,4172.438965,2,1,47.720556,71.114797,2338.779722,111.038305,255,1044444142,3140566032,255,0.136639,0.073121,0.063518,54,45,0,0,10,1,2,2,1,10,0,0,0,2,10,0,Normal,0,3,Exploits
45324,1.676566,tcp,smtp,FIN,20,20,2442,1776,23.261834,62,252,11070.24707,8054.559082,7,8,88.240317,83.496945,5214.359549,138.287281,255,2584003894,574076835,255,0.11575,0.062495,0.053255,122,89,0,0,1,1,2,1,1,1,0,0,0,3,1,0,Exploits,1,3,Exploits
38841,0.001013,udp,dns,CON,2,2,130,162,2961.500406,31,29,513326.75,639684.0625,0,0,0.01,0.002,0.0,0.0,0,0,0,0,0.0,0.0,0.0,65,81,0,0,3,0,2,1,1,1,0,0,0,6,1,0,Normal,0,3,Exploits
45226,0.83574,tcp,-,FIN,10,8,564,354,20.341255,254,252,4862.756348,2967.430176,2,1,88.222556,112.99043,6214.483185,151.574672,255,333519427,82611587,255,0.080296,0.044803,0.035493,56,44,0,0,1,1,1,1,1,1,0,0,0,1,2,0,Reconnaissance,1,3,Exploits
27877,0.004573,tcp,-,FIN,22,14,1470,1728,7653.618852,31,29,2456155.75,2807784.75,5,4,0.217762,0.288923,13.313341,0.380725,255,2401227119,2405746614,255,0.000816,0.000663,0.000153,67,123,0,0,13,0,4,1,1,1,0,0,0,4,7,0,Normal,0,3,Exploits
38300,0.006517,tcp,-,FIN,24,20,2158,1918,6598.127942,31,29,2539819.0,2237839.5,6,5,0.283348,0.302632,19.119527,17.638413,255,1819992178,1820317310,255,0.000794,0.000626,0.000168,90,96,0,0,13,0,7,1,1,3,0,0,0,8,10,0,Normal,0,3,Exploits
66020,9e-06,tcp,-,REQ,2,0,90,0,111111.1072,254,0,40000000.0,0.0,1,0,0.009,0.0,0.0,0.0,255,0,0,0,0.0,0.0,0.0,45,0,0,0,5,6,4,1,1,5,0,0,0,3,5,0,Normal,0,3,Exploits
59098,7e-06,dgp,-,INT,2,0,200,0,142857.1409,254,0,114285712.0,0.0,0,0,0.007,0.0,0.0,0.0,0,0,0,0,0.0,0.0,0.0,100,0,0,0,10,2,2,2,2,2,0,0,0,3,10,0,Exploits,1,3,Exploits
21995,4e-06,udp,dns,INT,2,0,114,0,250000.0006,254,0,114000000.0,0.0,0,0,0.004,0.0,0.0,0.0,0,0,0,0,0.0,0.0,0.0,57,0,0,0,30,2,14,14,14,30,0,0,0,15,30,0,Generic,1,3,Exploits
61932,1.1e-05,udp,dns,INT,2,0,114,0,90909.0902,254,0,41454544.0,0.0,0,0,0.011,0.0,0.0,0.0,0,0,0,0,0.0,0.0,0.0,57,0,0,0,18,2,4,4,4,4,0,0,0,4,18,0,Generic,1,3,Exploits
1639,0.196087,tcp,http,FIN,10,6,892,268,76.496656,254,252,32760.96875,9138.800781,2,1,19.724,37.052,1044.068804,60.392516,255,3297193841,1091771927,255,0.056476,0.010818,0.045658,89,45,1,0,1,1,1,1,1,1,0,0,1,1,1,0,Reconnaissance,1,9,Worms
54691,6e-06,udp,dns,INT,2,0,114,0,166666.6608,254,0,76000000.0,0.0,0,0,0.006,0.0,0.0,0.0,0,0,0,0,0.0,0.0,0.0,57,0,0,0,11,2,3,3,3,3,0,0,0,3,11,0,Generic,1,3,Exploits
58153,1e-05,unas,-,INT,2,0,200,0,100000.0025,254,0,80000000.0,0.0,0,0,0.01,0.0,0.0,0.0,0,0,0,0,0.0,0.0,0.0,100,0,0,0,11,2,3,2,2,3,0,0,0,6,11,0,Exploits,1,3,Exploits
27404,0.001052,udp,dns,CON,2,2,130,162,2851.711087,31,29,494296.5938,615969.625,0,0,0.011,0.009,0.0,0.0,0,0,0,0,0.0,0.0,0.0,65,81,0,0,2,0,4,1,1,2,0,0,0,3,1,0,Normal,0,3,Exploits
39056,1.0668,tcp,http,FIN,12,18,1580,10168,27.184102,31,29,10866.1416,72021.0,3,5,96.943364,62.722763,9538.238369,7683.503253,255,3474659567,1411929759,255,0.000646,0.000506,0.00014,132,565,1,3924,3,0,1,1,1,1,0,0,1,2,2,0,Normal,0,3,Exploits
61501,4e-06,udp,dns,INT,2,0,114,0,250000.0006,254,0,114000000.0,0.0,0,0,0.004,0.0,0.0,0.0,0,0,0,0,0.0,0.0,0.0,57,0,0,0,4,2,5,4,4,4,0,0,0,4,4,0,Generic,1,3,Exploits
56098,21.858728,sctp,-,CON,250,24,248562,1652,12.48929,254,60,90606.55469,579.722656,0,0,87.786039,239.196094,113.990258,274.994031,0,0,0,0,0.0,0.0,0.0,994,69,0,0,2,3,2,2,2,2,0,0,0,2,2,0,Generic,1,3,Exploits
52245,7e-06,udp,dns,INT,2,0,114,0,142857.1409,254,0,65142856.0,0.0,0,0,0.007,0.0,0.0,0.0,0,0,0,0,0.0,0.0,0.0,57,0,0,0,7,2,7,7,3,7,0,0,0,7,7,0,Generic,1,3,Exploits
39813,0.261349,tcp,-,FIN,17,22,1912,3688,145.399451,29,31,55098.73828,107779.2578,2,6,16.326187,12.418333,33.515762,1039.852424,255,1455893903,1455612267,255,0.0,0.0,0.0,112,168,0,0,1,0,1,1,1,1,0,0,0,1,1,0,Normal,0,3,Exploits
44692,1.509784,tcp,-,FIN,12,8,994,758,12.584582,254,252,4832.479492,3518.384033,3,2,133.431724,202.169578,7065.896168,315.746688,255,1052892829,1635085029,255,0.233113,0.094586,0.138527,83,95,0,0,2,1,1,1,1,1,0,0,0,2,2,0,Fuzzers,1,3,Exploits
21767,9e-06,udp,dns,INT,2,0,114,0,111111.1072,254,0,50666664.0,0.0,0,0,0.009,0.0,0.0,0.0,0,0,0,0,0.0,0.0,0.0,57,0,0,0,38,2,15,15,15,38,0,0,0,16,38,0,Generic,1,3,Exploits
27891,0.018155,tcp,-,FIN,16,18,1540,1644,1817.681156,31,29,636298.5625,684329.4375,4,4,1.189133,1.040294,72.051844,2.226327,255,2774967320,2779263606,255,0.000591,0.000467,0.000124,96,91,0,0,9,0,7,5,1,5,0,0,0,9,9,0,Normal,0,3,Exploits
75729,0.637232,tcp,-,CON,6,2,978,86,10.98501,62,252,10231.75195,539.834778,2,1,127.4464,0.009,6711.739841,0.0,255,176804648,4041409529,255,0.212998,0.139907,0.073091,163,43,0,0,5,3,2,2,1,4,0,0,0,3,4,0,Normal,0,3,Exploits
22380,9e-06,udp,dns,INT,2,0,114,0,111111.1072,254,0,50666664.0,0.0,0,0,0.009,0.0,0.0,0.0,0,0,0,0,0.0,0.0,0.0,57,0,0,0,29,2,25,25,25,29,0,0,0,25,29,0,Generic,1,3,Exploits
34687,0.021738,tcp,smtp,FIN,52,40,37268,3276,4186.217642,31,29,13451835.0,1175821.125,18,8,0.419078,0.542795,23.294276,1.061884,255,2851240807,2848062289,255,0.000671,0.000564,0.000107,717,82,0,0,2,0,2,1,1,1,0,0,0,5,2,0,Normal,0,3,Exploits
61023,1.240664,tcp,-,FIN,22,22,1174,1622,34.65886,62,252,7228.387207,9988.200195,7,9,59.079238,58.078189,3304.099167,3285.294184,255,346061453,3265061660,255,0.042118,0.020405,0.021713,53,74,0,0,2,1,2,1,1,2,0,0,0,2,2,0,Exploits,1,3,Exploits
57217,4e-06,udp,dns,INT,2,0,114,0,250000.0006,254,0,114000000.0,0.0,0,0,0.004,0.0,0.0,0.0,0,0,0,0,0.0,0.0,0.0,57,0,0,0,7,2,7,7,4,7,0,0,0,7,7,0,Generic,1,3,Exploits
28201,0.001671,udp,-,CON,4,4,520,304,4189.108232,31,29,1867145.375,1091561.875,0,0,0.43,0.209333,0.602455,0.28968,0,0,0,0,0.0,0.0,0.0,130,76,0,0,8,0,5,1,1,4,0,0,0,6,10,0,Normal,0,3,Exploits
22655,9e-06,udp,dns,INT,2,0,114,0,111111.1072,254,0,50666664.0,0.0,0,0,0.009,0.0,0.0,0.0,0,0,0,0,0.0,0.0,0.0,57,0,0,0,28,2,28,28,17,28,0,0,0,28,28,0,Generic,1,3,Exploits
20165,3e-06,udp,dns,INT,2,0,114,0,333333.3215,254,0,152000000.0,0.0,0,0,0.003,0.0,0.0,0.0,0,0,0,0,0.0,0.0,0.0,57,0,0,0,43,2,43,43,18,43,0,0,0,43,43,0,Generic,1,3,Exploits
75032,5e-06,tcp,-,REQ,2,0,90,0,200000.0051,254,0,72000000.0,0.0,1,0,0.005,0.0,0.0,0.0,255,0,0,0,0.0,0.0,0.0,45,0,0,0,12,6,3,1,1,18,0,0,0,5,6,0,Normal,0,3,Exploits
28169,1.034044,tcp,http,FIN,12,18,1580,10168,28.045228,31,29,11210.35449,74302.44531,3,5,93.969094,60.793649,9543.507179,7685.421754,255,917247010,3063673771,255,0.000732,0.000549,0.000183,132,565,1,3924,3,0,5,2,1,1,0,0,1,4,1,0,Normal,0,3,Exploits
6017,9e-06,skip,-,INT,2,0,200,0,111111.1072,254,0,88888888.0,0.0,0,0,0.009,0.0,0.0,0.0,0,0,0,0,0.0,0.0,0.0,100,0,0,0,6,2,2,2,2,6,0,0,0,2,6,0,Reconnaissance,1,3,Exploits
48020,0.537969,tcp,-,FIN,10,8,1612,354,31.600334,254,252,21577.45117,4609.931152,2,1,57.912222,71.45143,4137.400332,124.914445,255,2270721944,1167384869,255,0.093438,0.037798,0.05564,161,44,0,0,10,1,2,2,1,2,0,0,0,2,10,0,Fuzzers,1,3,Exploits
16791,4e-06,udp,dns,INT,2,0,114,0,250000.0006,254,0,114000000.0,0.0,0,0,0.004,0.0,0.0,0.0,0,0,0,0,0.0,0.0,0.0,57,0,0,0,30,2,18,18,18,30,0,0,0,18,30,0,Generic,1,3,Exploits
22890,8e-06,udp,dns,INT,2,0,114,0,125000.0003,254,0,57000000.0,0.0,0,0,0.008,0.0,0.0,0.0,0,0,0,0,0.0,0.0,0.0,57,0,0,0,27,2,25,25,25,27,0,0,0,25,27,0,Generic,1,3,Exploits
53972,1.1e-05,udp,dns,INT,2,0,114,0,90909.0902,254,0,41454544.0,0.0,0,0,0.011,0.0,0.0,0.0,0,0,0,0,0.0,0.0,0.0,57,0,0,0,7,2,3,3,3,3,0,0,0,3,7,0,Generic,1,3,Exploits
23335,9e-06,udp,dns,INT,2,0,114,0,111111.1072,254,0,50666664.0,0.0,0,0,0.009,0.0,0.0,0.0,0,0,0,0,0.0,0.0,0.0,57,0,0,0,22,2,14,14,14,22,0,0,0,14,22,0,Generic,1,3,Exploits
55408,4.314762,tcp,smtp,FIN,172,42,202573,2732,49.36541,62,252,373408.3125,4944.884277,83,8,25.232526,103.864125,3051.430957,150.535641,255,1834898566,2615154640,255,0.103696,0.030341,0.073355,1178,65,0,0,2,1,2,1,1,1,0,0,0,2,1,0,Exploits,1,3,Exploits
48190,6e-06,udp,-,INT,2,0,168,0,166666.6608,254,0,112000000.0,0.0,0,0,0.006,0.0,0.0,0.0,0,0,0,0,0.0,0.0,0.0,84,0,0,0,2,2,2,1,1,1,0,0,0,1,4,0,Reconnaissance,1,3,Exploits
78738,6e-06,udp,-,INT,2,0,1064,0,166666.6608,254,0,709333312.0,0.0,0,0,0.006,0.0,0.0,0.0,0,0,0,0,0.0,0.0,0.0,532,0,0,0,5,2,2,1,1,4,0,0,0,2,11,0,Normal,0,3,Exploits
75368,0.690719,tcp,http,FIN,10,8,794,1316,24.612034,62,252,8281.225586,13342.61816,2,2,76.746556,85.107141,4712.391445,172.817813,255,3846769754,79423743,255,0.085058,0.067414,0.017644,79,165,1,256,3,1,3,3,1,3,0,0,1,3,3,0,Normal,0,3,Exploits
58061,1.2e-05,sctp,-,INT,2,0,640,0,83333.33039,254,0,213333328.0,0.0,0,0,0.012,0.0,0.0,0.0,0,0,0,0,0.0,0.0,0.0,320,0,0,0,6,2,2,2,2,2,0,0,0,5,2,0,Reconnaissance,1,3,Exploits
78556,8e-06,udp,-,INT,2,0,104,0,125000.0003,254,0,52000000.0,0.0,0,0,0.008,0.0,0.0,0.0,0,0,0,0,0.0,0.0,0.0,52,0,0,0,4,2,3,1,1,4,0,0,0,1,10,0,Normal,0,3,Exploits
33152,0.004294,tcp,http,FIN,8,10,1040,824,3959.012483,31,29,1695388.875,1382394.0,2,2,0.550571,0.421889,36.197927,0.721495,255,498031394,2644467359,255,0.00062,0.000492,0.000128,130,82,1,83,2,0,2,2,1,1,0,0,1,8,1,0,Normal,0,3,Exploits
78442,8e-06,udp,-,INT,2,0,104,0,125000.0003,254,0,52000000.0,0.0,0,0,0.008,0.0,0.0,0.0,0,0,0,0,0.0,0.0,0.0,52,0,0,0,4,2,1,1,1,4,0,0,0,1,5,0,Normal,0,3,Exploits
16052,4e-06,udp,dns,INT,2,0,114,0,250000.0006,254,0,114000000.0,0.0,0,0,0.004,0.0,0.0,0.0,0,0,0,0,0.0,0.0,0.0,57,0,0,0,28,2,4,3,3,28,0,0,0,3,28,0,Generic,1,3,Exploits
53256,1e-05,udp,dns,INT,2,0,114,0,100000.0025,254,0,45600000.0,0.0,0,0,0.01,0.0,0.0,0.0,0,0,0,0,0.0,0.0,0.0,57,0,0,0,3,2,3,3,3,3,0,0,0,3,3,0,Generic,1,3,Exploits
16234,5e-06,udp,dns,INT,2,0,114,0,200000.0051,254,0,91200000.0,0.0,0,0,0.005,0.0,0.0,0.0,0,0,0,0,0.0,0.0,0.0,57,0,0,0,39,2,39,39,22,39,0,0,0,40,39,0,Generic,1,3,Exploits
18249,1e-05,udp,dns,INT,2,0,114,0,100000.0025,254,0,45600000.0,0.0,0,0,0.01,0.0,0.0,0.0,0,0,0,0,0.0,0.0,0.0,57,0,0,0,36,2,25,25,25,36,0,0,0,25,36,0,Generic,1,3,Exploits
50896,6.111973,tcp,-,FIN,100,560,4540,741304,107.82116,62,252,5883.53418,968565.8125,6,278,61.737102,10.792469,2961.32318,1221.472711,255,2766564691,1730349418,255,0.169282,0.078375,0.090907,45,1324,0,0,1,1,1,1,1,1,0,0,0,2,1,0,Exploits,1,3,Exploits
39642,0.001558,udp,-,CON,4,4,528,304,4492.939698,31,29,2033376.125,1170731.75,0,0,0.402667,0.186333,0.563799,0.259274,0,0,0,0,0.0,0.0,0.0,132,76,0,0,5,0,4,1,1,3,0,0,0,3,6,0,Normal,0,3,Exploits
34010,0.031865,tcp,ftp,FIN,52,54,2934,3740,3295.151345,31,29,722548.25,921638.125,11,15,0.617863,0.591057,54.332573,1.462295,255,4077243334,1932984231,255,0.000682,0.000534,0.000148,56,69,0,0,1,0,7,1,1,4,1,1,0,5,1,0,Normal,0,3,Exploits
57350,4e-06,udp,dns,INT,2,0,114,0,250000.0006,254,0,114000000.0,0.0,0,0,0.004,0.0,0.0,0.0,0,0,0,0,0.0,0.0,0.0,57,0,0,0,11,2,7,7,4,7,0,0,0,7,11,0,Generic,1,3,Exploits
3118,2e-06,ipv6,-,INT,2,0,200,0,500000.0013,254,0,400000000.0,0.0,0,0,0.002,0.0,0.0,0.0,0,0,0,0,0.0,0.0,0.0,100,0,0,0,4,2,1,1,1,4,0,0,0,1,4,0,DoS,1,3,Exploits
53440,0.912913,tcp,ftp,FIN,14,12,798,682,27.384865,254,252,6493.499023,5485.736328,4,4,70.224077,77.515273,3609.078123,96.899391,255,1886122830,4214421564,255,0.144514,0.059479,0.085035,57,57,0,0,2,1,1,1,1,1,0,0,0,1,2,0,Fuzzers,1,3,Exploits
45043,0.982232,tcp,-,FIN,10,8,564,354,17.30752,254,252,4137.515625,2524.861816,2,1,105.803222,134.554,8073.931089,194.040109,255,3412192520,2297076217,255,0.099017,0.040347,0.05867,56,44,0,0,11,1,1,1,1,1,0,0,0,2,1,0,Reconnaissance,1,3,Exploits
54678,1e-05,udp,dns,INT,2,0,114,0,100000.0025,254,0,45600000.0,0.0,0,0,0.01,0.0,0.0,0.0,0,0,0,0,0.0,0.0,0.0,57,0,0,0,12,2,5,4,4,4,0,0,0,4,12,0,Generic,1,3,Exploits
50632,4e-06,udp,dns,INT,2,0,114,0,250000.0006,254,0,114000000.0,0.0,0,0,0.004,0.0,0.0,0.0,0,0,0,0,0.0,0.0,0.0,57,0,0,0,9,2,4,4,4,4,0,0,0,4,9,0,Generic,1,3,Exploits
30036,0.582739,tcp,-,FIN,88,164,5488,192828,430.724564,31,29,74489.60938,2631064.75,10,71,6.694402,3.571663,444.731238,323.684206,255,3360838107,3379460049,255,0.000763,0.000554,0.000209,62,1176,0,0,1,0,1,1,1,1,0,0,0,2,4,0,Normal,0,3,Exploits
70949,0.592704,tcp,-,FIN,10,6,638,268,25.307742,254,252,7761.041016,3023.431641,2,1,62.906,106.919,3326.775653,171.305375,255,4209921492,374273760,255,0.129874,0.058102,0.071772,64,45,0,0,2,1,1,1,1,2,0,0,0,19,2,0,Normal,0,3,Exploits
48359,0.874638,tcp,smtp,FIN,22,20,5738,1804,46.876535,62,252,50105.30078,15677.34277,8,8,41.649427,45.486738,2068.251274,54.718508,255,2484056479,2103322296,255,0.064686,0.009747,0.054939,261,90,0,0,1,1,1,1,1,1,0,0,0,1,1,0,Exploits,1,3,Exploits
33773,0.026027,tcp,-,FIN,36,38,2334,16290,2804.779697,31,29,697737.0,4875552.5,7,12,0.7342,0.684649,56.130907,53.67054,255,3479863452,3480237662,255,0.000834,0.000684,0.00015,65,429,0,0,6,0,4,1,1,2,0,0,0,3,8,0,Normal,0,3,Exploits
958,3e-06,sctp,-,INT,2,0,776,0,333333.3215,254,0,1034666624.0,0.0,0,0,0.003,0.0,0.0,0.0,0,0,0,0,0.0,0.0,0.0,388,0,0,0,1,2,1,1,1,1,0,0,0,1,1,0,Exploits,1,9,Worms
21001,9e-06,udp,dns,INT,2,0,114,0,111111.1072,254,0,50666664.0,0.0,0,0,0.009,0.0,0.0,0.0,0,0,0,0,0.0,0.0,0.0,57,0,0,0,24,2,24,24,11,24,0,0,0,24,24,0,Generic,1,3,Exploits
8285,9e-06,unas,-,INT,2,0,200,0,111111.1072,254,0,88888888.0,0.0,0,0,0.009,0.0,0.0,0.0,0,0,0,0,0.0,0.0,0.0,100,0,0,0,6,2,3,3,3,6,0,0,0,11,6,0,DoS,1,3,Exploits
44676,0.410848,tcp,http,FIN,10,8,802,1426,41.377834,62,252,14058.72754,24300.95898,2,2,45.553,51.70757,2424.42594,73.510289,255,3693244858,3399453063,255,0.095598,0.048894,0.046704,80,178,1,312,2,1,1,1,1,1,0,0,1,3,2,0,DoS,1,3,Exploits
1967,51.671165,tcp,-,FIN,24,20,2152,1630,0.832186,254,252,319.404449,239.82428,7,4,2245.324219,2715.77125,324885.0189,10995.676,255,370557113,48213778,255,0.13691,0.071506,0.065404,90,82,0,0,3,1,2,2,2,3,0,0,0,2,3,0,Fuzzers,1,3,Exploits
64664,0.363643,tcp,-,FIN,10,10,770,5952,52.249048,62,252,15245.72168,117851.8516,2,3,40.404778,35.562889,1952.525195,2380.813149,255,3440875031,814684334,255,0.096111,0.04275,0.053361,77,595,0,0,6,1,1,1,1,1,0,0,0,1,7,0,Exploits,1,3,Exploits
41312,0.22473,tcp,-,CON,6,2,998,86,31.148489,62,252,29617.76367,1530.725708,2,1,44.946,0.007,2933.277716,0.0,255,4078929658,2500413154,255,0.206644,0.111528,0.095116,166,43,0,0,5,3,3,3,1,5,0,0,0,3,5,0,Normal,0,3,Exploits
2133,2.713895,tcp,-,FIN,18,20,1024,5008,13.633541,62,252,2853.463379,14025.59766,6,8,159.640882,136.459372,9887.068575,9321.147188,255,2327749786,626846653,255,0.246707,0.120373,0.126334,57,250,0,0,3,1,1,2,1,1,0,0,0,4,3,0,Exploits,1,3,Exploits
32453,0.02993,tcp,-,FIN,72,74,4238,63878,4844.637607,31,29,1117273.625,16843302.0,7,30,0.41707,0.401397,21.723149,21.334321,255,2521617528,2521943815,255,0.00078,0.000617,0.000163,59,863,0,0,7,0,1,1,1,1,0,0,0,3,6,0,Normal,0,3,Exploits
74488,0.786382,tcp,http,FIN,10,8,800,1078,21.617992,62,252,7324.684082,9603.474609,2,2,87.375778,104.28143,4864.881454,209.647594,255,4192415867,207331628,255,0.131739,0.055674,0.076065,80,135,1,137,2,1,1,1,1,2,0,0,1,1,2,0,Normal,0,3,Exploits
27668,0.005246,tcp,-,FIN,22,14,1470,1728,6671.750033,31,29,2141060.0,2447579.25,5,4,0.24981,0.347923,15.323106,0.509209,255,1988094221,4137987754,255,0.000731,0.000578,0.000153,67,123,0,0,2,0,1,1,1,1,0,0,0,1,5,0,Normal,0,3,Exploits
12397,8e-06,udp,dns,INT,2,0,114,0,125000.0003,254,0,57000000.0,0.0,0,0,0.008,0.0,0.0,0.0,0,0,0,0,0.0,0.0,0.0,57,0,0,0,45,2,45,45,28,45,0,0,0,45,45,0,Generic,1,3,Exploits
49744,0.866654,tcp,smtp,FIN,40,22,31194,1916,70.385646,62,252,280757.9688,16883.32422,17,8,22.221897,40.048145,1543.081987,51.316848,255,2353975453,3062103671,255,0.070578,0.016902,0.053676,780,87,0,0,1,1,3,1,1,1,0,0,0,1,1,0,Exploits,1,3,Exploits
53456,15.499623,tcp,http,FIN,224,1386,10058,1927203,103.808975,62,252,5168.641602,993992.1875,2,691,69.504225,11.150227,5081.220969,2130.137376,255,2489876777,3897565226,255,0.117555,0.056554,0.061001,45,1390,0,0,2,1,6,3,1,6,0,0,0,6,3,0,Generic,1,3,Exploits
24371,0.016682,tcp,-,FIN,36,38,2334,16920,4375.973886,31,29,1088598.375,7900731.0,7,12,0.467114,0.437892,0.0,30.184216,255,1768028192,3929797758,255,0.000577,0.000476,0.000101,65,445,0,0,8,0,5,1,1,1,0,0,0,2,12,0,Normal,0,3,Exploits
21927,8e-06,udp,dns,INT,2,0,114,0,125000.0003,254,0,57000000.0,0.0,0,0,0.008,0.0,0.0,0.0,0,0,0,0,0.0,0.0,0.0,57,0,0,0,30,2,25,25,25,30,0,0,0,25,30,0,Generic,1,3,Exploits
35934,0.00106,udp,dns,CON,2,2,146,178,2830.188576,31,29,550943.375,671698.0625,0,0,0.011,0.009,0.0,0.0,0,0,0,0,0.0,0.0,0.0,73,89,0,0,3,0,2,1,1,1,0,0,0,2,4,0,Normal,0,3,Exploits
30453,0.012894,tcp,-,FIN,44,46,2766,24004,6902.43528,31,29,1677679.5,14569878.0,7,16,0.298905,0.282136,17.137551,16.419445,255,1117509206,1124421853,255,0.000607,0.000476,0.000131,63,522,0,0,7,0,5,1,1,1,0,0,0,5,3,0,Normal,0,3,Exploits
57326,3e-06,udp,dns,INT,2,0,114,0,333333.3215,254,0,152000000.0,0.0,0,0,0.003,0.0,0.0,0.0,0,0,0,0,0.0,0.0,0.0,57,0,0,0,12,2,1,1,1,1,0,0,0,1,12,0,Generic,1,3,Exploits
33172,0.00888,tcp,-,FIN,36,38,2334,16290,8220.721063,31,29,2045045.125,14290091.0,7,12,0.2446,0.223703,14.213975,13.003913,255,2167608582,18342523,255,0.000727,0.000592,0.000135,65,429,0,0,11,0,2,1,1,1,0,0,0,5,5,0,Normal,0,3,Exploits
33407,0.018408,tcp,-,FIN,16,18,1540,1644,1792.698781,31,29,627553.25,674923.9375,4,4,1.206067,1.055118,73.09914,2.163976,255,1588754366,3738864605,255,0.000595,0.000467,0.000128,96,91,0,0,15,0,7,6,1,7,0,0,0,9,12,0,Normal,0,3,Exploits
42764,1e-05,udp,-,INT,2,0,1064,0,100000.0025,254,0,425600000.0,0.0,0,0,0.01,0.0,0.0,0.0,0,0,0,0,0.0,0.0,0.0,532,0,0,0,6,2,2,2,1,6,0,0,0,2,6,0,Normal,0,3,Exploits
1520,6e-06,udp,-,INT,2,0,168,0,166666.6608,254,0,112000000.0,0.0,0,0,0.006,0.0,0.0,0.0,0,0,0,0,0.0,0.0,0.0,84,0,0,0,2,2,1,1,1,2,0,0,0,1,2,0,Reconnaissance,1,3,Exploits
81406,1.062203,tcp,-,CON,6,2,998,86,6.590077,62,252,6266.22168,323.855225,4,2,13363.87367,39831.796,1021412.697,39831.796,255,3877951963,2081001858,255,0.133602,0.060034,0.073568,166,43,0,0,6,3,4,3,2,5,0,0,0,4,5,0,Normal,0,3,Exploits
70377,0.351511,tcp,-,FIN,10,6,534,268,42.672918,254,252,10947.02539,5097.991211,2,1,37.069667,54.274,2062.151359,81.537125,255,3243114592,4242950495,255,0.169329,0.080139,0.08919,53,45,0,0,2,1,1,1,1,2,0,0,0,1,2,0,Normal,0,3,Exploits
34351,0.001795,udp,-,CON,4,4,528,304,3899.721345,31,29,1764902.5,1016155.938,0,0,0.451667,0.237,0.629562,0.328107,0,0,0,0,0.0,0.0,0.0,132,76,0,0,3,0,3,1,1,2,0,0,0,4,4,0,Normal,0,3,Exploits
24346,0.023626,tcp,-,FIN,38,40,2438,20194,3259.12135,31,29,803860.1875,6667231.0,7,13,0.629919,0.589513,49.054436,51.215548,255,578577860,2728497623,255,0.000781,0.000625,0.000156,64,505,0,0,5,0,3,1,1,1,0,0,0,2,7,0,Normal,0,3,Exploits
69799,0.163372,tcp,-,CON,6,2,1012,86,42.847001,62,252,41328.99219,2105.624023,2,1,32.6744,0.008,1847.914427,0.0,255,3798426006,1429866481,255,0.124897,0.084739,0.040158,169,43,0,0,5,3,2,2,1,5,0,0,0,2,5,0,Normal,0,3,Exploits
67600,1.994844,tcp,ftp,FIN,14,12,696,682,12.532309,254,252,2594.689209,2510.472168,4,4,150.982851,170.703734,9116.065838,248.343266,255,2811549794,1805291905,255,0.295869,0.117102,0.178767,50,57,0,0,2,1,2,1,1,2,0,0,0,1,2,0,Normal,0,3,Exploits
67941,0.504632,tcp,-,FIN,12,6,3678,268,33.687915,254,252,53456.77734,3551.102539,3,1,45.792729,86.932203,0.0,112.118898,255,403331032,2229443715,255,0.143578,0.069966,0.073612,307,45,0,0,4,1,1,1,1,3,0,0,0,1,3,0,Normal,0,3,Exploits
53478,6e-06,udp,-,INT,2,0,168,0,166666.6608,254,0,112000000.0,0.0,0,0,0.006,0.0,0.0,0.0,0,0,0,0,0.0,0.0,0.0,84,0,0,0,1,2,9,1,1,8,0,0,0,8,2,0,Reconnaissance,1,3,Exploits
37648,0.049763,tcp,-,FIN,84,86,4862,77276,3396.0974,31,29,772461.4375,12278681.0,7,36,0.595518,0.578141,0.0,34.895354,255,3632601741,3660633846,255,0.00075,0.000618,0.000132,58,899,0,0,3,0,2,1,1,2,0,0,0,5,3,0,Normal,0,3,Exploits
49246,3.6e-05,udp,-,INT,2,0,2044,0,27777.7768,254,0,227111104.0,0.0,0,0,0.036,0.0,0.0,0.0,0,0,0,0,0.0,0.0,0.0,1022,0,0,0,6,2,3,2,1,3,0,0,0,3,6,0,Fuzzers,1,3,Exploits
43917,3.641059,tcp,-,FIN,12,10,994,848,5.767553,254,252,2003.812622,1678.632568,3,2,331.005375,388.665781,27495.57637,751.434375,255,1721658822,2278327004,255,0.238558,0.142389,0.096169,83,85,0,0,3,1,2,1,1,1,0,0,0,1,3,0,Fuzzers,1,3,Exploits
48478,1.2e-05,any,-,INT,2,0,200,0,200000.0051,254,0,160000000.0,0.0,0,0,0.005,0.0,0.0,0.0,0,0,0,0,0.0,0.0,0.0,100,0,0,0,19,2,6,6,6,6,0,0,0,6,18,0,Backdoor,1,3,Exploits
48632,0.61313,tcp,-,FIN,10,8,586,354,27.726584,254,252,6889.240723,4044.819336,2,1,67.619111,77.786,3827.200772,144.846422,255,2149777245,2343443695,255,0.12753,0.068618,0.058912,59,44,0,0,5,1,1,1,1,1,0,0,0,1,5,0,Fuzzers,1,3,Exploits
63903,0.479921,tcp,-,FIN,10,8,1218,354,35.422496,254,252,18286.3418,5167.51709,2,1,49.812778,64.376715,3321.93286,114.163148,255,1323699099,3003452412,255,0.08753,0.029273,0.058257,122,44,0,0,2,1,1,1,1,1,0,0,0,1,1,0,Exploits,1,3,Exploits
40745,1.062487,tcp,http,FIN,10,8,796,1150,16.000196,62,252,5398.654297,7582.210449,2,2,118.054111,132.147,7624.511748,284.135781,255,1034536322,3457097326,255,0.162971,0.123528,0.039443,80,144,1,172,3,1,1,1,1,3,0,0,1,1,3,0,Normal,0,3,Exploits
71666,1.590739,tcp,ftp,FIN,64,20,68216,1026,52.177007,254,252,337709.7188,4903.381348,29,4,25.233603,80.121898,2171.306983,95.466234,255,1776196597,1765203375,255,0.121222,0.068419,0.052803,1066,51,0,0,2,1,1,1,1,2,0,0,0,1,2,0,Normal,0,3,Exploits
81792,0.274868,tcp,-,CON,6,2,998,86,25.466768,62,252,24215.25781,1251.509766,2,1,54.9736,0.008,3221.232772,0.0,255,655421387,3603083013,255,0.221457,0.181336,0.040121,166,43,0,0,1,3,1,1,1,1,0,0,0,1,2,0,Normal,0,3,Exploits
34159,0.502484,tcp,smtp,FIN,52,38,37232,3172,177.120059,31,29,581367.75,49179.67188,18,8,9.845529,13.565433,1011.447707,35.41759,255,3902015109,3907364988,255,0.000708,0.000558,0.00015,716,83,0,0,1,0,1,1,1,1,0,0,0,1,1,0,Normal,0,3,Exploits
11762,0.446527,tcp,ftp-data,FIN,8,10,364,3754,38.071606,62,252,5715.219727,60538.33203,1,3,63.789571,42.912,4089.647999,3794.060916,255,1656020209,3207350889,255,0.109319,0.059638,0.049681,46,375,0,0,1,1,2,1,1,2,0,0,0,2,1,0,Exploits,1,3,Exploits
64694,1.1e-05,udp,dns,INT,2,0,114,0,90909.0902,254,0,41454544.0,0.0,0,0,0.011,0.0,0.0,0.0,0,0,0,0,0.0,0.0,0.0,57,0,0,0,7,2,3,3,3,3,0,0,0,3,7,0,Generic,1,3,Exploits
2876,9e-06,ipip,-,INT,2,0,200,0,111111.1072,254,0,88888888.0,0.0,0,0,0.009,0.0,0.0,0.0,0,0,0,0,0.0,0.0,0.0,100,0,0,0,6,2,2,2,2,6,0,0,0,10,6,0,Exploits,1,3,Exploits
7970,0.998062,tcp,smtp,FIN,12,10,2200,540,21.040777,254,252,16167.33203,3895.549561,3,3,90.732908,95.99,4585.964765,127.414602,255,1271493891,1982710143,255,0.20108,0.106678,0.094402,183,54,0,0,1,1,2,1,1,1,0,0,0,2,1,0,Exploits,1,3,Exploits
49386,1.395543,tcp,-,FIN,10,8,534,354,12.181638,254,252,2757.349609,1777.08606,2,1,155.060333,176.860281,9022.626053,253.7025,255,2495395540,4074259708,255,0.235963,0.156847,0.079116,53,44,0,0,2,1,1,1,1,1,0,0,0,1,2,0,Fuzzers,1,3,Exploits
5552,1e-06,unas,-,INT,2,0,200,0,1000000.003,254,0,800000000.0,0.0,0,0,0.001,0.0,0.0,0.0,0,0,0,0,0.0,0.0,0.0,100,0,0,0,3,2,1,1,1,3,0,0,0,9,3,0,Reconnaissance,1,3,Exploits
45406,0.623981,tcp,http,FIN,12,10,1342,2910,33.654871,62,252,15782.53223,33577.94531,3,3,56.725545,59.444445,2754.728618,95.034258,255,2630826794,2559691238,255,0.144656,0.088524,0.056132,112,291,1,159,1,1,1,1,1,1,0,0,1,1,1,0,Exploits,1,3,Exploits
17517,8e-06,udp,dns,INT,2,0,114,0,125000.0003,254,0,57000000.0,0.0,0,0,0.008,0.0,0.0,0.0,0,0,0,0,0.0,0.0,0.0,57,0,0,0,28,2,17,17,9,28,0,0,0,17,28,0,Generic,1,3,Exploits
23914,0.004007,tcp,-,FIN,8,10,1028,822,4242.575482,31,29,1796855.5,1477414.5,2,2,0.513857,0.381556,32.478598,0.668073,255,1995119353,1996154427,255,0.000738,0.000568,0.00017,129,82,0,0,18,0,5,1,1,1,0,0,0,7,10,0,Normal,0,3,Exploits
15767,9e-06,udp,dns,INT,2,0,114,0,111111.1072,254,0,50666664.0,0.0,0,0,0.009,0.0,0.0,0.0,0,0,0,0,0.0,0.0,0.0,57,0,0,0,26,2,18,18,18,26,0,0,0,18,26,0,Generic,1,3,Exploits
18489,9e-06,udp,dns,INT,2,0,114,0,111111.1072,254,0,50666664.0,0.0,0,0,0.009,0.0,0.0,0.0,0,0,0,0,0.0,0.0,0.0,57,0,0,0,31,2,18,18,18,31,0,0,0,19,31,0,Generic,1,3,Exploits
66654,0.785844,tcp,-,FIN,10,6,650,268,19.087757,254,252,5955.380371,2280.35083,2,1,78.062556,135.899,4194.833476,191.769672,255,4054806770,2835247107,255,0.144494,0.106348,0.038146,65,45,0,0,3,1,2,1,1,3,0,0,0,1,5,0,Normal,0,3,Exploits
8689,0.553317,tcp,http,FIN,10,10,828,4378,34.338362,62,252,10785.86035,56979.99219,2,3,61.479667,59.163556,3640.284195,4406.365375,255,2428794409,3595553822,255,0.073286,0.019567,0.053719,83,438,1,1721,1,1,1,1,1,1,0,0,1,1,1,0,Exploits,1,3,Exploits
29384,0.132876,tcp,smtp,FIN,52,42,37178,3380,699.900692,31,29,2195370.25,198681.4844,18,8,2.597588,3.227219,348.88035,11.798593,255,3999997027,1851465813,255,0.000719,0.000555,0.000164,715,80,0,0,2,0,7,2,2,2,0,0,0,3,2,0,Normal,0,3,Exploits
10406,2.363196,tcp,-,FIN,10,8,564,354,7.193648,254,252,1719.705078,1049.426392,2,1,262.577333,321.183562,15902.19567,504.163656,255,2693020889,561344942,255,0.170197,0.08751,0.082687,56,44,0,0,6,1,1,1,1,1,0,0,0,1,1,0,Reconnaissance,1,3,Exploits
70753,1.192826,tcp,-,FIN,10,10,608,646,15.928559,254,252,3675.30542,3903.335449,2,3,132.536222,135.434625,7938.712571,202.582594,255,3946663989,2352079416,255,0.156115,0.108751,0.047364,61,65,0,0,1,1,2,1,1,1,0,0,0,1,2,0,Normal,0,3,Exploits
76337,0.711125,tcp,-,FIN,10,6,534,268,21.093338,254,252,5411.144043,2519.950684,2,1,72.476778,124.523602,3840.550982,194.951437,255,3010434236,4169260173,255,0.196763,0.0885,0.108263,53,45,0,0,5,1,1,1,1,3,0,0,0,1,3,0,Normal,0,3,Exploits
52872,25.090731,ospf,-,INT,42,0,2184,0,1.63407,254,0,679.772949,0.0,0,0,611.969125,0.0,713.159188,0.0,0,0,0,0,0.0,0.0,0.0,52,0,0,0,2,2,2,2,2,2,0,0,0,2,2,0,Backdoor,1,3,Exploits
21283,9e-06,udp,dns,INT,2,0,114,0,111111.1072,254,0,50666664.0,0.0,0,0,0.009,0.0,0.0,0.0,0,0,0,0,0.0,0.0,0.0,57,0,0,0,20,2,18,18,18,20,0,0,0,18,20,0,Generic,1,3,Exploits
6718,6e-06,unas,-,INT,2,0,200,0,166666.6608,254,0,133333328.0,0.0,0,0,0.006,0.0,0.0,0.0,0,0,0,0,0.0,0.0,0.0,100,0,0,0,7,2,3,3,3,7,0,0,0,3,7,0,Exploits,1,3,Exploits
30831,0.032919,tcp,http,FIN,8,10,1044,824,516.419076,31,29,222120.9531,180321.3906,2,2,4.539714,3.556667,280.791127,7.441798,255,3748266504,3751865958,255,0.001095,0.000905,0.00019,131,82,1,83,4,0,3,1,1,1,0,0,1,3,2,0,Normal,0,3,Exploits
72337,0.969178,tcp,-,FIN,10,8,558,354,17.540637,254,252,4151.972168,2558.869385,2,1,107.686444,120.91557,7810.752657,184.329469,255,333240459,2547803975,255,0.130633,0.090237,0.040396,56,44,0,0,4,1,1,1,1,4,0,0,0,1,4,0,Normal,0,3,Exploits
70757,0.0,arp,-,INT,1,0,46,0,0.0,0,0,0.0,0.0,0,0,60000.7,0.0,10.954515,0.0,0,0,0,0,0.0,0.0,0.0,46,0,0,0,1,2,1,1,1,1,0,0,0,1,1,1,Normal,0,3,Exploits
44967,0.453958,tcp,http,FIN,10,6,928,268,33.042704,254,252,14732.64063,3947.501709,2,1,46.731556,72.910398,2619.391795,107.456367,255,183362009,2170637333,255,0.135761,0.089395,0.046366,93,45,1,0,2,1,1,1,1,1,0,0,1,1,1,0,Exploits,1,9,Worms
15036,9e-06,udp,dns,INT,2,0,114,0,111111.1072,254,0,50666664.0,0.0,0,0,0.009,0.0,0.0,0.0,0,0,0,0,0.0,0.0,0.0,57,0,0,0,36,2,32,32,12,36,0,0,0,33,36,0,Generic,1,3,Exploits
14565,6e-06,udp,dns,INT,2,0,114,0,166666.6608,254,0,76000000.0,0.0,0,0,0.006,0.0,0.0,0.0,0,0,0,0,0.0,0.0,0.0,57,0,0,0,46,2,43,43,25,46,0,0,0,44,46,0,Generic,1,3,Exploits
68163,1e-05,udp,-,INT,2,0,508,0,100000.0025,254,0,203200000.0,0.0,0,0,0.01,0.0,0.0,0.0,0,0,0,0,0.0,0.0,0.0,254,0,0,0,3,2,2,2,1,3,0,0,0,16,3,0,Normal,0,3,Exploits
37874,0.001117,udp,dns,CON,2,2,146,178,2685.765426,31,29,522829.0,637421.6875,0,0,0.011,0.008,0.0,0.0,0,0,0,0,0.0,0.0,0.0,73,89,0,0,4,0,3,2,1,1,0,0,0,10,3,0,Normal,0,3,Exploits
41268,0.425418,tcp,-,CON,6,2,998,86,16.454405,62,252,15645.78906,808.616516,2,1,85.0836,0.007,4892.413225,0.0,255,3127655170,30956164,77,0.333593,0.296052,0.037541,166,43,0,0,8,3,3,3,1,8,0,0,0,3,8,0,Normal,0,3,Exploits
2972,9e-06,aris,-,INT,2,0,200,0,111111.1072,254,0,88888888.0,0.0,0,0,0.009,0.0,0.0,0.0,0,0,0,0,0.0,0.0,0.0,100,0,0,0,3,2,1,1,1,3,0,0,0,9,3,0,Reconnaissance,1,3,Exploits
74816,9e-06,tcp,-,REQ,2,0,90,0,111111.1072,254,0,40000000.0,0.0,1,0,0.009,0.0,0.0,0.0,255,0,0,0,0.0,0.0,0.0,45,0,0,0,9,6,5,1,1,35,0,0,0,4,8,0,Normal,0,3,Exploits
28748,0.001091,udp,dns,CON,2,2,146,178,2749.770747,31,29,535288.6875,652612.25,0,0,0.011,0.008,0.0,0.0,0,0,0,0,0.0,0.0,0.0,73,89,0,0,2,0,3,1,1,1,0,0,0,4,2,0,Normal,0,3,Exploits
58279,7e-06,udp,dns,INT,2,0,114,0,142857.1409,254,0,65142856.0,0.0,0,0,0.007,0.0,0.0,0.0,0,0,0,0,0.0,0.0,0.0,57,0,0,0,10,2,7,7,3,7,0,0,0,7,10,0,Generic,1,3,Exploits
54245,2e-06,unas,-,INT,2,0,200,0,500000.0013,254,0,400000000.0,0.0,0,0,0.002,0.0,0.0,0.0,0,0,0,0,0.0,0.0,0.0,100,0,0,0,15,2,4,2,2,3,0,0,0,8,15,0,Fuzzers,1,3,Exploits
63568,0.605691,tcp,http,FIN,60,14,68199,612,120.523498,254,252,885771.75,7515.383301,27,1,10.118424,42.372691,1099.116492,61.95123,255,1801136852,1642652152,255,0.110628,0.054839,0.055789,1137,44,1,0,4,1,2,2,1,2,0,0,1,2,4,0,Fuzzers,1,3,Exploits
80535,0.803393,tcp,-,FIN,10,6,2516,268,18.670812,254,252,22554.3418,2230.539795,2,1,89.145778,138.627,4301.122982,186.566219,255,3991678627,406253960,255,0.185955,0.110248,0.075707,252,45,0,0,7,1,1,1,1,4,0,0,0,2,4,0,Normal,0,3,Exploits
46186,0.730376,tcp,smtp,FIN,22,20,4212,1868,56.13547,62,252,44043.06641,19442.04102,8,8,34.779811,37.528684,1796.195747,45.576441,255,3057207108,2712966803,255,0.06044,0.014374,0.046066,191,93,0,0,1,1,1,1,1,1,0,0,0,1,1,0,Exploits,1,3,Exploits
70238,3.073051,tcp,-,CON,6,2,1012,86,2.277867,62,252,2197.165039,111.940872,2,1,614.6102,0.007,31454.03085,0.0,255,1900004553,1265699888,255,1.873344,1.723241,0.150103,169,43,0,0,5,3,2,1,1,4,0,0,0,2,5,0,Normal,0,3,Exploits
10539,0.192139,tcp,http,FIN,10,10,870,3498,98.886744,62,252,32601.39844,131113.4063,2,3,21.348778,19.805444,1073.545852,1636.620328,255,2506162777,2247963776,255,0.053759,0.007478,0.046281,87,350,1,1288,1,1,1,1,1,1,0,0,1,1,1,0,Exploits,1,3,Exploits
9574,1.586398,tcp,smtp,FIN,28,20,9889,1700,29.626865,254,252,48088.81641,8144.236328,10,8,58.75548,81.714523,3741.793771,124.100437,255,1891834608,2759431437,255,0.063597,0.032932,0.030665,353,85,0,0,1,1,2,1,1,1,0,0,0,1,1,0,DoS,1,3,Exploits
56530,1.1e-05,udp,dns,INT,2,0,114,0,90909.0902,254,0,41454544.0,0.0,0,0,0.011,0.0,0.0,0.0,0,0,0,0,0.0,0.0,0.0,57,0,0,0,10,2,4,4,4,4,0,0,0,5,10,0,Generic,1,3,Exploits
59764,2e-06,udp,dns,INT,2,0,114,0,500000.0013,254,0,228000000.0,0.0,0,0,0.002,0.0,0.0,0.0,0,0,0,0,0.0,0.0,0.0,57,0,0,0,8,2,2,2,2,2,0,0,0,2,8,0,Generic,1,3,Exploits
8229,1.926782,tcp,smtp,FIN,22,20,3529,1680,21.279003,62,252,13988.08984,6626.592773,8,8,91.751521,97.890156,5294.827772,139.904922,255,2384399649,329328525,255,0.118463,0.066194,0.052269,160,84,0,0,1,1,1,1,1,1,0,0,0,3,1,0,Exploits,1,3,Exploits
30022,0.004892,udp,-,CON,4,4,568,304,1430.907605,31,29,696647.5625,372853.625,0,0,1.263333,1.116667,1.776726,1.567891,0,0,0,0,0.0,0.0,0.0,142,76,0,0,13,0,5,1,1,3,0,0,0,14,12,0,Normal,0,3,Exploits
17563,3e-06,udp,dns,INT,2,0,114,0,333333.3215,254,0,152000000.0,0.0,0,0,0.003,0.0,0.0,0.0,0,0,0,0,0.0,0.0,0.0,57,0,0,0,20,2,20,20,20,21,0,0,0,21,20,0,Generic,1,3,Exploits
36224,0.115986,tcp,-,FIN,72,74,4238,63878,1250.150912,31,29,288310.6563,4346386.5,7,30,1.628859,1.580945,0.0,88.174336,255,2688525273,539220011,255,0.000711,0.000573,0.000138,59,863,0,0,4,0,3,1,1,1,0,0,0,3,7,0,Normal,0,3,Exploits
70610,1.385917,tcp,-,FIN,10,8,534,354,12.266247,254,252,2776.501221,1789.428955,2,1,143.147222,190.936719,8576.357219,269.363625,255,4294081219,3654890022,255,0.164124,0.049351,0.114773,53,44,0,0,2,1,2,1,1,1,0,0,0,1,1,0,Normal,0,3,Exploits
37503,1.009677,tcp,http,FIN,14,18,1684,10168,30.702887,31,29,12392.08106,76095.61719,3,5,77.639002,59.362003,8769.414674,7682.129654,255,1591725788,1592767826,255,0.000661,0.000519,0.000142,120,565,1,3924,1,0,4,1,1,1,0,0,1,1,2,0,Normal,0,3,Exploits
57577,0.207977,tcp,-,FIN,10,10,804,4262,91.356257,62,252,27849.23438,147554.7813,2,3,23.108556,15.678333,1237.093847,1226.187255,255,1260803955,1159722903,255,0.081087,0.066277,0.01481,80,426,0,0,1,1,1,1,1,1,0,0,0,1,1,0,Exploits,1,3,Exploits
68131,1.655807,tcp,-,FIN,12,10,1362,802,12.682637,254,252,6034.519531,3488.329102,3,2,148.983906,177.163781,9417.768946,301.611219,255,2318762163,4249455185,255,0.153498,0.061328,0.09217,114,80,0,0,1,1,2,1,1,1,0,0,0,2,2,0,Normal,0,3,Exploits
65666,0.470621,tcp,-,FIN,10,8,700,354,36.122486,254,252,10709.25488,5269.633301,2,1,50.544,58.91743,3478.642912,114.141547,255,2915818987,1109619755,255,0.109998,0.058195,0.051803,70,44,0,0,6,1,2,2,1,2,0,0,0,2,6,0,Fuzzers,1,3,Exploits
38208,0.02486,tcp,smtp,FIN,52,42,37268,3380,3740.94928,31,29,11762510.0,1061946.875,18,8,0.480333,0.587415,25.484956,0.999027,255,1859731566,4006289008,255,0.000926,0.000771,0.000155,717,80,0,0,2,0,2,1,1,2,0,0,0,3,1,0,Normal,0,3,Exploits
72497,8e-06,udp,-,INT,2,0,78,0,125000.0003,254,0,39000000.0,0.0,0,0,0.008,0.0,0.0,0.0,0,0,0,0,0.0,0.0,0.0,39,0,0,0,14,2,2,4,1,6,0,0,0,4,7,0,Normal,0,3,Exploits
67950,0.632185,tcp,-,FIN,10,6,498,268,23.727232,254,252,5681.881348,2834.613281,2,1,70.242778,102.852,3489.874503,156.232266,255,3977772835,2610350528,255,0.241176,0.117253,0.123923,50,45,0,0,4,1,2,1,1,5,0,0,0,2,6,0,Normal,0,3,Exploits
51183,0.788551,tcp,-,FIN,28,26,3910,3382,67.211888,254,252,38257.51563,32992.16016,11,11,29.205593,30.66932,1413.570041,36.825953,255,2744154785,4059397100,255,0.028478,0.021175,0.007303,140,130,0,0,2,1,1,1,1,1,0,0,0,1,2,0,Exploits,1,3,Exploits
50330,1.1e-05,udp,dns,INT,2,0,114,0,90909.0902,254,0,41454544.0,0.0,0,0,0.011,0.0,0.0,0.0,0,0,0,0,0.0,0.0,0.0,57,0,0,0,10,2,3,3,3,3,0,0,0,3,10,0,Generic,1,3,Exploits
5996,8e-06,udp,-,INT,2,0,76,0,125000.0003,254,0,38000000.0,0.0,0,0,0.008,0.0,0.0,0.0,0,0,0,0,0.0,0.0,0.0,38,0,0,0,12,2,12,12,1,12,0,0,0,12,12,0,Fuzzers,1,3,Exploits
17898,1e-06,udp,dns,INT,2,0,114,0,1000000.003,254,0,456000000.0,0.0,0,0,0.001,0.0,0.0,0.0,0,0,0,0,0.0,0.0,0.0,57,0,0,0,26,2,8,8,8,26,0,0,0,8,26,0,Generic,1,3,Exploits
6530,9e-06,udp,-,INT,2,0,114,0,111111.1072,254,0,50666664.0,0.0,0,0,0.009,0.0,0.0,0.0,0,0,0,0,0.0,0.0,0.0,57,0,0,0,1,2,1,1,1,1,0,0,0,1,1,0,Shellcode,1,3,Exploits
24222,0.000962,udp,-,CON,2,2,146,178,3118.503148,31,29,607068.625,740124.75,0,0,0.001,0.007,0.0,0.0,0,0,0,0,0.0,0.0,0.0,73,89,0,0,12,0,2,2,1,1,0,0,0,3,10,0,Normal,0,3,Exploits
58604,5e-06,udp,dns,INT,2,0,114,0,200000.0051,254,0,91200000.0,0.0,0,0,0.005,0.0,0.0,0.0,0,0,0,0,0.0,0.0,0.0,57,0,0,0,13,2,4,4,4,4,0,0,0,5,13,0,Generic,1,3,Exploits
57977,5e-06,udp,dns,INT,2,0,114,0,200000.0051,254,0,91200000.0,0.0,0,0,0.005,0.0,0.0,0.0,0,0,0,0,0.0,0.0,0.0,57,0,0,0,17,2,7,7,4,7,0,0,0,7,17,0,Generic,1,3,Exploits
7295,1e-06,visa,-,INT,2,0,200,0,1000000.003,254,0,800000000.0,0.0,0,0,0.001,0.0,0.0,0.0,0,0,0,0,0.0,0.0,0.0,100,0,0,0,6,2,2,2,2,7,0,0,0,2,6,0,Exploits,1,3,Exploits
3343,1.36347,tcp,-,FIN,12,8,4614,354,13.935034,254,252,24819.0293,1818.888672,3,1,118.602729,182.545859,7830.904683,345.871125,255,4240713097,1203351688,255,0.16882,0.085636,0.083184,385,44,0,0,4,1,1,1,1,1,0,0,0,4,1,0,Exploits,1,3,Exploits
23533,0.002884,tcp,-,FIN,6,8,320,1854,4507.628178,31,29,740638.0,4502080.5,1,2,0.512,0.340429,28.61421,0.548846,255,4236487456,4244527590,255,0.000618,0.000495,0.000123,53,232,0,0,10,0,6,1,1,4,0,0,0,5,14,0,Normal,0,3,Exploits
11528,0.543011,tcp,http,FIN,10,8,748,1010,31.306916,62,252,9929.817383,13023.67676,2,2,60.319444,69.56043,3534.594901,116.724578,255,462069979,1483331045,255,0.10628,0.056079,0.050201,75,126,1,106,1,1,1,1,1,1,0,0,1,1,1,0,DoS,1,3,Exploits
78841,1.144157,tcp,-,FIN,10,8,830,354,14.8581,254,252,5223.059082,2167.534668,2,1,123.332111,145.406859,6980.83685,258.444469,255,1891377637,3229248039,255,0.26761,0.126308,0.141302,83,44,0,0,2,1,2,1,1,2,0,0,0,1,6,0,Normal,0,3,Exploits
14511,9e-06,udp,dns,INT,2,0,114,0,111111.1072,254,0,50666664.0,0.0,0,0,0.009,0.0,0.0,0.0,0,0,0,0,0.0,0.0,0.0,57,0,0,0,34,2,16,16,16,34,0,0,0,19,34,0,Generic,1,3,Exploits
22087,7e-06,udp,dns,INT,2,0,114,0,142857.1409,254,0,65142856.0,0.0,0,0,0.007,0.0,0.0,0.0,0,0,0,0,0.0,0.0,0.0,57,0,0,0,14,2,6,6,6,14,0,0,0,6,14,0,Generic,1,3,Exploits
55538,4e-06,unas,-,INT,2,0,200,0,250000.0006,254,0,200000000.0,0.0,0,0,0.004,0.0,0.0,0.0,0,0,0,0,0.0,0.0,0.0,100,0,0,0,10,2,2,2,2,2,0,0,0,2,9,0,Backdoor,1,3,Exploits
56947,1.1e-05,udp,dns,INT,2,0,114,0,90909.0902,254,0,41454544.0,0.0,0,0,0.011,0.0,0.0,0.0,0,0,0,0,0.0,0.0,0.0,57,0,0,0,12,2,3,3,3,3,0,0,0,6,12,0,Generic,1,3,Exploits
9404,1.901901,tcp,smtp,FIN,72,30,69864,2342,53.104762,62,252,289790.0625,9523.103516,32,8,26.787339,64.721516,2633.390573,97.934758,255,4272979823,1055326949,255,0.063897,0.013157,0.05074,970,78,0,0,1,1,1,1,1,1,0,0,0,1,1,0,Exploits,1,3,Exploits
51692,2e-06,udp,dns,INT,2,0,114,0,500000.0013,254,0,228000000.0,0.0,0,0,0.002,0.0,0.0,0.0,0,0,0,0,0.0,0.0,0.0,57,0,0,0,7,2,4,4,4,4,0,0,0,6,7,0,Generic,1,3,Exploits
27243,0.222926,tcp,ftp-data,FIN,8,12,424,8824,85.230074,31,29,13313.83496,290284.6563,1,4,31.799714,20.216636,2135.296516,1692.831814,255,683590178,2837102696,255,0.000658,0.000536,0.000122,53,735,0,0,7,0,4,1,1,3,0,0,0,3,4,0,Normal,0,3,Exploits
81751,0.160197,tcp,-,CON,6,2,998,86,43.696198,62,252,41548.83984,2147.355957,2,1,32.0394,0.007,1947.765376,0.0,255,3105693017,3302671596,255,0.135515,0.069448,0.066067,166,43,0,0,7,3,6,6,1,7,0,0,0,6,7,0,Normal,0,3,Exploits
64654,0.591566,tcp,-,FIN,12,10,1874,816,35.498996,254,252,23233.24805,9939.71875,3,2,52.138726,59.833,3587.729472,103.118008,255,3409214963,2442896695,255,0.102793,0.053062,0.049731,156,82,0,0,9,1,2,2,1,2,0,0,0,2,8,0,Fuzzers,1,3,Exploits
66002,10.629846,tcp,-,REQ,4,0,180,0,0.282224,254,0,101.600723,0.0,3,0,3543.282,0.0,5010.9445,0.0,255,0,0,0,0.0,0.0,0.0,45,0,0,0,37,6,32,2,2,35,0,0,0,33,35,0,Normal,0,3,Exploits
12359,3e-06,udp,dns,INT,2,0,114,0,333333.3215,254,0,152000000.0,0.0,0,0,0.003,0.0,0.0,0.0,0,0,0,0,0.0,0.0,0.0,57,0,0,0,36,2,23,23,10,36,0,0,0,23,36,0,Generic,1,3,Exploits
46985,0.183692,tcp,http,FIN,10,6,1016,268,81.658431,254,252,39849.3125,9755.460938,2,1,18.796444,35.454801,1005.473147,60.397328,255,741869268,4094006418,255,0.050957,0.006406,0.044551,102,45,1,0,2,1,1,1,1,1,0,0,1,1,1,0,Exploits,1,9,Worms
31799,0.004475,udp,-,CON,4,4,568,304,1564.245863,31,29,761564.25,407597.7813,0,0,1.134,1.019667,1.59594,1.432127,0,0,0,0,0.0,0.0,0.0,142,76,0,0,6,0,6,1,1,3,0,0,0,8,7,0,Normal,0,3,Exploits
16302,8e-06,udp,dns,INT,2,0,114,0,125000.0003,254,0,57000000.0,0.0,0,0,0.008,0.0,0.0,0.0,0,0,0,0,0.0,0.0,0.0,57,0,0,0,50,2,24,24,16,50,0,0,0,24,50,0,Generic,1,3,Exploits
9986,1.217875,tcp,http,FIN,12,14,1310,4478,20.527558,62,252,7889.151367,27319.7168,3,4,110.715912,86.652002,5933.617813,5764.720413,255,3534578727,449668327,255,0.129261,0.06159,0.067671,109,320,1,1435,1,1,2,1,1,1,0,0,1,1,1,0,Exploits,1,3,Exploits
68521,2e-06,udp,-,INT,2,0,1442,0,500000.0013,254,0,2884000000.0,0.0,0,0,0.002,0.0,0.0,0.0,0,0,0,0,0.0,0.0,0.0,721,0,0,0,4,2,1,1,1,3,0,0,0,13,3,0,Normal,0,3,Exploits
36663,0.046319,tcp,ftp-data,FIN,6,8,320,1860,280.662361,31,29,46114.98438,281180.5,1,2,9.1978,6.538571,640.575028,15.679552,255,371466570,2532478862,255,0.000679,0.000545,0.000134,53,233,0,0,3,0,1,1,1,1,0,0,0,3,3,0,Normal,0,3,Exploits
72511,4e-06,udp,-,INT,2,0,104,0,250000.0006,254,0,104000000.0,0.0,0,0,0.004,0.0,0.0,0.0,0,0,0,0,0.0,0.0,0.0,52,0,0,0,14,2,2,3,1,8,0,0,0,3,8,0,Normal,0,3,Exploits
8791,1.279177,tcp,-,FIN,10,10,608,646,14.853301,254,252,3427.203613,3639.840332,2,3,142.130778,126.362445,7712.644314,173.624281,255,4099511562,3689100267,255,0.195476,0.141115,0.054361,61,65,0,0,5,1,3,1,1,3,0,0,0,1,4,0,Exploits,1,3,Exploits
4746,3e-06,unas,-,INT,2,0,200,0,333333.3215,254,0,266666656.0,0.0,0,0,0.003,0.0,0.0,0.0,0,0,0,0,0.0,0.0,0.0,100,0,0,0,5,2,1,1,1,5,0,0,0,9,5,0,DoS,1,3,Exploits
8526,6e-06,udp,dhcp,INT,2,0,1152,0,166666.6608,62,0,768000000.0,0.0,0,0,0.006,0.0,0.0,0.0,0,0,0,0,0.0,0.0,0.0,576,0,0,0,1,2,1,1,1,1,0,0,0,8,1,0,DoS,1,9,Worms
57088,2e-06,udp,-,INT,2,0,168,0,500000.0013,254,0,336000000.0,0.0,0,0,0.002,0.0,0.0,0.0,0,0,0,0,0.0,0.0,0.0,84,0,0,0,1,2,1,1,1,1,0,0,0,2,1,0,Reconnaissance,1,3,Exploits
60396,1e-05,udp,dns,INT,2,0,114,0,100000.0025,254,0,45600000.0,0.0,0,0,0.01,0.0,0.0,0.0,0,0,0,0,0.0,0.0,0.0,57,0,0,0,8,2,3,3,3,3,0,0,0,3,8,0,Generic,1,3,Exploits
28584,0.020008,tcp,-,FIN,44,46,2766,24004,4448.220798,31,29,1081167.5,9389444.0,7,16,0.457605,0.432778,0.0,28.576431,255,1290156441,1297111372,255,0.000679,0.000529,0.00015,63,522,0,0,1,0,2,1,1,1,0,0,0,2,5,0,Normal,0,3,Exploits
69822,0.312111,tcp,-,CON,6,2,1012,86,22.427919,62,252,21633.33008,1102.171997,2,1,62.4222,0.009,3626.523113,0.0,255,1332487621,193072068,255,0.248441,0.155652,0.092789,169,43,0,0,5,3,3,3,1,4,0,0,0,4,5,0,Normal,0,3,Exploits
11190,9e-06,udp,-,INT,2,0,168,0,111111.1072,254,0,74666664.0,0.0,0,0,0.009,0.0,0.0,0.0,0,0,0,0,0.0,0.0,0.0,84,0,0,0,5,2,2,1,1,4,0,0,0,2,2,0,Reconnaissance,1,3,Exploits
35599,0.226346,tcp,ftp-data,FIN,14,6,8928,320,83.942283,31,29,293038.0938,9436.879883,4,1,17.411231,45.14,1579.39562,67.223766,255,2002972635,243673005,255,0.00065,0.000515,0.000135,638,53,0,0,3,0,7,1,1,4,0,0,0,7,9,0,Normal,0,3,Exploits
20263,9e-06,udp,dns,INT,2,0,114,0,111111.1072,254,0,50666664.0,0.0,0,0,0.009,0.0,0.0,0.0,0,0,0,0,0.0,0.0,0.0,57,0,0,0,36,2,11,11,11,36,0,0,0,11,36,0,Generic,1,3,Exploits
32983,0.001047,udp,dns,CON,2,2,146,178,2865.329359,31,29,557784.125,680038.1875,0,0,0.011,0.002,0.0,0.0,0,0,0,0,0.0,0.0,0.0,73,89,0,0,3,0,2,1,1,1,0,0,0,1,2,0,Normal,0,3,Exploits
36519,0.070722,tcp,-,FIN,46,48,2854,30622,1315.008082,31,29,315828.1875,3391872.5,7,17,1.564356,1.492809,91.099997,89.26766,255,4287832787,2177962651,255,0.000706,0.000553,0.000153,62,638,0,0,5,0,3,1,1,1,0,0,0,2,4,0,Normal,0,3,Exploits
59114,1.1e-05,unas,-,INT,2,0,200,0,100000.0025,254,0,80000000.0,0.0,0,0,0.01,0.0,0.0,0.0,0,0,0,0,0.0,0.0,0.0,100,0,0,0,12,2,4,4,4,4,0,0,0,11,12,0,DoS,1,3,Exploits
50811,4e-06,udp,dns,INT,2,0,114,0,250000.0006,254,0,114000000.0,0.0,0,0,0.004,0.0,0.0,0.0,0,0,0,0,0.0,0.0,0.0,57,0,0,0,10,2,4,4,4,4,0,0,0,4,10,0,Generic,1,3,Exploits
48140,1.3e-05,udp,-,INT,2,0,2982,0,76923.07779,254,0,917538496.0,0.0,0,0,0.013,0.0,0.0,0.0,0,0,0,0,0.0,0.0,0.0,1491,0,0,0,2,2,1,1,1,1,0,0,0,2,2,0,Fuzzers,1,9,Worms
21045,2e-06,udp,dns,INT,2,0,114,0,500000.0013,254,0,228000000.0,0.0,0,0,0.002,0.0,0.0,0.0,0,0,0,0,0.0,0.0,0.0,57,0,0,0,21,2,10,10,10,21,0,0,0,10,21,0,Generic,1,3,Exploits
14001,8e-06,udp,dns,INT,2,0,114,0,125000.0003,254,0,57000000.0,0.0,0,0,0.008,0.0,0.0,0.0,0,0,0,0,0.0,0.0,0.0,57,0,0,0,28,2,18,18,18,28,0,0,0,18,28,0,Generic,1,3,Exploits
46782,0.232539,tcp,-,FIN,20,8,17286,354,116.109557,254,252,564963.3125,10664.87793,7,1,11.432263,29.142,851.60211,49.973176,255,2512716272,3099497663,255,0.081934,0.028541,0.053393,864,44,0,0,9,1,3,2,1,2,0,0,0,2,10,0,Fuzzers,1,3,Exploits
61194,0.404055,tcp,-,FIN,10,6,638,268,37.123659,254,252,11384.58887,4435.039551,2,1,41.524667,69.743797,2270.266013,97.268867,255,357345935,2762806496,255,0.181259,0.055325,0.125934,64,45,0,0,1,1,1,1,1,1,0,0,0,4,1,0,Shellcode,1,3,Exploits
13213,3e-06,udp,dns,INT,2,0,114,0,333333.3215,254,0,152000000.0,0.0,0,0,0.003,0.0,0.0,0.0,0,0,0,0,0.0,0.0,0.0,57,0,0,0,43,2,43,43,18,43,0,0,0,43,44,0,Generic,1,3,Exploits
64557,1.1e-05,udp,-,INT,2,0,168,0,90909.0902,254,0,61090908.0,0.0,0,0,0.011,0.0,0.0,0.0,0,0,0,0,0.0,0.0,0.0,84,0,0,0,4,2,1,1,1,1,0,0,0,2,1,0,Reconnaissance,1,3,Exploits
75219,9e-06,tcp,-,REQ,2,0,90,0,111111.1072,254,0,40000000.0,0.0,1,0,0.009,0.0,0.0,0.0,255,0,0,0,0.0,0.0,0.0,45,0,0,0,6,6,18,1,1,35,0,0,0,18,4,0,Normal,0,3,Exploits
74364,1.055137,tcp,-,FIN,10,8,534,354,16.111651,254,252,3646.919678,2350.405518,2,1,114.613889,141.020719,8315.166303,198.138141,255,3955893670,3842726429,255,0.171998,0.067989,0.104009,53,44,0,0,3,1,2,2,1,3,0,0,0,2,3,0,Normal,0,3,Exploits
24037,0.001491,udp,-,CON,2,2,146,178,2012.072509,31,29,391683.4375,477531.875,0,0,0.011,0.002,0.0,0.0,0,0,0,0,0.0,0.0,0.0,73,89,0,0,12,0,4,1,1,1,0,0,0,1,8,0,Normal,0,3,Exploits
47771,0.017492,udp,-,CON,2,2,168,112,171.506974,254,60,38417.5625,25611.70898,0,0,0.004,0.008,0.0,0.0,0,0,0,0,0.0,0.0,0.0,84,56,0,0,2,3,2,1,1,2,0,0,0,2,2,0,Exploits,1,3,Exploits
39150,0.032921,tcp,-,FIN,72,74,4238,63878,4404.483284,31,29,1015765.0,15313021.0,7,30,0.458915,0.439315,25.072545,24.613719,255,2970409694,2970839420,255,0.000982,0.000843,0.000139,59,863,0,0,3,0,4,1,1,2,0,0,0,2,7,0,Normal,0,3,Exploits
77050,1.143684,tcp,-,FIN,16,10,970,556,21.859184,254,252,6365.394531,3504.464355,5,3,73.579736,112.518,3688.049241,148.475141,255,604093731,2668060847,255,0.210096,0.131019,0.079077,61,56,0,0,1,1,1,1,1,31,0,0,0,1,1,0,Normal,0,3,Exploits
19474,8e-06,udp,dns,INT,2,0,114,0,125000.0003,254,0,57000000.0,0.0,0,0,0.008,0.0,0.0,0.0,0,0,0,0,0.0,0.0,0.0,57,0,0,0,25,2,25,25,25,25,0,0,0,26,25,0,Generic,1,3,Exploits
49359,1e-06,rdp,-,INT,2,0,200,0,1000000.003,254,0,800000000.0,0.0,0,0,0.001,0.0,0.0,0.0,0,0,0,0,0.0,0.0,0.0,100,0,0,0,21,2,4,4,4,4,0,0,0,6,16,0,DoS,1,3,Exploits
75611,9e-06,udp,-,INT,2,0,234,0,111111.1072,254,0,104000000.0,0.0,0,0,0.009,0.0,0.0,0.0,0,0,0,0,0.0,0.0,0.0,117,0,0,0,3,2,2,2,1,3,0,0,0,3,3,0,Normal,0,3,Exploits
17827,8e-06,udp,dns,INT,2,0,114,0,125000.0003,254,0,57000000.0,0.0,0,0,0.008,0.0,0.0,0.0,0,0,0,0,0.0,0.0,0.0,57,0,0,0,26,2,26,26,17,26,0,0,0,26,26,0,Generic,1,3,Exploits
23946,0.001102,udp,-,CON,2,2,146,178,2722.323026,31,29,529945.5625,646098.0,0,0,0.009,0.005,0.0,0.0,0,0,0,0,0.0,0.0,0.0,73,89,0,0,6,0,2,1,1,1,0,0,0,2,7,0,Normal,0,3,Exploits
32651,0.009986,tcp,-,FIN,36,38,2334,16290,7310.234229,31,29,1818546.0,12707390.0,7,12,0.276229,0.255027,17.700545,16.318206,255,2673610737,528527124,255,0.000663,0.000539,0.000124,65,429,0,0,7,0,2,1,1,1,0,0,0,2,5,0,Normal,0,3,Exploits
61172,1.1e-05,udp,dns,INT,2,0,114,0,90909.0902,254,0,41454544.0,0.0,0,0,0.011,0.0,0.0,0.0,0,0,0,0,0.0,0.0,0.0,57,0,0,0,18,2,3,3,3,3,0,0,0,3,18,0,Generic,1,3,Exploits
72430,0.608148,tcp,-,FIN,10,6,524,268,24.66505,254,252,6209.015137,2946.651367,2,1,63.981444,104.878398,3536.720596,163.993109,255,1720857254,3275557824,255,0.195575,0.083748,0.111827,52,45,0,0,6,1,3,3,1,7,0,0,0,4,6,0,Normal,0,3,Exploits
74841,1e-05,tcp,-,REQ,2,0,90,0,100000.0025,254,0,36000000.0,0.0,1,0,0.01,0.0,0.0,0.0,255,0,0,0,0.0,0.0,0.0,45,0,0,0,9,6,11,1,1,39,0,0,0,11,7,0,Normal,0,3,Exploits
37254,0.042339,tcp,smtp,FIN,52,42,37228,3380,2196.556322,31,29,6899171.0,623538.5625,18,8,0.823059,1.021366,52.479733,2.202027,255,3838420912,1693991535,255,0.000601,0.000459,0.000142,716,80,0,0,2,0,4,1,1,1,0,0,0,5,2,0,Normal,0,3,Exploits
81246,1.03721,tcp,-,FIN,14,10,774,556,22.174873,254,252,5545.646484,3864.212646,4,3,76.316844,109.091555,4329.162797,181.20475,255,3475478969,730071207,255,0.126885,0.055378,0.071507,55,56,0,0,2,1,1,1,1,2,0,0,0,3,2,0,Normal,0,3,Exploits
25469,1.006733,tcp,http,FIN,14,18,1684,10168,30.792675,31,29,12428.32129,76318.15625,3,5,77.414464,59.188059,8764.641311,7675.31868,255,3478480899,1334203842,255,0.000668,0.000532,0.000136,120,565,1,3924,2,0,2,1,1,1,0,0,1,1,2,0,Normal,0,3,Exploits
9684,58.422138,ospf,-,REQ,56,0,15232,0,0.941424,254,0,2048.538574,0.0,0,0,1082.539125,0.0,1248.91725,0.0,0,0,0,0,0.0,0.0,0.0,272,0,0,0,1,6,6,1,1,2,0,0,0,3,1,0,Exploits,1,3,Exploits
